# 3ds Max Wavefront OBJ Exporter v0.97b - (c)2007 guruware
# ´´½¨µÄÎÄ¼ş:04.10.2021 20:11:53

mtllib 100.mtl

#
# object Cone001
#

v  0.0000 0.0000 -60.8748
v  -15.7555 0.0000 -58.8005
v  -14.6768 7.5917 -54.7745
v  0.0000 7.5917 -56.7068
v  -30.4374 0.0000 -52.7191
v  -28.3534 7.5917 -49.1095
v  -43.0449 0.0000 -43.0450
v  -40.0977 7.5917 -40.0977
v  -52.7191 0.0000 -30.4374
v  -49.1095 7.5917 -28.3534
v  -58.8005 0.0000 -15.7556
v  -54.7745 7.5917 -14.6768
v  -60.8748 0.0000 -0.0000
v  -56.7068 7.5917 -0.0000
v  -58.8005 0.0000 15.7555
v  -54.7745 7.5917 14.6768
v  -52.7191 0.0000 30.4374
v  -49.1095 7.5917 28.3534
v  -43.0450 0.0000 43.0449
v  -40.0978 7.5917 40.0977
v  -30.4374 0.0000 52.7191
v  -28.3534 7.5917 49.1095
v  -15.7556 0.0000 58.8005
v  -14.6768 7.5917 54.7745
v  -0.0000 0.0000 60.8748
v  -0.0000 7.5917 56.7068
v  -13.5980 15.1835 -50.7485
v  0.0000 15.1835 -52.5387
v  -26.2694 15.1835 -45.4999
v  -37.1505 15.1835 -37.1505
v  -45.4999 15.1835 -26.2694
v  -50.7485 15.1835 -13.5980
v  -52.5387 15.1835 -0.0000
v  -50.7485 15.1835 13.5980
v  -45.4999 15.1835 26.2694
v  -37.1505 15.1835 37.1505
v  -26.2694 15.1835 45.4999
v  -13.5980 15.1835 50.7485
v  -0.0000 15.1835 52.5387
v  -12.5193 22.7752 -46.7226
v  0.0000 22.7752 -48.3707
v  -24.1854 22.7752 -41.8903
v  -34.2033 22.7752 -34.2033
v  -41.8903 22.7752 -24.1854
v  -46.7225 22.7752 -12.5193
v  -48.3707 22.7752 -0.0000
v  -46.7226 22.7752 12.5192
v  -41.8903 22.7752 24.1854
v  -34.2033 22.7752 34.2033
v  -24.1854 22.7752 41.8903
v  -12.5193 22.7752 46.7225
v  -0.0000 22.7752 48.3707
v  -11.4405 30.3669 -42.6966
v  0.0000 30.3669 -44.2027
v  -22.1014 30.3669 -38.2807
v  -31.2560 30.3669 -31.2561
v  -38.2807 30.3669 -22.1014
v  -42.6966 30.3669 -11.4405
v  -44.2027 30.3669 -0.0000
v  -42.6966 30.3669 11.4405
v  -38.2807 30.3669 22.1013
v  -31.2561 30.3669 31.2560
v  -22.1014 30.3669 38.2807
v  -11.4405 30.3669 42.6966
v  -0.0000 30.3669 44.2027
v  -10.3617 37.9586 -38.6706
v  0.0000 37.9586 -40.0347
v  -20.0174 37.9586 -34.6711
v  -28.3088 37.9586 -28.3088
v  -34.6711 37.9586 -20.0174
v  -38.6706 37.9586 -10.3618
v  -40.0347 37.9586 -0.0000
v  -38.6706 37.9586 10.3617
v  -34.6711 37.9586 20.0173
v  -28.3088 37.9586 28.3088
v  -20.0174 37.9586 34.6711
v  -10.3618 37.9586 38.6706
v  -0.0000 37.9586 40.0347
# 78 vertices

vn -0.1146 0.4781 -0.8708
vn -0.2269 0.4813 -0.8467
vn -0.4383 0.4813 -0.7591
vn -0.6198 0.4813 -0.6198
vn -0.7591 0.4813 -0.4383
vn -0.8467 0.4813 -0.2269
vn -0.8766 0.4813 -0.0000
vn -0.8467 0.4813 0.2269
vn -0.7591 0.4813 0.4383
vn -0.6198 0.4813 0.6198
vn -0.4383 0.4813 0.7591
vn -0.2269 0.4813 0.8467
vn -0.1146 0.4781 0.8708
# 13 vertex normals

vt 0.0000 0.0000 1.0000
vt 0.0417 0.0000 1.0000
vt 0.0417 0.2000 0.9315
vt 0.0000 0.2000 0.9315
vt 0.0833 0.0000 1.0000
vt 0.0833 0.2000 0.9315
vt 0.1250 0.0000 1.0000
vt 0.1250 0.2000 0.9315
vt 0.1667 0.0000 1.0000
vt 0.1667 0.2000 0.9315
vt 0.2083 0.0000 1.0000
vt 0.2083 0.2000 0.9315
vt 0.2500 0.0000 1.0000
vt 0.2500 0.2000 0.9315
vt 0.2917 0.0000 1.0000
vt 0.2917 0.2000 0.9315
vt 0.3333 0.0000 1.0000
vt 0.3333 0.2000 0.9315
vt 0.3750 0.0000 1.0000
vt 0.3750 0.2000 0.9315
vt 0.4167 0.0000 1.0000
vt 0.4167 0.2000 0.9315
vt 0.4583 0.0000 1.0000
vt 0.4583 0.2000 0.9315
vt 0.5000 0.0000 1.0000
vt 0.5000 0.2000 0.9315
vt 0.0417 0.4000 0.8631
vt 0.0000 0.4000 0.8631
vt 0.0833 0.4000 0.8631
vt 0.1250 0.4000 0.8631
vt 0.1667 0.4000 0.8631
vt 0.2083 0.4000 0.8631
vt 0.2500 0.4000 0.8631
vt 0.2917 0.4000 0.8631
vt 0.3333 0.4000 0.8631
vt 0.3750 0.4000 0.8631
vt 0.4167 0.4000 0.8631
vt 0.4583 0.4000 0.8631
vt 0.5000 0.4000 0.8631
vt 0.0417 0.6000 0.7946
vt 0.0000 0.6000 0.7946
vt 0.0833 0.6000 0.7946
vt 0.1250 0.6000 0.7946
vt 0.1667 0.6000 0.7946
vt 0.2083 0.6000 0.7946
vt 0.2500 0.6000 0.7946
vt 0.2917 0.6000 0.7946
vt 0.3333 0.6000 0.7946
vt 0.3750 0.6000 0.7946
vt 0.4167 0.6000 0.7946
vt 0.4583 0.6000 0.7946
vt 0.5000 0.6000 0.7946
vt 0.0417 0.8000 0.7261
vt 0.0000 0.8000 0.7261
vt 0.0833 0.8000 0.7261
vt 0.1250 0.8000 0.7261
vt 0.1667 0.8000 0.7261
vt 0.2083 0.8000 0.7261
vt 0.2500 0.8000 0.7261
vt 0.2917 0.8000 0.7261
vt 0.3333 0.8000 0.7261
vt 0.3750 0.8000 0.7261
vt 0.4167 0.8000 0.7261
vt 0.4583 0.8000 0.7261
vt 0.5000 0.8000 0.7261
vt 0.0417 1.0000 0.6577
vt 0.0000 1.0000 0.6577
vt 0.0833 1.0000 0.6577
vt 0.1250 1.0000 0.6577
vt 0.1667 1.0000 0.6577
vt 0.2083 1.0000 0.6577
vt 0.2500 1.0000 0.6577
vt 0.2917 1.0000 0.6577
vt 0.3333 1.0000 0.6577
vt 0.3750 1.0000 0.6577
vt 0.4167 1.0000 0.6577
vt 0.4583 1.0000 0.6577
vt 0.5000 1.0000 0.6577
# 78 texture coords

o Cone001
g Cone001
usemtl wire_166229229
s 8
f 1/1/1 2/2/2 3/3/2 4/4/1 
f 2/2/2 5/5/3 6/6/3 3/3/2 
f 5/5/3 7/7/4 8/8/4 6/6/3 
f 7/7/4 9/9/5 10/10/5 8/8/4 
f 9/9/5 11/11/6 12/12/6 10/10/5 
f 11/11/6 13/13/7 14/14/7 12/12/6 
f 13/13/7 15/15/8 16/16/8 14/14/7 
f 15/15/8 17/17/9 18/18/9 16/16/8 
f 17/17/9 19/19/10 20/20/10 18/18/9 
f 19/19/10 21/21/11 22/22/11 20/20/10 
f 21/21/11 23/23/12 24/24/12 22/22/11 
f 23/23/12 25/25/13 26/26/13 24/24/12 
f 4/4/1 3/3/2 27/27/2 28/28/1 
f 3/3/2 6/6/3 29/29/3 27/27/2 
f 6/6/3 8/8/4 30/30/4 29/29/3 
f 8/8/4 10/10/5 31/31/5 30/30/4 
f 10/10/5 12/12/6 32/32/6 31/31/5 
f 12/12/6 14/14/7 33/33/7 32/32/6 
f 14/14/7 16/16/8 34/34/8 33/33/7 
f 16/16/8 18/18/9 35/35/9 34/34/8 
f 18/18/9 20/20/10 36/36/10 35/35/9 
f 20/20/10 22/22/11 37/37/11 36/36/10 
f 22/22/11 24/24/12 38/38/12 37/37/11 
f 24/24/12 26/26/13 39/39/13 38/38/12 
f 28/28/1 27/27/2 40/40/2 41/41/1 
f 27/27/2 29/29/3 42/42/3 40/40/2 
f 29/29/3 30/30/4 43/43/4 42/42/3 
f 30/30/4 31/31/5 44/44/5 43/43/4 
f 31/31/5 32/32/6 45/45/6 44/44/5 
f 32/32/6 33/33/7 46/46/7 45/45/6 
f 33/33/7 34/34/8 47/47/8 46/46/7 
f 34/34/8 35/35/9 48/48/9 47/47/8 
f 35/35/9 36/36/10 49/49/10 48/48/9 
f 36/36/10 37/37/11 50/50/11 49/49/10 
f 37/37/11 38/38/12 51/51/12 50/50/11 
f 38/38/12 39/39/13 52/52/13 51/51/12 
f 41/41/1 40/40/2 53/53/2 54/54/1 
f 40/40/2 42/42/3 55/55/3 53/53/2 
f 42/42/3 43/43/4 56/56/4 55/55/3 
f 43/43/4 44/44/5 57/57/5 56/56/4 
f 44/44/5 45/45/6 58/58/6 57/57/5 
f 45/45/6 46/46/7 59/59/7 58/58/6 
f 46/46/7 47/47/8 60/60/8 59/59/7 
f 47/47/8 48/48/9 61/61/9 60/60/8 
f 48/48/9 49/49/10 62/62/10 61/61/9 
f 49/49/10 50/50/11 63/63/11 62/62/10 
f 50/50/11 51/51/12 64/64/12 63/63/11 
f 51/51/12 52/52/13 65/65/13 64/64/12 
f 54/54/1 53/53/2 66/66/2 67/67/1 
f 53/53/2 55/55/3 68/68/3 66/66/2 
f 55/55/3 56/56/4 69/69/4 68/68/3 
f 56/56/4 57/57/5 70/70/5 69/69/4 
f 57/57/5 58/58/6 71/71/6 70/70/5 
f 58/58/6 59/59/7 72/72/7 71/71/6 
f 59/59/7 60/60/8 73/73/8 72/72/7 
f 60/60/8 61/61/9 74/74/9 73/73/8 
f 61/61/9 62/62/10 75/75/10 74/74/9 
f 62/62/10 63/63/11 76/76/11 75/75/10 
f 63/63/11 64/64/12 77/77/12 76/76/11 
f 64/64/12 65/65/13 78/78/13 77/77/12 
# 60 polygons

#
# object Cone003
#

v  28.2567 20.0000 7.5714
v  25.3342 20.0000 14.6268
v  20.6853 20.0000 20.6853
v  14.6267 20.0000 25.3343
v  7.5713 20.0000 28.2567
v  -0.0000 20.0000 29.2535
v  -7.5714 20.0000 28.2567
v  -14.6267 20.0000 25.3342
v  -20.6853 20.0000 20.6853
v  -25.3343 20.0000 14.6267
v  -28.2567 20.0000 7.5713
v  -29.2535 20.0000 -0.0000
v  -28.2567 20.0000 -7.5714
v  -25.3342 20.0000 -14.6267
v  -20.6853 20.0000 -20.6853
v  -14.6267 20.0000 -25.3343
v  -7.5714 20.0000 -28.2567
v  0.0000 20.0000 -29.2535
v  7.5714 20.0000 -28.2567
v  14.6267 20.0000 -25.3342
v  20.6853 20.0000 -20.6853
v  25.3342 20.0000 -14.6267
v  28.2567 20.0000 -7.5714
v  29.2535 20.0000 -0.0000
# 24 vertices

vn 0.0000 -1.0000 -0.0000
# 1 vertex normals

vt 0.2787 0.0000 -0.1317
vt 0.1676 0.0000 -0.3860
vt 0.0792 0.0000 -0.6140
vt 0.0194 0.0000 -0.8002
vt -0.0076 0.0000 -0.9319
vt -0.0000 0.0000 -1.0000
vt 0.0417 0.0000 -1.0000
vt 0.1146 0.0000 -0.9319
vt 0.2137 0.0000 -0.8002
vt 0.3324 0.0000 -0.6140
vt 0.4625 0.0000 -0.3860
vt 0.5952 0.0000 -0.1317
vt 0.7213 0.0000 0.1317
vt 0.8324 0.0000 0.3860
vt 0.9208 0.0000 0.6140
vt 0.9806 0.0000 0.8002
vt 1.0076 0.0000 0.9319
vt 1.0000 0.0000 1.0000
vt 0.9583 0.0000 1.0000
vt 0.9167 0.0000 1.0000
vt 0.8750 0.0000 1.0000
vt 0.8333 0.0000 1.0000
vt 0.7917 0.0000 1.0000
vt 0.7500 0.0000 1.0000
# 24 texture coords

o Cone003
g Cone003
usemtl wire_135110008
s 1
f 79/79/14 80/80/14 81/81/14 82/82/14 83/83/14 84/84/14 85/85/14 86/86/14 87/87/14 88/88/14 89/89/14 90/90/14 91/91/14 92/92/14 93/93/14 94/94/14 95/95/14 96/96/14 97/97/14 98/98/14 99/99/14 100/100/14 101/101/14 102/102/14 
# 1 polygons

#
# object Cylinder001
#

v  0.0000 189.6747 0.0000
v  2.8858 189.6747 -2.4215
v  3.5399 189.6747 -1.2884
v  3.7671 189.6747 0.0000
v  0.6542 189.6747 -3.7099
v  1.8836 189.6747 -3.2624
v  -1.8836 189.6747 -3.2624
v  -0.6542 189.6747 -3.7099
v  -3.5399 189.6747 -1.2884
v  -2.8858 189.6747 -2.4215
v  -3.5399 189.6747 1.2884
v  -3.7671 189.6747 0.0000
v  -1.8836 189.6747 3.2624
v  -2.8858 189.6747 2.4215
v  0.6542 189.6747 3.7099
v  -0.6542 189.6747 3.7099
v  2.8858 189.6747 2.4215
v  1.8836 189.6747 3.2624
v  3.5399 189.6747 1.2884
v  3.5399 205.2596 -1.2884
v  3.7671 205.2596 0.0000
v  2.8858 205.2596 -2.4215
v  1.8836 205.2596 -3.2624
v  0.6542 205.2596 -3.7099
v  -0.6542 205.2596 -3.7099
v  -1.8836 205.2596 -3.2624
v  -2.8858 205.2596 -2.4215
v  -3.5399 205.2596 -1.2884
v  -3.7671 205.2596 0.0000
v  -3.5399 205.2596 1.2884
v  -2.8858 205.2596 2.4215
v  -1.8836 205.2596 3.2624
v  -0.6542 205.2596 3.7099
v  0.6542 205.2596 3.7099
v  1.8836 205.2596 3.2624
v  2.8858 205.2596 2.4215
v  3.5399 205.2596 1.2884
v  3.5399 220.8445 -1.2884
v  3.7671 220.8445 0.0000
v  2.8858 220.8445 -2.4215
v  1.8836 220.8445 -3.2624
v  0.6542 220.8445 -3.7099
v  -0.6542 220.8445 -3.7099
v  -1.8836 220.8445 -3.2624
v  -2.8858 220.8445 -2.4215
v  -3.5399 220.8445 -1.2884
v  -3.7671 220.8445 0.0000
v  -3.5399 220.8445 1.2884
v  -2.8858 220.8445 2.4215
v  -1.8836 220.8445 3.2624
v  -0.6542 220.8445 3.7099
v  0.6542 220.8445 3.7099
v  1.8836 220.8445 3.2624
v  2.8858 220.8445 2.4215
v  3.5399 220.8445 1.2884
v  3.5399 236.4294 -1.2884
v  3.7671 236.4294 0.0000
v  2.8858 236.4294 -2.4215
v  1.8836 236.4294 -3.2624
v  0.6542 236.4294 -3.7099
v  -0.6542 236.4294 -3.7099
v  -1.8836 236.4294 -3.2624
v  -2.8858 236.4294 -2.4215
v  -3.5399 236.4294 -1.2884
v  -3.7671 236.4294 0.0000
v  -3.5399 236.4294 1.2884
v  -2.8858 236.4294 2.4215
v  -1.8836 236.4294 3.2624
v  -0.6542 236.4294 3.7099
v  0.6542 236.4294 3.7099
v  1.8836 236.4294 3.2624
v  2.8858 236.4294 2.4215
v  3.5399 236.4294 1.2884
v  3.5399 252.0143 -1.2884
v  3.7671 252.0143 0.0000
v  2.8858 252.0143 -2.4215
v  1.8836 252.0143 -3.2624
v  0.6542 252.0143 -3.7099
v  -0.6542 252.0143 -3.7099
v  -1.8836 252.0143 -3.2624
v  -2.8858 252.0143 -2.4215
v  -3.5399 252.0143 -1.2884
v  -3.7671 252.0143 0.0000
v  -3.5399 252.0143 1.2884
v  -2.8858 252.0143 2.4215
v  -1.8836 252.0143 3.2624
v  -0.6542 252.0143 3.7099
v  0.6542 252.0143 3.7099
v  1.8836 252.0143 3.2624
v  2.8858 252.0143 2.4215
v  3.5399 252.0143 1.2884
v  3.5399 267.5992 -1.2884
v  3.7671 267.5992 0.0000
v  2.8858 267.5992 -2.4215
v  1.8836 267.5992 -3.2624
v  0.6542 267.5992 -3.7099
v  -0.6542 267.5992 -3.7099
v  -1.8836 267.5992 -3.2624
v  -2.8858 267.5992 -2.4215
v  -3.5399 267.5992 -1.2884
v  -3.7671 267.5992 0.0000
v  -3.5399 267.5992 1.2884
v  -2.8858 267.5992 2.4215
v  -1.8836 267.5992 3.2624
v  -0.6542 267.5992 3.7099
v  0.6542 267.5992 3.7099
v  1.8836 267.5992 3.2624
v  2.8858 267.5992 2.4215
v  3.5399 267.5992 1.2884
v  0.0000 267.5992 0.0000
# 110 vertices

vn 0.0000 -1.0000 -0.0000
vn 0.5687 -0.6700 -0.4772
vn 0.6975 -0.6701 -0.2539
vn 0.7423 -0.6701 0.0000
vn 0.1289 -0.6701 -0.7310
vn 0.3712 -0.6701 -0.6428
vn -0.3711 -0.6701 -0.6429
vn -0.1289 -0.6700 -0.7311
vn -0.6976 -0.6700 -0.2539
vn -0.5686 -0.6701 -0.4771
vn -0.6976 -0.6700 0.2539
vn -0.7423 -0.6700 -0.0000
vn -0.3712 -0.6700 0.6429
vn -0.5687 -0.6700 0.4772
vn 0.1289 -0.6700 0.7311
vn -0.1289 -0.6700 0.7311
vn 0.5687 -0.6700 0.4772
vn 0.3712 -0.6700 0.6429
vn 0.6976 -0.6700 0.2539
vn 0.9397 0.0000 -0.3420
vn 1.0000 0.0000 0.0000
vn 0.7660 0.0000 -0.6428
vn 0.5000 0.0000 -0.8660
vn 0.1736 0.0000 -0.9848
vn -0.1736 0.0000 -0.9848
vn -0.5000 0.0000 -0.8660
vn -0.7661 0.0000 -0.6428
vn -0.9397 0.0000 -0.3420
vn -1.0000 0.0000 -0.0000
vn -0.9397 0.0000 0.3420
vn -0.7660 0.0000 0.6428
vn -0.5000 0.0000 0.8660
vn -0.1736 0.0000 0.9848
vn 0.1736 0.0000 0.9848
vn 0.5000 0.0000 0.8660
vn 0.7660 0.0000 0.6428
vn 0.9397 0.0000 0.3420
vn 0.6975 0.6701 -0.2539
vn 0.7423 0.6701 0.0000
vn 0.5687 0.6700 -0.4772
vn 0.3712 0.6701 -0.6428
vn 0.1289 0.6701 -0.7310
vn -0.1289 0.6700 -0.7311
vn -0.3711 0.6701 -0.6429
vn -0.5686 0.6701 -0.4771
vn -0.6976 0.6700 -0.2539
vn -0.7423 0.6700 -0.0000
vn -0.6976 0.6700 0.2539
vn -0.5687 0.6700 0.4772
vn -0.3712 0.6700 0.6429
vn -0.1289 0.6700 0.7311
vn 0.1289 0.6700 0.7311
vn 0.3712 0.6700 0.6429
vn 0.5687 0.6700 0.4772
vn 0.6976 0.6700 0.2539
vn 0.0000 1.0000 -0.0000
# 56 vertex normals

vt 0.5000 0.0000 0.0000
vt 0.8611 0.0000 1.0000
vt 0.8056 0.0000 1.0000
vt 0.7500 0.0000 1.0000
vt 0.9722 0.0000 1.0000
vt 0.9167 0.0000 1.0000
vt 0.0833 0.0000 1.0000
vt 0.0278 0.0000 1.0000
vt -0.0278 0.0000 1.0000
vt 0.1944 0.0000 1.0000
vt 0.1389 0.0000 1.0000
vt 0.3056 0.0000 1.0000
vt 0.2500 0.0000 1.0000
vt 0.4167 0.0000 1.0000
vt 0.3611 0.0000 1.0000
vt 0.5278 0.0000 1.0000
vt 0.4722 0.0000 1.0000
vt 0.6389 0.0000 1.0000
vt 0.5833 0.0000 1.0000
vt 0.6944 0.0000 1.0000
vt 0.8056 0.2000 1.0000
vt 0.7500 0.2000 1.0000
vt 0.8611 0.2000 1.0000
vt 0.9167 0.2000 1.0000
vt 0.9722 0.2000 1.0000
vt 0.0278 0.2000 1.0000
vt -0.0278 0.2000 1.0000
vt 0.0833 0.2000 1.0000
vt 0.1389 0.2000 1.0000
vt 0.1944 0.2000 1.0000
vt 0.2500 0.2000 1.0000
vt 0.3056 0.2000 1.0000
vt 0.3611 0.2000 1.0000
vt 0.4167 0.2000 1.0000
vt 0.4722 0.2000 1.0000
vt 0.5278 0.2000 1.0000
vt 0.5833 0.2000 1.0000
vt 0.6389 0.2000 1.0000
vt 0.6944 0.2000 1.0000
vt 0.8056 0.4000 1.0000
vt 0.7500 0.4000 1.0000
vt 0.8611 0.4000 1.0000
vt 0.9167 0.4000 1.0000
vt 0.9722 0.4000 1.0000
vt 0.0278 0.4000 1.0000
vt -0.0278 0.4000 1.0000
vt 0.0833 0.4000 1.0000
vt 0.1389 0.4000 1.0000
vt 0.1944 0.4000 1.0000
vt 0.2500 0.4000 1.0000
vt 0.3056 0.4000 1.0000
vt 0.3611 0.4000 1.0000
vt 0.4167 0.4000 1.0000
vt 0.4722 0.4000 1.0000
vt 0.5278 0.4000 1.0000
vt 0.5833 0.4000 1.0000
vt 0.6389 0.4000 1.0000
vt 0.6944 0.4000 1.0000
vt 0.8056 0.6000 1.0000
vt 0.7500 0.6000 1.0000
vt 0.8611 0.6000 1.0000
vt 0.9167 0.6000 1.0000
vt 0.9722 0.6000 1.0000
vt 0.0278 0.6000 1.0000
vt -0.0278 0.6000 1.0000
vt 0.0833 0.6000 1.0000
vt 0.1389 0.6000 1.0000
vt 0.1944 0.6000 1.0000
vt 0.2500 0.6000 1.0000
vt 0.3056 0.6000 1.0000
vt 0.3611 0.6000 1.0000
vt 0.4167 0.6000 1.0000
vt 0.4722 0.6000 1.0000
vt 0.5278 0.6000 1.0000
vt 0.5833 0.6000 1.0000
vt 0.6389 0.6000 1.0000
vt 0.6944 0.6000 1.0000
vt 0.8056 0.8000 1.0000
vt 0.7500 0.8000 1.0000
vt 0.8611 0.8000 1.0000
vt 0.9167 0.8000 1.0000
vt 0.9722 0.8000 1.0000
vt 0.0278 0.8000 1.0000
vt -0.0278 0.8000 1.0000
vt 0.0833 0.8000 1.0000
vt 0.1389 0.8000 1.0000
vt 0.1944 0.8000 1.0000
vt 0.2500 0.8000 1.0000
vt 0.3056 0.8000 1.0000
vt 0.3611 0.8000 1.0000
vt 0.4167 0.8000 1.0000
vt 0.4722 0.8000 1.0000
vt 0.5278 0.8000 1.0000
vt 0.5833 0.8000 1.0000
vt 0.6389 0.8000 1.0000
vt 0.6944 0.8000 1.0000
vt 0.8056 1.0000 1.0000
vt 0.7500 1.0000 1.0000
vt 0.8611 1.0000 1.0000
vt 0.9167 1.0000 1.0000
vt 0.9722 1.0000 1.0000
vt 0.0278 1.0000 1.0000
vt -0.0278 1.0000 1.0000
vt 0.0833 1.0000 1.0000
vt 0.1389 1.0000 1.0000
vt 0.1944 1.0000 1.0000
vt 0.2500 1.0000 1.0000
vt 0.3056 1.0000 1.0000
vt 0.3611 1.0000 1.0000
vt 0.4167 1.0000 1.0000
vt 0.4722 1.0000 1.0000
vt 0.5278 1.0000 1.0000
vt 0.5833 1.0000 1.0000
vt 0.6389 1.0000 1.0000
vt 0.6944 1.0000 1.0000
vt 0.5000 1.0000 0.0000
vt 0.9708 1.0000 0.8794
# 117 texture coords

o Cylinder001
g Cylinder001
usemtl wire_166229229
s 1
f 103/103/15 104/104/16 105/105/17 106/106/18 
f 103/103/15 107/107/19 108/108/20 104/104/16 
f 103/103/15 109/109/21 110/110/22 107/111/19 
f 103/103/15 111/112/23 112/113/24 109/109/21 
f 103/103/15 113/114/25 114/115/26 111/112/23 
f 103/103/15 115/116/27 116/117/28 113/114/25 
f 103/103/15 117/118/29 118/119/30 115/116/27 
f 103/103/15 119/120/31 120/121/32 117/118/29 
f 103/103/15 106/106/18 121/122/33 119/120/31 
s 8
f 106/106/18 105/105/17 122/123/34 123/124/35 
f 105/105/17 104/104/16 124/125/36 122/123/34 
f 104/104/16 108/108/20 125/126/37 124/125/36 
f 108/108/20 107/107/19 126/127/38 125/126/37 
f 107/111/19 110/110/22 127/128/39 126/129/38 
f 110/110/22 109/109/21 128/130/40 127/128/39 
f 109/109/21 112/113/24 129/131/41 128/130/40 
f 112/113/24 111/112/23 130/132/42 129/131/41 
f 111/112/23 114/115/26 131/133/43 130/132/42 
f 114/115/26 113/114/25 132/134/44 131/133/43 
f 113/114/25 116/117/28 133/135/45 132/134/44 
f 116/117/28 115/116/27 134/136/46 133/135/45 
f 115/116/27 118/119/30 135/137/47 134/136/46 
f 118/119/30 117/118/29 136/138/48 135/137/47 
f 117/118/29 120/121/32 137/139/49 136/138/48 
f 120/121/32 119/120/31 138/140/50 137/139/49 
f 119/120/31 121/122/33 139/141/51 138/140/50 
f 121/122/33 106/106/18 123/124/35 139/141/51 
f 123/124/35 122/123/34 140/142/34 141/143/35 
f 122/123/34 124/125/36 142/144/36 140/142/34 
f 124/125/36 125/126/37 143/145/37 142/144/36 
f 125/126/37 126/127/38 144/146/38 143/145/37 
f 126/129/38 127/128/39 145/147/39 144/148/38 
f 127/128/39 128/130/40 146/149/40 145/147/39 
f 128/130/40 129/131/41 147/150/41 146/149/40 
f 129/131/41 130/132/42 148/151/42 147/150/41 
f 130/132/42 131/133/43 149/152/43 148/151/42 
f 131/133/43 132/134/44 150/153/44 149/152/43 
f 132/134/44 133/135/45 151/154/45 150/153/44 
f 133/135/45 134/136/46 152/155/46 151/154/45 
f 134/136/46 135/137/47 153/156/47 152/155/46 
f 135/137/47 136/138/48 154/157/48 153/156/47 
f 136/138/48 137/139/49 155/158/49 154/157/48 
f 137/139/49 138/140/50 156/159/50 155/158/49 
f 138/140/50 139/141/51 157/160/51 156/159/50 
f 139/141/51 123/124/35 141/143/35 157/160/51 
f 141/143/35 140/142/34 158/161/34 159/162/35 
f 140/142/34 142/144/36 160/163/36 158/161/34 
f 142/144/36 143/145/37 161/164/37 160/163/36 
f 143/145/37 144/146/38 162/165/38 161/164/37 
f 144/148/38 145/147/39 163/166/39 162/167/38 
f 145/147/39 146/149/40 164/168/40 163/166/39 
f 146/149/40 147/150/41 165/169/41 164/168/40 
f 147/150/41 148/151/42 166/170/42 165/169/41 
f 148/151/42 149/152/43 167/171/43 166/170/42 
f 149/152/43 150/153/44 168/172/44 167/171/43 
f 150/153/44 151/154/45 169/173/45 168/172/44 
f 151/154/45 152/155/46 170/174/46 169/173/45 
f 152/155/46 153/156/47 171/175/47 170/174/46 
f 153/156/47 154/157/48 172/176/48 171/175/47 
f 154/157/48 155/158/49 173/177/49 172/176/48 
f 155/158/49 156/159/50 174/178/50 173/177/49 
f 156/159/50 157/160/51 175/179/51 174/178/50 
f 157/160/51 141/143/35 159/162/35 175/179/51 
f 159/162/35 158/161/34 176/180/34 177/181/35 
f 158/161/34 160/163/36 178/182/36 176/180/34 
f 160/163/36 161/164/37 179/183/37 178/182/36 
f 161/164/37 162/165/38 180/184/38 179/183/37 
f 162/167/38 163/166/39 181/185/39 180/186/38 
f 163/166/39 164/168/40 182/187/40 181/185/39 
f 164/168/40 165/169/41 183/188/41 182/187/40 
f 165/169/41 166/170/42 184/189/42 183/188/41 
f 166/170/42 167/171/43 185/190/43 184/189/42 
f 167/171/43 168/172/44 186/191/44 185/190/43 
f 168/172/44 169/173/45 187/192/45 186/191/44 
f 169/173/45 170/174/46 188/193/46 187/192/45 
f 170/174/46 171/175/47 189/194/47 188/193/46 
f 171/175/47 172/176/48 190/195/48 189/194/47 
f 172/176/48 173/177/49 191/196/49 190/195/48 
f 173/177/49 174/178/50 192/197/50 191/196/49 
f 174/178/50 175/179/51 193/198/51 192/197/50 
f 175/179/51 159/162/35 177/181/35 193/198/51 
f 177/181/35 176/180/34 194/199/52 195/200/53 
f 176/180/34 178/182/36 196/201/54 194/199/52 
f 178/182/36 179/183/37 197/202/55 196/201/54 
f 179/183/37 180/184/38 198/203/56 197/202/55 
f 180/186/38 181/185/39 199/204/57 198/205/56 
f 181/185/39 182/187/40 200/206/58 199/204/57 
f 182/187/40 183/188/41 201/207/59 200/206/58 
f 183/188/41 184/189/42 202/208/60 201/207/59 
f 184/189/42 185/190/43 203/209/61 202/208/60 
f 185/190/43 186/191/44 204/210/62 203/209/61 
f 186/191/44 187/192/45 205/211/63 204/210/62 
f 187/192/45 188/193/46 206/212/64 205/211/63 
f 188/193/46 189/194/47 207/213/65 206/212/64 
f 189/194/47 190/195/48 208/214/66 207/213/65 
f 190/195/48 191/196/49 209/215/67 208/214/66 
f 191/196/49 192/197/50 210/216/68 209/215/67 
f 192/197/50 193/198/51 211/217/69 210/216/68 
f 193/198/51 177/181/35 195/200/53 211/217/69 
s 1
f 212/218/70 211/217/69 195/200/53 194/199/52 
f 212/218/70 194/199/52 196/201/54 197/202/55 
f 212/218/70 197/202/55 198/203/56 199/219/57 
f 212/218/70 199/204/57 200/206/58 201/207/59 
f 212/218/70 201/207/59 202/208/60 203/209/61 
f 212/218/70 203/209/61 204/210/62 205/211/63 
f 212/218/70 205/211/63 206/212/64 207/213/65 
f 212/218/70 207/213/65 208/214/66 209/215/67 
f 212/218/70 209/215/67 210/216/68 211/217/69 
# 108 polygons

#
# object Sphere001
#

v  0.0000 299.6216 0.0000
v  -0.0000 299.1390 -4.8998
v  -0.9559 299.1390 -4.8057
v  -1.8751 299.1390 -4.5268
v  -2.7222 299.1390 -4.0741
v  -3.4647 299.1390 -3.4647
v  -4.0741 299.1390 -2.7222
v  -4.5268 299.1390 -1.8751
v  -4.8057 299.1390 -0.9559
v  -4.8998 299.1390 0.0000
v  -4.8057 299.1390 0.9559
v  -4.5268 299.1390 1.8751
v  -4.0741 299.1390 2.7222
v  -3.4647 299.1390 3.4647
v  -2.7222 299.1390 4.0741
v  -1.8751 299.1390 4.5269
v  -0.9559 299.1390 4.8057
v  0.0000 299.1390 4.8998
v  0.9559 299.1390 4.8057
v  1.8751 299.1390 4.5268
v  2.7222 299.1390 4.0741
v  3.4647 299.1390 3.4647
v  4.0741 299.1390 2.7222
v  4.5269 299.1390 1.8751
v  4.8057 299.1390 0.9559
v  4.8998 299.1390 -0.0000
v  4.8057 299.1390 -0.9559
v  4.5268 299.1390 -1.8751
v  4.0741 299.1390 -2.7222
v  3.4647 299.1390 -3.4647
v  2.7222 299.1390 -4.0741
v  1.8751 299.1390 -4.5269
v  0.9559 299.1390 -4.8057
v  -0.0000 297.7098 -9.6114
v  -1.8751 297.7098 -9.4267
v  -3.6781 297.7098 -8.8797
v  -5.3398 297.7098 -7.9915
v  -6.7963 297.7098 -6.7963
v  -7.9915 297.7098 -5.3398
v  -8.8797 297.7098 -3.6781
v  -9.4267 297.7098 -1.8751
v  -9.6114 297.7098 0.0000
v  -9.4267 297.7098 1.8751
v  -8.8797 297.7098 3.6781
v  -7.9915 297.7098 5.3398
v  -6.7962 297.7098 6.7963
v  -5.3398 297.7098 7.9916
v  -3.6781 297.7098 8.8797
v  -1.8751 297.7098 9.4267
v  0.0000 297.7098 9.6114
v  1.8751 297.7098 9.4267
v  3.6781 297.7098 8.8797
v  5.3398 297.7098 7.9915
v  6.7963 297.7098 6.7962
v  7.9916 297.7098 5.3398
v  8.8797 297.7098 3.6781
v  9.4267 297.7098 1.8751
v  9.6114 297.7098 -0.0000
v  9.4267 297.7098 -1.8751
v  8.8797 297.7098 -3.6781
v  7.9915 297.7098 -5.3398
v  6.7962 297.7098 -6.7963
v  5.3398 297.7098 -7.9916
v  3.6781 297.7098 -8.8797
v  1.8751 297.7098 -9.4267
v  -0.0000 295.3889 -13.9535
v  -2.7222 295.3889 -13.6854
v  -5.3398 295.3889 -12.8914
v  -7.7522 295.3889 -11.6019
v  -9.8666 295.3889 -9.8666
v  -11.6019 295.3889 -7.7522
v  -12.8914 295.3889 -5.3398
v  -13.6854 295.3889 -2.7222
v  -13.9535 295.3889 0.0000
v  -13.6854 295.3889 2.7222
v  -12.8914 295.3889 5.3398
v  -11.6019 295.3889 7.7522
v  -9.8666 295.3889 9.8666
v  -7.7522 295.3889 11.6019
v  -5.3398 295.3889 12.8914
v  -2.7222 295.3889 13.6854
v  0.0000 295.3889 13.9535
v  2.7222 295.3889 13.6854
v  5.3398 295.3889 12.8914
v  7.7522 295.3889 11.6019
v  9.8666 295.3889 9.8666
v  11.6019 295.3889 7.7521
v  12.8914 295.3889 5.3398
v  13.6854 295.3889 2.7222
v  13.9535 295.3889 -0.0000
v  13.6854 295.3889 -2.7222
v  12.8914 295.3889 -5.3398
v  11.6019 295.3889 -7.7522
v  9.8666 295.3889 -9.8666
v  7.7521 295.3889 -11.6019
v  5.3398 295.3889 -12.8914
v  2.7222 295.3889 -13.6854
v  -0.0000 292.2654 -17.7595
v  -3.4647 292.2654 -17.4182
v  -6.7963 292.2654 -16.4076
v  -9.8666 292.2654 -14.7665
v  -12.5578 292.2654 -12.5578
v  -14.7665 292.2654 -9.8666
v  -16.4076 292.2654 -6.7962
v  -17.4182 292.2654 -3.4647
v  -17.7595 292.2654 0.0000
v  -17.4182 292.2654 3.4647
v  -16.4076 292.2654 6.7963
v  -14.7664 292.2654 9.8666
v  -12.5578 292.2654 12.5578
v  -9.8666 292.2654 14.7665
v  -6.7962 292.2654 16.4076
v  -3.4647 292.2654 17.4182
v  0.0000 292.2654 17.7595
v  3.4647 292.2654 17.4182
v  6.7963 292.2654 16.4076
v  9.8666 292.2654 14.7664
v  12.5579 292.2654 12.5578
v  14.7665 292.2654 9.8666
v  16.4076 292.2654 6.7962
v  17.4182 292.2654 3.4647
v  17.7595 292.2654 -0.0000
v  17.4182 292.2654 -3.4647
v  16.4076 292.2654 -6.7963
v  14.7664 292.2654 -9.8667
v  12.5578 292.2654 -12.5579
v  9.8666 292.2654 -14.7665
v  6.7962 292.2654 -16.4076
v  3.4647 292.2654 -17.4182
v  -0.0000 288.4594 -20.8829
v  -4.0741 288.4594 -20.4817
v  -7.9915 288.4594 -19.2933
v  -11.6019 288.4594 -17.3635
v  -14.7665 288.4594 -14.7665
v  -17.3635 288.4594 -11.6019
v  -19.2933 288.4594 -7.9915
v  -20.4817 288.4594 -4.0741
v  -20.8829 288.4594 0.0000
v  -20.4817 288.4594 4.0741
v  -19.2933 288.4594 7.9916
v  -17.3635 288.4594 11.6019
v  -14.7664 288.4594 14.7665
v  -11.6019 288.4594 17.3635
v  -7.9915 288.4594 19.2933
v  -4.0740 288.4594 20.4817
v  0.0000 288.4594 20.8829
v  4.0741 288.4594 20.4817
v  7.9916 288.4594 19.2933
v  11.6020 288.4594 17.3635
v  14.7665 288.4594 14.7664
v  17.3635 288.4594 11.6019
v  19.2933 288.4594 7.9915
v  20.4817 288.4594 4.0740
v  20.8829 288.4594 -0.0000
v  20.4817 288.4594 -4.0741
v  19.2933 288.4594 -7.9916
v  17.3635 288.4594 -11.6020
v  14.7664 288.4594 -14.7665
v  11.6019 288.4594 -17.3635
v  7.9915 288.4594 -19.2933
v  4.0740 288.4594 -20.4817
v  -0.0000 284.1173 -23.2039
v  -4.5268 284.1173 -22.7580
v  -8.8797 284.1173 -21.4376
v  -12.8914 284.1173 -19.2933
v  -16.4076 284.1173 -16.4076
v  -19.2933 284.1173 -12.8914
v  -21.4376 284.1173 -8.8797
v  -22.7580 284.1173 -4.5268
v  -23.2039 284.1173 0.0000
v  -22.7580 284.1173 4.5269
v  -21.4376 284.1173 8.8797
v  -19.2933 284.1173 12.8914
v  -16.4076 284.1173 16.4076
v  -12.8914 284.1173 19.2933
v  -8.8797 284.1173 21.4376
v  -4.5268 284.1173 22.7580
v  0.0000 284.1173 23.2039
v  4.5269 284.1173 22.7580
v  8.8798 284.1173 21.4376
v  12.8914 284.1173 19.2933
v  16.4076 284.1173 16.4076
v  19.2933 284.1173 12.8913
v  21.4376 284.1173 8.8797
v  22.7580 284.1173 4.5268
v  23.2039 284.1173 -0.0000
v  22.7580 284.1173 -4.5269
v  21.4376 284.1173 -8.8798
v  19.2933 284.1173 -12.8914
v  16.4076 284.1173 -16.4076
v  12.8913 284.1173 -19.2933
v  8.8797 284.1173 -21.4376
v  4.5268 284.1173 -22.7580
v  -0.0000 279.4058 -24.6331
v  -4.8057 279.4058 -24.1598
v  -9.4267 279.4058 -22.7580
v  -13.6854 279.4058 -20.4817
v  -17.4182 279.4058 -17.4182
v  -20.4817 279.4058 -13.6854
v  -22.7580 279.4058 -9.4267
v  -24.1598 279.4058 -4.8057
v  -24.6331 279.4058 0.0000
v  -24.1598 279.4058 4.8057
v  -22.7580 279.4058 9.4267
v  -20.4817 279.4058 13.6854
v  -17.4182 279.4058 17.4182
v  -13.6854 279.4058 20.4817
v  -9.4267 279.4058 22.7580
v  -4.8057 279.4058 24.1598
v  0.0000 279.4058 24.6331
v  4.8057 279.4058 24.1598
v  9.4267 279.4058 22.7580
v  13.6854 279.4058 20.4816
v  17.4182 279.4058 17.4182
v  20.4817 279.4058 13.6854
v  22.7580 279.4058 9.4266
v  24.1598 279.4058 4.8056
v  24.6331 279.4058 -0.0000
v  24.1598 279.4058 -4.8057
v  22.7580 279.4058 -9.4267
v  20.4816 279.4058 -13.6854
v  17.4182 279.4058 -17.4183
v  13.6854 279.4058 -20.4817
v  9.4266 279.4058 -22.7580
v  4.8056 279.4058 -24.1598
v  -0.0000 274.5059 -25.1157
v  -4.8998 274.5059 -24.6331
v  -9.6114 274.5059 -23.2039
v  -13.9535 274.5059 -20.8829
v  -17.7595 274.5059 -17.7595
v  -20.8829 274.5059 -13.9535
v  -23.2039 274.5059 -9.6113
v  -24.6331 274.5059 -4.8998
v  -25.1157 274.5059 0.0000
v  -24.6331 274.5059 4.8998
v  -23.2039 274.5059 9.6114
v  -20.8829 274.5059 13.9535
v  -17.7595 274.5059 17.7595
v  -13.9535 274.5059 20.8829
v  -9.6113 274.5059 23.2039
v  -4.8998 274.5059 24.6331
v  0.0000 274.5059 25.1157
v  4.8999 274.5059 24.6331
v  9.6114 274.5059 23.2038
v  13.9535 274.5059 20.8829
v  17.7595 274.5059 17.7594
v  20.8829 274.5059 13.9535
v  23.2039 274.5059 9.6113
v  24.6331 274.5059 4.8998
v  25.1157 274.5059 -0.0000
v  24.6331 274.5059 -4.8999
v  23.2038 274.5059 -9.6114
v  20.8829 274.5059 -13.9536
v  17.7594 274.5059 -17.7595
v  13.9535 274.5059 -20.8829
v  9.6113 274.5059 -23.2039
v  4.8998 274.5059 -24.6331
v  -0.0000 269.6061 -24.6331
v  -4.8057 269.6061 -24.1598
v  -9.4267 269.6061 -22.7580
v  -13.6854 269.6061 -20.4817
v  -17.4182 269.6061 -17.4182
v  -20.4817 269.6061 -13.6854
v  -22.7580 269.6061 -9.4267
v  -24.1598 269.6061 -4.8057
v  -24.6331 269.6061 0.0000
v  -24.1598 269.6061 4.8057
v  -22.7580 269.6061 9.4267
v  -20.4817 269.6061 13.6854
v  -17.4182 269.6061 17.4182
v  -13.6854 269.6061 20.4817
v  -9.4267 269.6061 22.7580
v  -4.8057 269.6061 24.1598
v  0.0000 269.6061 24.6331
v  4.8057 269.6061 24.1598
v  9.4267 269.6061 22.7580
v  13.6854 269.6061 20.4816
v  17.4182 269.6061 17.4182
v  20.4817 269.6061 13.6854
v  22.7580 269.6061 9.4266
v  24.1598 269.6061 4.8056
v  24.6331 269.6061 -0.0000
v  24.1598 269.6061 -4.8057
v  22.7580 269.6061 -9.4267
v  20.4816 269.6061 -13.6854
v  17.4182 269.6061 -17.4183
v  13.6854 269.6061 -20.4817
v  9.4266 269.6061 -22.7580
v  4.8056 269.6061 -24.1598
v  -0.0000 264.8946 -23.2039
v  -4.5268 264.8946 -22.7580
v  -8.8797 264.8946 -21.4376
v  -12.8914 264.8946 -19.2933
v  -16.4076 264.8946 -16.4076
v  -19.2933 264.8946 -12.8914
v  -21.4376 264.8946 -8.8797
v  -22.7580 264.8946 -4.5268
v  -23.2039 264.8946 0.0000
v  -22.7580 264.8946 4.5269
v  -21.4376 264.8946 8.8797
v  -19.2933 264.8946 12.8914
v  -16.4076 264.8946 16.4076
v  -12.8914 264.8946 19.2933
v  -8.8797 264.8946 21.4376
v  -4.5268 264.8946 22.7580
v  0.0000 264.8946 23.2039
v  4.5269 264.8946 22.7580
v  8.8798 264.8946 21.4376
v  12.8914 264.8946 19.2933
v  16.4076 264.8946 16.4076
v  19.2933 264.8946 12.8913
v  21.4376 264.8946 8.8797
v  22.7580 264.8946 4.5268
v  23.2039 264.8946 -0.0000
v  22.7580 264.8946 -4.5269
v  21.4376 264.8946 -8.8798
v  19.2933 264.8946 -12.8914
v  16.4076 264.8946 -16.4076
v  12.8913 264.8946 -19.2933
v  8.8797 264.8946 -21.4376
v  4.5268 264.8946 -22.7580
v  -0.0000 260.5524 -20.8829
v  -4.0741 260.5524 -20.4817
v  -7.9915 260.5524 -19.2933
v  -11.6019 260.5524 -17.3635
v  -14.7665 260.5524 -14.7665
v  -17.3635 260.5524 -11.6019
v  -19.2933 260.5524 -7.9915
v  -20.4817 260.5524 -4.0741
v  -20.8829 260.5524 0.0000
v  -20.4817 260.5524 4.0741
v  -19.2933 260.5524 7.9916
v  -17.3635 260.5524 11.6019
v  -14.7664 260.5524 14.7665
v  -11.6019 260.5524 17.3635
v  -7.9915 260.5524 19.2933
v  -4.0740 260.5524 20.4817
v  0.0000 260.5524 20.8829
v  4.0741 260.5524 20.4817
v  7.9916 260.5524 19.2933
v  11.6020 260.5524 17.3635
v  14.7665 260.5524 14.7664
v  17.3635 260.5524 11.6019
v  19.2933 260.5524 7.9915
v  20.4817 260.5524 4.0740
v  20.8829 260.5524 -0.0000
v  20.4817 260.5524 -4.0741
v  19.2933 260.5524 -7.9916
v  17.3635 260.5524 -11.6020
v  14.7664 260.5524 -14.7665
v  11.6019 260.5524 -17.3635
v  7.9915 260.5524 -19.2933
v  4.0740 260.5524 -20.4817
v  -0.0000 256.7465 -17.7595
v  -3.4647 256.7465 -17.4182
v  -6.7963 256.7465 -16.4076
v  -9.8666 256.7465 -14.7665
v  -12.5578 256.7465 -12.5578
v  -14.7665 256.7465 -9.8666
v  -16.4076 256.7465 -6.7962
v  -17.4182 256.7465 -3.4647
v  -17.7595 256.7465 0.0000
v  -17.4182 256.7465 3.4647
v  -16.4076 256.7465 6.7963
v  -14.7664 256.7465 9.8666
v  -12.5578 256.7465 12.5578
v  -9.8666 256.7465 14.7665
v  -6.7962 256.7465 16.4076
v  -3.4647 256.7465 17.4182
v  0.0000 256.7465 17.7595
v  3.4647 256.7465 17.4182
v  6.7963 256.7465 16.4076
v  9.8666 256.7465 14.7664
v  12.5579 256.7465 12.5578
v  14.7665 256.7465 9.8666
v  16.4076 256.7465 6.7962
v  17.4182 256.7465 3.4647
v  17.7595 256.7465 -0.0000
v  17.4182 256.7465 -3.4647
v  16.4076 256.7465 -6.7963
v  14.7664 256.7465 -9.8667
v  12.5578 256.7465 -12.5579
v  9.8666 256.7465 -14.7665
v  6.7962 256.7465 -16.4076
v  3.4647 256.7465 -17.4182
v  -0.0000 253.6230 -13.9535
v  -2.7222 253.6230 -13.6854
v  -5.3398 253.6230 -12.8914
v  -7.7522 253.6230 -11.6019
v  -9.8666 253.6230 -9.8666
v  -11.6019 253.6230 -7.7522
v  -12.8914 253.6230 -5.3398
v  -13.6854 253.6230 -2.7222
v  -13.9535 253.6230 0.0000
v  -13.6854 253.6230 2.7222
v  -12.8914 253.6230 5.3398
v  -11.6019 253.6230 7.7522
v  -9.8666 253.6230 9.8666
v  -7.7522 253.6230 11.6019
v  -5.3398 253.6230 12.8914
v  -2.7222 253.6230 13.6854
v  0.0000 253.6230 13.9535
v  2.7222 253.6230 13.6854
v  5.3398 253.6230 12.8914
v  7.7522 253.6230 11.6019
v  9.8666 253.6230 9.8666
v  11.6019 253.6230 7.7521
v  12.8914 253.6230 5.3398
v  13.6854 253.6230 2.7222
v  13.9535 253.6230 -0.0000
v  13.6854 253.6230 -2.7222
v  12.8914 253.6230 -5.3398
v  11.6019 253.6230 -7.7522
v  9.8666 253.6230 -9.8666
v  7.7521 253.6230 -11.6019
v  5.3398 253.6230 -12.8914
v  2.7222 253.6230 -13.6854
v  -0.0000 251.3021 -9.6113
v  -1.8751 251.3021 -9.4267
v  -3.6781 251.3021 -8.8797
v  -5.3398 251.3021 -7.9915
v  -6.7962 251.3021 -6.7962
v  -7.9915 251.3021 -5.3398
v  -8.8797 251.3021 -3.6781
v  -9.4267 251.3021 -1.8751
v  -9.6113 251.3021 0.0000
v  -9.4267 251.3021 1.8751
v  -8.8797 251.3021 3.6781
v  -7.9915 251.3021 5.3398
v  -6.7962 251.3021 6.7963
v  -5.3398 251.3021 7.9915
v  -3.6781 251.3021 8.8797
v  -1.8751 251.3021 9.4267
v  0.0000 251.3021 9.6114
v  1.8751 251.3021 9.4267
v  3.6781 251.3021 8.8797
v  5.3398 251.3021 7.9915
v  6.7963 251.3021 6.7962
v  7.9916 251.3021 5.3398
v  8.8797 251.3021 3.6781
v  9.4267 251.3021 1.8751
v  9.6113 251.3021 -0.0000
v  9.4267 251.3021 -1.8751
v  8.8797 251.3021 -3.6781
v  7.9915 251.3021 -5.3398
v  6.7962 251.3021 -6.7963
v  5.3398 251.3021 -7.9916
v  3.6781 251.3021 -8.8797
v  1.8751 251.3021 -9.4267
v  -0.0000 249.8728 -4.8998
v  -0.9559 249.8728 -4.8057
v  -1.8751 249.8728 -4.5268
v  -2.7222 249.8728 -4.0740
v  -3.4647 249.8728 -3.4647
v  -4.0741 249.8728 -2.7222
v  -4.5268 249.8728 -1.8751
v  -4.8057 249.8728 -0.9559
v  -4.8998 249.8728 0.0000
v  -4.8057 249.8728 0.9559
v  -4.5268 249.8728 1.8751
v  -4.0740 249.8728 2.7222
v  -3.4647 249.8728 3.4647
v  -2.7222 249.8728 4.0741
v  -1.8751 249.8728 4.5268
v  -0.9559 249.8728 4.8057
v  0.0000 249.8728 4.8998
v  0.9559 249.8728 4.8057
v  1.8751 249.8728 4.5268
v  2.7222 249.8728 4.0740
v  3.4647 249.8728 3.4647
v  4.0741 249.8728 2.7222
v  4.5268 249.8728 1.8751
v  4.8057 249.8728 0.9559
v  4.8998 249.8728 -0.0000
v  4.8057 249.8728 -0.9559
v  4.5268 249.8728 -1.8751
v  4.0740 249.8728 -2.7222
v  3.4647 249.8728 -3.4647
v  2.7222 249.8728 -4.0741
v  1.8751 249.8728 -4.5268
v  0.9559 249.8728 -4.8057
v  0.0000 249.3902 0.0000
# 482 vertices

vn -0.0000 1.0000 0.0000
vn -0.0000 0.9796 -0.2010
vn -0.0392 0.9796 -0.1971
vn -0.0769 0.9796 -0.1857
vn -0.1117 0.9796 -0.1671
vn -0.1421 0.9796 -0.1421
vn -0.1671 0.9796 -0.1117
vn -0.1857 0.9796 -0.0769
vn -0.1971 0.9796 -0.0392
vn -0.2010 0.9796 0.0000
vn -0.1971 0.9796 0.0392
vn -0.1857 0.9796 0.0769
vn -0.1671 0.9796 0.1117
vn -0.1421 0.9796 0.1421
vn -0.1117 0.9796 0.1671
vn -0.0769 0.9796 0.1857
vn -0.0392 0.9796 0.1971
vn 0.0000 0.9796 0.2010
vn 0.0392 0.9796 0.1971
vn 0.0769 0.9796 0.1857
vn 0.1117 0.9796 0.1671
vn 0.1421 0.9796 0.1421
vn 0.1671 0.9796 0.1117
vn 0.1857 0.9796 0.0769
vn 0.1971 0.9796 0.0392
vn 0.2010 0.9796 -0.0000
vn 0.1971 0.9796 -0.0392
vn 0.1857 0.9796 -0.0769
vn 0.1671 0.9796 -0.1117
vn 0.1421 0.9796 -0.1421
vn 0.1117 0.9796 -0.1671
vn 0.0769 0.9796 -0.1857
vn 0.0392 0.9796 -0.1971
vn -0.0000 0.9217 -0.3879
vn -0.0757 0.9217 -0.3804
vn -0.1484 0.9217 -0.3584
vn -0.2155 0.9217 -0.3225
vn -0.2743 0.9217 -0.2743
vn -0.3225 0.9217 -0.2155
vn -0.3584 0.9217 -0.1484
vn -0.3804 0.9217 -0.0757
vn -0.3879 0.9217 0.0000
vn -0.3804 0.9217 0.0757
vn -0.3584 0.9217 0.1484
vn -0.3225 0.9217 0.2155
vn -0.2743 0.9217 0.2743
vn -0.2155 0.9217 0.3225
vn -0.1484 0.9217 0.3584
vn -0.0757 0.9217 0.3804
vn 0.0000 0.9217 0.3879
vn 0.0757 0.9217 0.3804
vn 0.1484 0.9217 0.3584
vn 0.2155 0.9217 0.3225
vn 0.2743 0.9217 0.2743
vn 0.3225 0.9217 0.2155
vn 0.3584 0.9217 0.1484
vn 0.3804 0.9217 0.0757
vn 0.3879 0.9217 -0.0000
vn 0.3804 0.9217 -0.0757
vn 0.3584 0.9217 -0.1484
vn 0.3225 0.9217 -0.2155
vn 0.2743 0.9217 -0.2743
vn 0.2155 0.9217 -0.3225
vn 0.1484 0.9217 -0.3584
vn 0.0757 0.9217 -0.3804
vn -0.0000 0.8286 -0.5598
vn -0.1092 0.8286 -0.5490
vn -0.2142 0.8286 -0.5172
vn -0.3110 0.8286 -0.4654
vn -0.3958 0.8286 -0.3958
vn -0.4654 0.8286 -0.3110
vn -0.5172 0.8286 -0.2142
vn -0.5490 0.8286 -0.1092
vn -0.5598 0.8286 0.0000
vn -0.5490 0.8286 0.1092
vn -0.5172 0.8286 0.2142
vn -0.4654 0.8286 0.3110
vn -0.3958 0.8286 0.3958
vn -0.3110 0.8286 0.4654
vn -0.2142 0.8286 0.5172
vn -0.1092 0.8286 0.5490
vn 0.0000 0.8286 0.5598
vn 0.1092 0.8286 0.5490
vn 0.2142 0.8286 0.5172
vn 0.3110 0.8286 0.4654
vn 0.3958 0.8286 0.3958
vn 0.4654 0.8286 0.3110
vn 0.5172 0.8286 0.2142
vn 0.5490 0.8286 0.1092
vn 0.5598 0.8286 -0.0000
vn 0.5490 0.8286 -0.1092
vn 0.5172 0.8286 -0.2142
vn 0.4654 0.8286 -0.3110
vn 0.3958 0.8286 -0.3958
vn 0.3110 0.8286 -0.4654
vn 0.2142 0.8286 -0.5172
vn 0.1092 0.8286 -0.5490
vn -0.0000 0.7041 -0.7101
vn -0.1385 0.7041 -0.6965
vn -0.2718 0.7041 -0.6561
vn -0.3945 0.7041 -0.5905
vn -0.5021 0.7041 -0.5021
vn -0.5905 0.7041 -0.3945
vn -0.6561 0.7041 -0.2718
vn -0.6965 0.7041 -0.1385
vn -0.7101 0.7041 0.0000
vn -0.6965 0.7041 0.1385
vn -0.6561 0.7041 0.2718
vn -0.5905 0.7041 0.3945
vn -0.5021 0.7041 0.5021
vn -0.3945 0.7041 0.5905
vn -0.2718 0.7041 0.6561
vn -0.1385 0.7041 0.6965
vn 0.0000 0.7041 0.7101
vn 0.1385 0.7041 0.6965
vn 0.2718 0.7041 0.6561
vn 0.3945 0.7041 0.5905
vn 0.5021 0.7041 0.5021
vn 0.5905 0.7041 0.3945
vn 0.6561 0.7041 0.2718
vn 0.6965 0.7041 0.1385
vn 0.7101 0.7041 -0.0000
vn 0.6965 0.7041 -0.1385
vn 0.6561 0.7041 -0.2718
vn 0.5905 0.7041 -0.3945
vn 0.5021 0.7041 -0.5021
vn 0.3945 0.7041 -0.5905
vn 0.2718 0.7041 -0.6561
vn 0.1385 0.7041 -0.6965
vn -0.0000 0.5528 -0.8333
vn -0.1626 0.5528 -0.8173
vn -0.3189 0.5528 -0.7699
vn -0.4630 0.5528 -0.6929
vn -0.5893 0.5528 -0.5893
vn -0.6929 0.5528 -0.4630
vn -0.7699 0.5528 -0.3189
vn -0.8173 0.5528 -0.1626
vn -0.8333 0.5528 0.0000
vn -0.8173 0.5528 0.1626
vn -0.7699 0.5528 0.3189
vn -0.6929 0.5528 0.4630
vn -0.5893 0.5528 0.5893
vn -0.4630 0.5528 0.6929
vn -0.3189 0.5528 0.7699
vn -0.1626 0.5528 0.8173
vn 0.0000 0.5528 0.8333
vn 0.1626 0.5528 0.8173
vn 0.3189 0.5528 0.7699
vn 0.4630 0.5528 0.6929
vn 0.5893 0.5528 0.5893
vn 0.6929 0.5528 0.4630
vn 0.7699 0.5528 0.3189
vn 0.8173 0.5528 0.1626
vn 0.8333 0.5528 -0.0000
vn 0.8173 0.5528 -0.1626
vn 0.7699 0.5528 -0.3189
vn 0.6929 0.5528 -0.4630
vn 0.5893 0.5528 -0.5893
vn 0.4630 0.5528 -0.6929
vn 0.3189 0.5528 -0.7699
vn 0.1626 0.5528 -0.8173
vn -0.0000 0.3805 -0.9248
vn -0.1804 0.3805 -0.9070
vn -0.3539 0.3805 -0.8544
vn -0.5138 0.3805 -0.7689
vn -0.6539 0.3805 -0.6539
vn -0.7689 0.3805 -0.5138
vn -0.8544 0.3805 -0.3539
vn -0.9070 0.3805 -0.1804
vn -0.9248 0.3805 0.0000
vn -0.9070 0.3805 0.1804
vn -0.8544 0.3805 0.3539
vn -0.7689 0.3805 0.5138
vn -0.6539 0.3805 0.6539
vn -0.5138 0.3805 0.7689
vn -0.3539 0.3805 0.8544
vn -0.1804 0.3805 0.9070
vn 0.0000 0.3805 0.9248
vn 0.1804 0.3805 0.9070
vn 0.3539 0.3805 0.8544
vn 0.5138 0.3805 0.7689
vn 0.6539 0.3805 0.6539
vn 0.7689 0.3805 0.5138
vn 0.8544 0.3805 0.3539
vn 0.9070 0.3805 0.1804
vn 0.9248 0.3805 -0.0000
vn 0.9070 0.3805 -0.1804
vn 0.8544 0.3805 -0.3539
vn 0.7689 0.3805 -0.5138
vn 0.6539 0.3805 -0.6539
vn 0.5138 0.3805 -0.7689
vn 0.3539 0.3805 -0.8544
vn 0.1804 0.3805 -0.9070
vn -0.0000 0.1939 -0.9810
vn -0.1914 0.1939 -0.9622
vn -0.3754 0.1939 -0.9063
vn -0.5450 0.1939 -0.8157
vn -0.6937 0.1939 -0.6937
vn -0.8157 0.1939 -0.5450
vn -0.9063 0.1939 -0.3754
vn -0.9622 0.1939 -0.1914
vn -0.9810 0.1939 0.0000
vn -0.9622 0.1939 0.1914
vn -0.9063 0.1939 0.3754
vn -0.8157 0.1939 0.5450
vn -0.6937 0.1939 0.6937
vn -0.5450 0.1939 0.8157
vn -0.3754 0.1939 0.9063
vn -0.1914 0.1939 0.9622
vn 0.0000 0.1939 0.9810
vn 0.1914 0.1939 0.9622
vn 0.3754 0.1939 0.9063
vn 0.5450 0.1939 0.8157
vn 0.6937 0.1939 0.6937
vn 0.8157 0.1939 0.5450
vn 0.9063 0.1939 0.3754
vn 0.9622 0.1939 0.1914
vn 0.9810 0.1939 -0.0000
vn 0.9622 0.1939 -0.1914
vn 0.9063 0.1939 -0.3754
vn 0.8157 0.1939 -0.5450
vn 0.6937 0.1939 -0.6937
vn 0.5450 0.1939 -0.8157
vn 0.3754 0.1939 -0.9063
vn 0.1914 0.1939 -0.9622
vn -0.0000 0.0000 -1.0000
vn -0.1951 0.0000 -0.9808
vn -0.3827 0.0000 -0.9239
vn -0.5556 0.0000 -0.8315
vn -0.7071 0.0000 -0.7071
vn -0.8315 0.0000 -0.5556
vn -0.9239 0.0000 -0.3827
vn -0.9808 0.0000 -0.1951
vn -1.0000 0.0000 0.0000
vn -0.9808 0.0000 0.1951
vn -0.9239 0.0000 0.3827
vn -0.8315 0.0000 0.5556
vn -0.7071 0.0000 0.7071
vn -0.5556 0.0000 0.8315
vn -0.3827 0.0000 0.9239
vn -0.1951 0.0000 0.9808
vn 0.0000 0.0000 1.0000
vn 0.1951 0.0000 0.9808
vn 0.3827 0.0000 0.9239
vn 0.5556 0.0000 0.8315
vn 0.7071 0.0000 0.7071
vn 0.8315 0.0000 0.5556
vn 0.9239 0.0000 0.3827
vn 0.9808 0.0000 0.1951
vn 1.0000 0.0000 -0.0000
vn 0.9808 0.0000 -0.1951
vn 0.9239 0.0000 -0.3827
vn 0.8315 0.0000 -0.5556
vn 0.7071 0.0000 -0.7071
vn 0.5556 0.0000 -0.8315
vn 0.3827 0.0000 -0.9239
vn 0.1951 0.0000 -0.9808
vn -0.0000 -0.1939 -0.9810
vn -0.1914 -0.1939 -0.9622
vn -0.3754 -0.1939 -0.9063
vn -0.5450 -0.1939 -0.8157
vn -0.6937 -0.1939 -0.6937
vn -0.8157 -0.1939 -0.5450
vn -0.9063 -0.1939 -0.3754
vn -0.9622 -0.1939 -0.1914
vn -0.9810 -0.1939 0.0000
vn -0.9622 -0.1939 0.1914
vn -0.9063 -0.1939 0.3754
vn -0.8157 -0.1939 0.5450
vn -0.6937 -0.1939 0.6937
vn -0.5450 -0.1939 0.8157
vn -0.3754 -0.1939 0.9063
vn -0.1914 -0.1939 0.9622
vn 0.0000 -0.1939 0.9810
vn 0.1914 -0.1939 0.9622
vn 0.3754 -0.1939 0.9063
vn 0.5450 -0.1939 0.8157
vn 0.6937 -0.1939 0.6937
vn 0.8157 -0.1939 0.5450
vn 0.9063 -0.1939 0.3754
vn 0.9622 -0.1939 0.1914
vn 0.9810 -0.1939 -0.0000
vn 0.9622 -0.1939 -0.1914
vn 0.9063 -0.1939 -0.3754
vn 0.8157 -0.1939 -0.5450
vn 0.6937 -0.1939 -0.6937
vn 0.5450 -0.1939 -0.8157
vn 0.3754 -0.1939 -0.9063
vn 0.1914 -0.1939 -0.9622
vn -0.0000 -0.3805 -0.9248
vn -0.1804 -0.3805 -0.9070
vn -0.3539 -0.3805 -0.8544
vn -0.5138 -0.3805 -0.7689
vn -0.6539 -0.3805 -0.6539
vn -0.7689 -0.3805 -0.5138
vn -0.8544 -0.3805 -0.3539
vn -0.9070 -0.3805 -0.1804
vn -0.9248 -0.3805 0.0000
vn -0.9070 -0.3805 0.1804
vn -0.8544 -0.3805 0.3539
vn -0.7689 -0.3805 0.5138
vn -0.6539 -0.3805 0.6539
vn -0.5138 -0.3805 0.7689
vn -0.3539 -0.3805 0.8544
vn -0.1804 -0.3805 0.9070
vn 0.0000 -0.3805 0.9248
vn 0.1804 -0.3805 0.9070
vn 0.3539 -0.3805 0.8544
vn 0.5138 -0.3805 0.7689
vn 0.6539 -0.3805 0.6539
vn 0.7689 -0.3805 0.5138
vn 0.8544 -0.3805 0.3539
vn 0.9070 -0.3805 0.1804
vn 0.9248 -0.3805 -0.0000
vn 0.9070 -0.3805 -0.1804
vn 0.8544 -0.3805 -0.3539
vn 0.7689 -0.3805 -0.5138
vn 0.6539 -0.3805 -0.6539
vn 0.5138 -0.3805 -0.7689
vn 0.3539 -0.3805 -0.8544
vn 0.1804 -0.3805 -0.9070
vn -0.0000 -0.5528 -0.8333
vn -0.1626 -0.5528 -0.8173
vn -0.3189 -0.5528 -0.7699
vn -0.4630 -0.5528 -0.6929
vn -0.5893 -0.5528 -0.5893
vn -0.6929 -0.5528 -0.4630
vn -0.7699 -0.5528 -0.3189
vn -0.8173 -0.5528 -0.1626
vn -0.8333 -0.5528 0.0000
vn -0.8173 -0.5528 0.1626
vn -0.7699 -0.5528 0.3189
vn -0.6929 -0.5528 0.4630
vn -0.5893 -0.5528 0.5893
vn -0.4630 -0.5528 0.6929
vn -0.3189 -0.5528 0.7699
vn -0.1626 -0.5528 0.8173
vn 0.0000 -0.5528 0.8333
vn 0.1626 -0.5528 0.8173
vn 0.3189 -0.5528 0.7699
vn 0.4630 -0.5528 0.6929
vn 0.5893 -0.5528 0.5893
vn 0.6929 -0.5528 0.4630
vn 0.7699 -0.5528 0.3189
vn 0.8173 -0.5528 0.1626
vn 0.8333 -0.5528 -0.0000
vn 0.8173 -0.5528 -0.1626
vn 0.7699 -0.5528 -0.3189
vn 0.6929 -0.5528 -0.4630
vn 0.5893 -0.5528 -0.5893
vn 0.4630 -0.5528 -0.6929
vn 0.3189 -0.5528 -0.7699
vn 0.1626 -0.5528 -0.8173
vn -0.0000 -0.7041 -0.7101
vn -0.1385 -0.7041 -0.6965
vn -0.2718 -0.7041 -0.6561
vn -0.3945 -0.7041 -0.5905
vn -0.5021 -0.7041 -0.5021
vn -0.5905 -0.7041 -0.3945
vn -0.6561 -0.7041 -0.2718
vn -0.6965 -0.7041 -0.1385
vn -0.7101 -0.7041 0.0000
vn -0.6965 -0.7041 0.1385
vn -0.6561 -0.7041 0.2718
vn -0.5905 -0.7041 0.3945
vn -0.5021 -0.7041 0.5021
vn -0.3945 -0.7041 0.5905
vn -0.2718 -0.7041 0.6561
vn -0.1385 -0.7041 0.6965
vn 0.0000 -0.7041 0.7101
vn 0.1385 -0.7041 0.6965
vn 0.2718 -0.7041 0.6561
vn 0.3945 -0.7041 0.5905
vn 0.5021 -0.7041 0.5021
vn 0.5905 -0.7041 0.3945
vn 0.6561 -0.7041 0.2718
vn 0.6965 -0.7041 0.1385
vn 0.7101 -0.7041 -0.0000
vn 0.6965 -0.7041 -0.1385
vn 0.6561 -0.7041 -0.2718
vn 0.5905 -0.7041 -0.3945
vn 0.5021 -0.7041 -0.5021
vn 0.3945 -0.7041 -0.5905
vn 0.2718 -0.7041 -0.6561
vn 0.1385 -0.7041 -0.6965
vn -0.0000 -0.8286 -0.5598
vn -0.1092 -0.8286 -0.5490
vn -0.2142 -0.8286 -0.5172
vn -0.3110 -0.8286 -0.4654
vn -0.3958 -0.8286 -0.3958
vn -0.4654 -0.8286 -0.3110
vn -0.5172 -0.8286 -0.2142
vn -0.5490 -0.8286 -0.1092
vn -0.5598 -0.8286 0.0000
vn -0.5490 -0.8286 0.1092
vn -0.5172 -0.8286 0.2142
vn -0.4654 -0.8286 0.3110
vn -0.3958 -0.8286 0.3958
vn -0.3110 -0.8286 0.4654
vn -0.2142 -0.8286 0.5172
vn -0.1092 -0.8286 0.5490
vn 0.0000 -0.8286 0.5598
vn 0.1092 -0.8286 0.5490
vn 0.2142 -0.8286 0.5172
vn 0.3110 -0.8286 0.4654
vn 0.3958 -0.8286 0.3958
vn 0.4654 -0.8286 0.3110
vn 0.5172 -0.8286 0.2142
vn 0.5490 -0.8286 0.1092
vn 0.5598 -0.8286 -0.0000
vn 0.5490 -0.8286 -0.1092
vn 0.5172 -0.8286 -0.2142
vn 0.4654 -0.8286 -0.3110
vn 0.3958 -0.8286 -0.3958
vn 0.3110 -0.8286 -0.4654
vn 0.2142 -0.8286 -0.5172
vn 0.1092 -0.8286 -0.5490
vn -0.0000 -0.9217 -0.3879
vn -0.0757 -0.9217 -0.3804
vn -0.1484 -0.9217 -0.3584
vn -0.2155 -0.9217 -0.3225
vn -0.2743 -0.9217 -0.2743
vn -0.3225 -0.9217 -0.2155
vn -0.3584 -0.9217 -0.1484
vn -0.3804 -0.9217 -0.0757
vn -0.3879 -0.9217 0.0000
vn -0.3804 -0.9217 0.0757
vn -0.3584 -0.9217 0.1484
vn -0.3225 -0.9217 0.2155
vn -0.2743 -0.9217 0.2743
vn -0.2155 -0.9217 0.3225
vn -0.1484 -0.9217 0.3584
vn -0.0757 -0.9217 0.3804
vn 0.0000 -0.9217 0.3879
vn 0.0757 -0.9217 0.3804
vn 0.1484 -0.9217 0.3584
vn 0.2155 -0.9217 0.3225
vn 0.2743 -0.9217 0.2743
vn 0.3225 -0.9217 0.2155
vn 0.3584 -0.9217 0.1484
vn 0.3804 -0.9217 0.0757
vn 0.3879 -0.9217 -0.0000
vn 0.3804 -0.9217 -0.0757
vn 0.3584 -0.9217 -0.1484
vn 0.3225 -0.9217 -0.2155
vn 0.2743 -0.9217 -0.2743
vn 0.2155 -0.9217 -0.3225
vn 0.1484 -0.9217 -0.3584
vn 0.0757 -0.9217 -0.3804
vn -0.0000 -0.9796 -0.2010
vn -0.0392 -0.9796 -0.1971
vn -0.0769 -0.9796 -0.1857
vn -0.1117 -0.9796 -0.1671
vn -0.1421 -0.9796 -0.1421
vn -0.1671 -0.9796 -0.1117
vn -0.1857 -0.9796 -0.0769
vn -0.1971 -0.9796 -0.0392
vn -0.2010 -0.9796 0.0000
vn -0.1971 -0.9796 0.0392
vn -0.1857 -0.9796 0.0769
vn -0.1671 -0.9796 0.1117
vn -0.1421 -0.9796 0.1421
vn -0.1117 -0.9796 0.1671
vn -0.0769 -0.9796 0.1857
vn -0.0392 -0.9796 0.1971
vn 0.0000 -0.9796 0.2010
vn 0.0392 -0.9796 0.1971
vn 0.0769 -0.9796 0.1857
vn 0.1117 -0.9796 0.1671
vn 0.1421 -0.9796 0.1421
vn 0.1671 -0.9796 0.1117
vn 0.1857 -0.9796 0.0769
vn 0.1971 -0.9796 0.0392
vn 0.2010 -0.9796 -0.0000
vn 0.1971 -0.9796 -0.0392
vn 0.1857 -0.9796 -0.0769
vn 0.1671 -0.9796 -0.1117
vn 0.1421 -0.9796 -0.1421
vn 0.1117 -0.9796 -0.1671
vn 0.0769 -0.9796 -0.1857
vn 0.0392 -0.9796 -0.1971
vn -0.0000 -1.0000 -0.0000
# 482 vertex normals

vt 0.0000 1.0000 0.0000
vt 0.0000 0.9375 0.0000
vt 0.0313 0.9375 0.0000
vt 0.0313 1.0000 0.0000
vt 0.0625 0.9375 0.0000
vt 0.0625 1.0000 0.0000
vt 0.0938 0.9375 0.0000
vt 0.0938 1.0000 0.0000
vt 0.1250 0.9375 0.0000
vt 0.1250 1.0000 0.0000
vt 0.1563 0.9375 0.0000
vt 0.1563 1.0000 0.0000
vt 0.1875 0.9375 0.0000
vt 0.1875 1.0000 0.0000
vt 0.2187 0.9375 0.0000
vt 0.2187 1.0000 0.0000
vt 0.2500 0.9375 0.0000
vt 0.2500 1.0000 0.0000
vt 0.2812 0.9375 0.0000
vt 0.2812 1.0000 0.0000
vt 0.3125 0.9375 0.0000
vt 0.3125 1.0000 0.0000
vt 0.3437 0.9375 0.0000
vt 0.3437 1.0000 0.0000
vt 0.3750 0.9375 0.0000
vt 0.3750 1.0000 0.0000
vt 0.4063 0.9375 0.0000
vt 0.4063 1.0000 0.0000
vt 0.4375 0.9375 0.0000
vt 0.4375 1.0000 0.0000
vt 0.4688 0.9375 0.0000
vt 0.4688 1.0000 0.0000
vt 0.5000 0.9375 0.0000
vt 0.5000 1.0000 0.0000
vt 0.5313 0.9375 0.0000
vt 0.5313 1.0000 0.0000
vt 0.5625 0.9375 0.0000
vt 0.5625 1.0000 0.0000
vt 0.5938 0.9375 0.0000
vt 0.5938 1.0000 0.0000
vt 0.6250 0.9375 0.0000
vt 0.6250 1.0000 0.0000
vt 0.6563 0.9375 0.0000
vt 0.6563 1.0000 0.0000
vt 0.6875 0.9375 0.0000
vt 0.6875 1.0000 0.0000
vt 0.7188 0.9375 0.0000
vt 0.7188 1.0000 0.0000
vt 0.7500 0.9375 0.0000
vt 0.7500 1.0000 0.0000
vt 0.7813 0.9375 0.0000
vt 0.7813 1.0000 0.0000
vt 0.8125 0.9375 0.0000
vt 0.8125 1.0000 0.0000
vt 0.8438 0.9375 0.0000
vt 0.8438 1.0000 0.0000
vt 0.8750 0.9375 0.0000
vt 0.8750 1.0000 0.0000
vt 0.9063 0.9375 0.0000
vt 0.9063 1.0000 0.0000
vt 0.9375 0.9375 0.0000
vt 0.9375 1.0000 0.0000
vt 0.9688 0.9375 0.0000
vt 0.9688 1.0000 0.0000
vt 1.0000 0.9375 0.0000
vt 0.0000 0.8750 0.0000
vt 0.0313 0.8750 0.0000
vt 0.0625 0.8750 0.0000
vt 0.0938 0.8750 0.0000
vt 0.1250 0.8750 0.0000
vt 0.1563 0.8750 0.0000
vt 0.1875 0.8750 0.0000
vt 0.2187 0.8750 0.0000
vt 0.2500 0.8750 0.0000
vt 0.2812 0.8750 0.0000
vt 0.3125 0.8750 0.0000
vt 0.3437 0.8750 0.0000
vt 0.3750 0.8750 0.0000
vt 0.4063 0.8750 0.0000
vt 0.4375 0.8750 0.0000
vt 0.4688 0.8750 0.0000
vt 0.5000 0.8750 0.0000
vt 0.5313 0.8750 0.0000
vt 0.5625 0.8750 0.0000
vt 0.5938 0.8750 0.0000
vt 0.6250 0.8750 0.0000
vt 0.6563 0.8750 0.0000
vt 0.6875 0.8750 0.0000
vt 0.7188 0.8750 0.0000
vt 0.7500 0.8750 0.0000
vt 0.7813 0.8750 0.0000
vt 0.8125 0.8750 0.0000
vt 0.8438 0.8750 0.0000
vt 0.8750 0.8750 0.0000
vt 0.9063 0.8750 0.0000
vt 0.9375 0.8750 0.0000
vt 0.9688 0.8750 0.0000
vt 1.0000 0.8750 0.0000
vt 0.0000 0.8125 0.0000
vt 0.0313 0.8125 0.0000
vt 0.0625 0.8125 0.0000
vt 0.0938 0.8125 0.0000
vt 0.1250 0.8125 0.0000
vt 0.1563 0.8125 0.0000
vt 0.1875 0.8125 0.0000
vt 0.2187 0.8125 0.0000
vt 0.2500 0.8125 0.0000
vt 0.2812 0.8125 0.0000
vt 0.3125 0.8125 0.0000
vt 0.3437 0.8125 0.0000
vt 0.3750 0.8125 0.0000
vt 0.4063 0.8125 0.0000
vt 0.4375 0.8125 0.0000
vt 0.4688 0.8125 0.0000
vt 0.5000 0.8125 0.0000
vt 0.5313 0.8125 0.0000
vt 0.5625 0.8125 0.0000
vt 0.5938 0.8125 0.0000
vt 0.6250 0.8125 0.0000
vt 0.6563 0.8125 0.0000
vt 0.6875 0.8125 0.0000
vt 0.7188 0.8125 0.0000
vt 0.7500 0.8125 0.0000
vt 0.7813 0.8125 0.0000
vt 0.8125 0.8125 0.0000
vt 0.8438 0.8125 0.0000
vt 0.8750 0.8125 0.0000
vt 0.9063 0.8125 0.0000
vt 0.9375 0.8125 0.0000
vt 0.9688 0.8125 0.0000
vt 1.0000 0.8125 0.0000
vt 0.0000 0.7500 0.0000
vt 0.0313 0.7500 0.0000
vt 0.0625 0.7500 0.0000
vt 0.0938 0.7500 0.0000
vt 0.1250 0.7500 0.0000
vt 0.1563 0.7500 0.0000
vt 0.1875 0.7500 0.0000
vt 0.2187 0.7500 0.0000
vt 0.2500 0.7500 0.0000
vt 0.2812 0.7500 0.0000
vt 0.3125 0.7500 0.0000
vt 0.3437 0.7500 0.0000
vt 0.3750 0.7500 0.0000
vt 0.4063 0.7500 0.0000
vt 0.4375 0.7500 0.0000
vt 0.4688 0.7500 0.0000
vt 0.5000 0.7500 0.0000
vt 0.5313 0.7500 0.0000
vt 0.5625 0.7500 0.0000
vt 0.5938 0.7500 0.0000
vt 0.6250 0.7500 0.0000
vt 0.6563 0.7500 0.0000
vt 0.6875 0.7500 0.0000
vt 0.7188 0.7500 0.0000
vt 0.7500 0.7500 0.0000
vt 0.7813 0.7500 0.0000
vt 0.8125 0.7500 0.0000
vt 0.8438 0.7500 0.0000
vt 0.8750 0.7500 0.0000
vt 0.9063 0.7500 0.0000
vt 0.9375 0.7500 0.0000
vt 0.9688 0.7500 0.0000
vt 1.0000 0.7500 0.0000
vt 0.0000 0.6875 0.0000
vt 0.0313 0.6875 0.0000
vt 0.0625 0.6875 0.0000
vt 0.0938 0.6875 0.0000
vt 0.1250 0.6875 0.0000
vt 0.1563 0.6875 0.0000
vt 0.1875 0.6875 0.0000
vt 0.2187 0.6875 0.0000
vt 0.2500 0.6875 0.0000
vt 0.2812 0.6875 0.0000
vt 0.3125 0.6875 0.0000
vt 0.3437 0.6875 0.0000
vt 0.3750 0.6875 0.0000
vt 0.4063 0.6875 0.0000
vt 0.4375 0.6875 0.0000
vt 0.4688 0.6875 0.0000
vt 0.5000 0.6875 0.0000
vt 0.5313 0.6875 0.0000
vt 0.5625 0.6875 0.0000
vt 0.5938 0.6875 0.0000
vt 0.6250 0.6875 0.0000
vt 0.6563 0.6875 0.0000
vt 0.6875 0.6875 0.0000
vt 0.7188 0.6875 0.0000
vt 0.7500 0.6875 0.0000
vt 0.7813 0.6875 0.0000
vt 0.8125 0.6875 0.0000
vt 0.8438 0.6875 0.0000
vt 0.8750 0.6875 0.0000
vt 0.9063 0.6875 0.0000
vt 0.9375 0.6875 0.0000
vt 0.9688 0.6875 0.0000
vt 1.0000 0.6875 0.0000
vt 0.0000 0.6250 0.0000
vt 0.0313 0.6250 0.0000
vt 0.0625 0.6250 0.0000
vt 0.0938 0.6250 0.0000
vt 0.1250 0.6250 0.0000
vt 0.1563 0.6250 0.0000
vt 0.1875 0.6250 0.0000
vt 0.2187 0.6250 0.0000
vt 0.2500 0.6250 0.0000
vt 0.2812 0.6250 0.0000
vt 0.3125 0.6250 0.0000
vt 0.3437 0.6250 0.0000
vt 0.3750 0.6250 0.0000
vt 0.4063 0.6250 0.0000
vt 0.4375 0.6250 0.0000
vt 0.4688 0.6250 0.0000
vt 0.5000 0.6250 0.0000
vt 0.5313 0.6250 0.0000
vt 0.5625 0.6250 0.0000
vt 0.5938 0.6250 0.0000
vt 0.6250 0.6250 0.0000
vt 0.6563 0.6250 0.0000
vt 0.6875 0.6250 0.0000
vt 0.7188 0.6250 0.0000
vt 0.7500 0.6250 0.0000
vt 0.7813 0.6250 0.0000
vt 0.8125 0.6250 0.0000
vt 0.8438 0.6250 0.0000
vt 0.8750 0.6250 0.0000
vt 0.9063 0.6250 0.0000
vt 0.9375 0.6250 0.0000
vt 0.9688 0.6250 0.0000
vt 1.0000 0.6250 0.0000
vt 0.0000 0.5625 0.0000
vt 0.0313 0.5625 0.0000
vt 0.0625 0.5625 0.0000
vt 0.0938 0.5625 0.0000
vt 0.1250 0.5625 0.0000
vt 0.1563 0.5625 0.0000
vt 0.1875 0.5625 0.0000
vt 0.2187 0.5625 0.0000
vt 0.2500 0.5625 0.0000
vt 0.2812 0.5625 0.0000
vt 0.3125 0.5625 0.0000
vt 0.3437 0.5625 0.0000
vt 0.3750 0.5625 0.0000
vt 0.4063 0.5625 0.0000
vt 0.4375 0.5625 0.0000
vt 0.4688 0.5625 0.0000
vt 0.5000 0.5625 0.0000
vt 0.5313 0.5625 0.0000
vt 0.5625 0.5625 0.0000
vt 0.5938 0.5625 0.0000
vt 0.6250 0.5625 0.0000
vt 0.6563 0.5625 0.0000
vt 0.6875 0.5625 0.0000
vt 0.7188 0.5625 0.0000
vt 0.7500 0.5625 0.0000
vt 0.7813 0.5625 0.0000
vt 0.8125 0.5625 0.0000
vt 0.8438 0.5625 0.0000
vt 0.8750 0.5625 0.0000
vt 0.9063 0.5625 0.0000
vt 0.9375 0.5625 0.0000
vt 0.9688 0.5625 0.0000
vt 1.0000 0.5625 0.0000
vt 0.0000 0.5000 0.0000
vt 0.0313 0.5000 0.0000
vt 0.0625 0.5000 0.0000
vt 0.0938 0.5000 0.0000
vt 0.1250 0.5000 0.0000
vt 0.1563 0.5000 0.0000
vt 0.1875 0.5000 0.0000
vt 0.2187 0.5000 0.0000
vt 0.2500 0.5000 0.0000
vt 0.2812 0.5000 0.0000
vt 0.3125 0.5000 0.0000
vt 0.3437 0.5000 0.0000
vt 0.3750 0.5000 0.0000
vt 0.4063 0.5000 0.0000
vt 0.4375 0.5000 0.0000
vt 0.4688 0.5000 0.0000
vt 0.5000 0.5000 0.0000
vt 0.5313 0.5000 0.0000
vt 0.5625 0.5000 0.0000
vt 0.5938 0.5000 0.0000
vt 0.6250 0.5000 0.0000
vt 0.6563 0.5000 0.0000
vt 0.6875 0.5000 0.0000
vt 0.7188 0.5000 0.0000
vt 0.7500 0.5000 0.0000
vt 0.7813 0.5000 0.0000
vt 0.8125 0.5000 0.0000
vt 0.8438 0.5000 0.0000
vt 0.8750 0.5000 0.0000
vt 0.9063 0.5000 0.0000
vt 0.9375 0.5000 0.0000
vt 0.9688 0.5000 0.0000
vt 1.0000 0.5000 0.0000
vt 0.0000 0.4375 0.0000
vt 0.0313 0.4375 0.0000
vt 0.0625 0.4375 0.0000
vt 0.0938 0.4375 0.0000
vt 0.1250 0.4375 0.0000
vt 0.1563 0.4375 0.0000
vt 0.1875 0.4375 0.0000
vt 0.2187 0.4375 0.0000
vt 0.2500 0.4375 0.0000
vt 0.2812 0.4375 0.0000
vt 0.3125 0.4375 0.0000
vt 0.3437 0.4375 0.0000
vt 0.3750 0.4375 0.0000
vt 0.4063 0.4375 0.0000
vt 0.4375 0.4375 0.0000
vt 0.4688 0.4375 0.0000
vt 0.5000 0.4375 0.0000
vt 0.5313 0.4375 0.0000
vt 0.5625 0.4375 0.0000
vt 0.5938 0.4375 0.0000
vt 0.6250 0.4375 0.0000
vt 0.6563 0.4375 0.0000
vt 0.6875 0.4375 0.0000
vt 0.7188 0.4375 0.0000
vt 0.7500 0.4375 0.0000
vt 0.7813 0.4375 0.0000
vt 0.8125 0.4375 0.0000
vt 0.8438 0.4375 0.0000
vt 0.8750 0.4375 0.0000
vt 0.9063 0.4375 0.0000
vt 0.9375 0.4375 0.0000
vt 0.9688 0.4375 0.0000
vt 1.0000 0.4375 0.0000
vt 0.0000 0.3750 0.0000
vt 0.0313 0.3750 0.0000
vt 0.0625 0.3750 0.0000
vt 0.0938 0.3750 0.0000
vt 0.1250 0.3750 0.0000
vt 0.1563 0.3750 0.0000
vt 0.1875 0.3750 0.0000
vt 0.2187 0.3750 0.0000
vt 0.2500 0.3750 0.0000
vt 0.2812 0.3750 0.0000
vt 0.3125 0.3750 0.0000
vt 0.3437 0.3750 0.0000
vt 0.3750 0.3750 0.0000
vt 0.4063 0.3750 0.0000
vt 0.4375 0.3750 0.0000
vt 0.4688 0.3750 0.0000
vt 0.5000 0.3750 0.0000
vt 0.5313 0.3750 0.0000
vt 0.5625 0.3750 0.0000
vt 0.5938 0.3750 0.0000
vt 0.6250 0.3750 0.0000
vt 0.6563 0.3750 0.0000
vt 0.6875 0.3750 0.0000
vt 0.7188 0.3750 0.0000
vt 0.7500 0.3750 0.0000
vt 0.7813 0.3750 0.0000
vt 0.8125 0.3750 0.0000
vt 0.8438 0.3750 0.0000
vt 0.8750 0.3750 0.0000
vt 0.9063 0.3750 0.0000
vt 0.9375 0.3750 0.0000
vt 0.9688 0.3750 0.0000
vt 1.0000 0.3750 0.0000
vt 0.0000 0.3125 0.0000
vt 0.0313 0.3125 0.0000
vt 0.0625 0.3125 0.0000
vt 0.0938 0.3125 0.0000
vt 0.1250 0.3125 0.0000
vt 0.1563 0.3125 0.0000
vt 0.1875 0.3125 0.0000
vt 0.2187 0.3125 0.0000
vt 0.2500 0.3125 0.0000
vt 0.2812 0.3125 0.0000
vt 0.3125 0.3125 0.0000
vt 0.3437 0.3125 0.0000
vt 0.3750 0.3125 0.0000
vt 0.4063 0.3125 0.0000
vt 0.4375 0.3125 0.0000
vt 0.4688 0.3125 0.0000
vt 0.5000 0.3125 0.0000
vt 0.5313 0.3125 0.0000
vt 0.5625 0.3125 0.0000
vt 0.5938 0.3125 0.0000
vt 0.6250 0.3125 0.0000
vt 0.6563 0.3125 0.0000
vt 0.6875 0.3125 0.0000
vt 0.7188 0.3125 0.0000
vt 0.7500 0.3125 0.0000
vt 0.7813 0.3125 0.0000
vt 0.8125 0.3125 0.0000
vt 0.8438 0.3125 0.0000
vt 0.8750 0.3125 0.0000
vt 0.9063 0.3125 0.0000
vt 0.9375 0.3125 0.0000
vt 0.9688 0.3125 0.0000
vt 1.0000 0.3125 0.0000
vt 0.0000 0.2500 0.0000
vt 0.0313 0.2500 0.0000
vt 0.0625 0.2500 0.0000
vt 0.0938 0.2500 0.0000
vt 0.1250 0.2500 0.0000
vt 0.1563 0.2500 0.0000
vt 0.1875 0.2500 0.0000
vt 0.2187 0.2500 0.0000
vt 0.2500 0.2500 0.0000
vt 0.2812 0.2500 0.0000
vt 0.3125 0.2500 0.0000
vt 0.3437 0.2500 0.0000
vt 0.3750 0.2500 0.0000
vt 0.4063 0.2500 0.0000
vt 0.4375 0.2500 0.0000
vt 0.4688 0.2500 0.0000
vt 0.5000 0.2500 0.0000
vt 0.5313 0.2500 0.0000
vt 0.5625 0.2500 0.0000
vt 0.5938 0.2500 0.0000
vt 0.6250 0.2500 0.0000
vt 0.6563 0.2500 0.0000
vt 0.6875 0.2500 0.0000
vt 0.7188 0.2500 0.0000
vt 0.7500 0.2500 0.0000
vt 0.7813 0.2500 0.0000
vt 0.8125 0.2500 0.0000
vt 0.8438 0.2500 0.0000
vt 0.8750 0.2500 0.0000
vt 0.9063 0.2500 0.0000
vt 0.9375 0.2500 0.0000
vt 0.9688 0.2500 0.0000
vt 1.0000 0.2500 0.0000
vt 0.0000 0.1875 0.0000
vt 0.0313 0.1875 0.0000
vt 0.0625 0.1875 0.0000
vt 0.0938 0.1875 0.0000
vt 0.1250 0.1875 0.0000
vt 0.1563 0.1875 0.0000
vt 0.1875 0.1875 0.0000
vt 0.2187 0.1875 0.0000
vt 0.2500 0.1875 0.0000
vt 0.2812 0.1875 0.0000
vt 0.3125 0.1875 0.0000
vt 0.3437 0.1875 0.0000
vt 0.3750 0.1875 0.0000
vt 0.4063 0.1875 0.0000
vt 0.4375 0.1875 0.0000
vt 0.4688 0.1875 0.0000
vt 0.5000 0.1875 0.0000
vt 0.5313 0.1875 0.0000
vt 0.5625 0.1875 0.0000
vt 0.5938 0.1875 0.0000
vt 0.6250 0.1875 0.0000
vt 0.6563 0.1875 0.0000
vt 0.6875 0.1875 0.0000
vt 0.7188 0.1875 0.0000
vt 0.7500 0.1875 0.0000
vt 0.7813 0.1875 0.0000
vt 0.8125 0.1875 0.0000
vt 0.8438 0.1875 0.0000
vt 0.8750 0.1875 0.0000
vt 0.9063 0.1875 0.0000
vt 0.9375 0.1875 0.0000
vt 0.9688 0.1875 0.0000
vt 1.0000 0.1875 0.0000
vt 0.0000 0.1250 0.0000
vt 0.0313 0.1250 0.0000
vt 0.0625 0.1250 0.0000
vt 0.0938 0.1250 0.0000
vt 0.1250 0.1250 0.0000
vt 0.1563 0.1250 0.0000
vt 0.1875 0.1250 0.0000
vt 0.2187 0.1250 0.0000
vt 0.2500 0.1250 0.0000
vt 0.2812 0.1250 0.0000
vt 0.3125 0.1250 0.0000
vt 0.3437 0.1250 0.0000
vt 0.3750 0.1250 0.0000
vt 0.4063 0.1250 0.0000
vt 0.4375 0.1250 0.0000
vt 0.4688 0.1250 0.0000
vt 0.5000 0.1250 0.0000
vt 0.5313 0.1250 0.0000
vt 0.5625 0.1250 0.0000
vt 0.5938 0.1250 0.0000
vt 0.6250 0.1250 0.0000
vt 0.6563 0.1250 0.0000
vt 0.6875 0.1250 0.0000
vt 0.7188 0.1250 0.0000
vt 0.7500 0.1250 0.0000
vt 0.7813 0.1250 0.0000
vt 0.8125 0.1250 0.0000
vt 0.8438 0.1250 0.0000
vt 0.8750 0.1250 0.0000
vt 0.9063 0.1250 0.0000
vt 0.9375 0.1250 0.0000
vt 0.9688 0.1250 0.0000
vt 1.0000 0.1250 0.0000
vt 0.0000 0.0625 0.0000
vt 0.0313 0.0625 0.0000
vt 0.0625 0.0625 0.0000
vt 0.0938 0.0625 0.0000
vt 0.1250 0.0625 0.0000
vt 0.1563 0.0625 0.0000
vt 0.1875 0.0625 0.0000
vt 0.2187 0.0625 0.0000
vt 0.2500 0.0625 0.0000
vt 0.2812 0.0625 0.0000
vt 0.3125 0.0625 0.0000
vt 0.3437 0.0625 0.0000
vt 0.3750 0.0625 0.0000
vt 0.4063 0.0625 0.0000
vt 0.4375 0.0625 0.0000
vt 0.4688 0.0625 0.0000
vt 0.5000 0.0625 0.0000
vt 0.5313 0.0625 0.0000
vt 0.5625 0.0625 0.0000
vt 0.5938 0.0625 0.0000
vt 0.6250 0.0625 0.0000
vt 0.6563 0.0625 0.0000
vt 0.6875 0.0625 0.0000
vt 0.7188 0.0625 0.0000
vt 0.7500 0.0625 0.0000
vt 0.7813 0.0625 0.0000
vt 0.8125 0.0625 0.0000
vt 0.8438 0.0625 0.0000
vt 0.8750 0.0625 0.0000
vt 0.9063 0.0625 0.0000
vt 0.9375 0.0625 0.0000
vt 0.9688 0.0625 0.0000
vt 1.0000 0.0625 0.0000
vt 0.0000 -0.0000 0.0000
vt 0.0313 -0.0000 0.0000
vt 0.0625 -0.0000 0.0000
vt 0.0938 -0.0000 0.0000
vt 0.1250 -0.0000 0.0000
vt 0.1563 -0.0000 0.0000
vt 0.1875 -0.0000 0.0000
vt 0.2187 -0.0000 0.0000
vt 0.2500 -0.0000 0.0000
vt 0.2812 -0.0000 0.0000
vt 0.3125 -0.0000 0.0000
vt 0.3437 -0.0000 0.0000
vt 0.3750 -0.0000 0.0000
vt 0.4063 -0.0000 0.0000
vt 0.4375 -0.0000 0.0000
vt 0.4688 -0.0000 0.0000
vt 0.5000 -0.0000 0.0000
vt 0.5313 -0.0000 0.0000
vt 0.5625 -0.0000 0.0000
vt 0.5938 -0.0000 0.0000
vt 0.6250 -0.0000 0.0000
vt 0.6563 -0.0000 0.0000
vt 0.6875 -0.0000 0.0000
vt 0.7188 -0.0000 0.0000
vt 0.7500 -0.0000 0.0000
vt 0.7813 -0.0000 0.0000
vt 0.8125 -0.0000 0.0000
vt 0.8438 -0.0000 0.0000
vt 0.8750 -0.0000 0.0000
vt 0.9063 -0.0000 0.0000
vt 0.9375 -0.0000 0.0000
vt 0.9688 -0.0000 0.0000
# 559 texture coords

o Sphere001
g Sphere001
usemtl wire_135006006
s 1
f 213/220/71 214/221/72 215/222/73 
f 213/223/71 215/222/73 216/224/74 
f 213/225/71 216/224/74 217/226/75 
f 213/227/71 217/226/75 218/228/76 
f 213/229/71 218/228/76 219/230/77 
f 213/231/71 219/230/77 220/232/78 
f 213/233/71 220/232/78 221/234/79 
f 213/235/71 221/234/79 222/236/80 
f 213/237/71 222/236/80 223/238/81 
f 213/239/71 223/238/81 224/240/82 
f 213/241/71 224/240/82 225/242/83 
f 213/243/71 225/242/83 226/244/84 
f 213/245/71 226/244/84 227/246/85 
f 213/247/71 227/246/85 228/248/86 
f 213/249/71 228/248/86 229/250/87 
f 213/251/71 229/250/87 230/252/88 
f 213/253/71 230/252/88 231/254/89 
f 213/255/71 231/254/89 232/256/90 
f 213/257/71 232/256/90 233/258/91 
f 213/259/71 233/258/91 234/260/92 
f 213/261/71 234/260/92 235/262/93 
f 213/263/71 235/262/93 236/264/94 
f 213/265/71 236/264/94 237/266/95 
f 213/267/71 237/266/95 238/268/96 
f 213/269/71 238/268/96 239/270/97 
f 213/271/71 239/270/97 240/272/98 
f 213/273/71 240/272/98 241/274/99 
f 213/275/71 241/274/99 242/276/100 
f 213/277/71 242/276/100 243/278/101 
f 213/279/71 243/278/101 244/280/102 
f 213/281/71 244/280/102 245/282/103 
f 213/283/71 245/282/103 214/284/72 
f 214/221/72 246/285/104 247/286/105 215/222/73 
f 215/222/73 247/286/105 248/287/106 216/224/74 
f 216/224/74 248/287/106 249/288/107 217/226/75 
f 217/226/75 249/288/107 250/289/108 218/228/76 
f 218/228/76 250/289/108 251/290/109 219/230/77 
f 219/230/77 251/290/109 252/291/110 220/232/78 
f 220/232/78 252/291/110 253/292/111 221/234/79 
f 221/234/79 253/292/111 254/293/112 222/236/80 
f 222/236/80 254/293/112 255/294/113 223/238/81 
f 223/238/81 255/294/113 256/295/114 224/240/82 
f 224/240/82 256/295/114 257/296/115 225/242/83 
f 225/242/83 257/296/115 258/297/116 226/244/84 
f 226/244/84 258/297/116 259/298/117 227/246/85 
f 227/246/85 259/298/117 260/299/118 228/248/86 
f 228/248/86 260/299/118 261/300/119 229/250/87 
f 229/250/87 261/300/119 262/301/120 230/252/88 
f 230/252/88 262/301/120 263/302/121 231/254/89 
f 231/254/89 263/302/121 264/303/122 232/256/90 
f 232/256/90 264/303/122 265/304/123 233/258/91 
f 233/258/91 265/304/123 266/305/124 234/260/92 
f 234/260/92 266/305/124 267/306/125 235/262/93 
f 235/262/93 267/306/125 268/307/126 236/264/94 
f 236/264/94 268/307/126 269/308/127 237/266/95 
f 237/266/95 269/308/127 270/309/128 238/268/96 
f 238/268/96 270/309/128 271/310/129 239/270/97 
f 239/270/97 271/310/129 272/311/130 240/272/98 
f 240/272/98 272/311/130 273/312/131 241/274/99 
f 241/274/99 273/312/131 274/313/132 242/276/100 
f 242/276/100 274/313/132 275/314/133 243/278/101 
f 243/278/101 275/314/133 276/315/134 244/280/102 
f 244/280/102 276/315/134 277/316/135 245/282/103 
f 245/282/103 277/316/135 246/317/104 214/284/72 
f 246/285/104 278/318/136 279/319/137 247/286/105 
f 247/286/105 279/319/137 280/320/138 248/287/106 
f 248/287/106 280/320/138 281/321/139 249/288/107 
f 249/288/107 281/321/139 282/322/140 250/289/108 
f 250/289/108 282/322/140 283/323/141 251/290/109 
f 251/290/109 283/323/141 284/324/142 252/291/110 
f 252/291/110 284/324/142 285/325/143 253/292/111 
f 253/292/111 285/325/143 286/326/144 254/293/112 
f 254/293/112 286/326/144 287/327/145 255/294/113 
f 255/294/113 287/327/145 288/328/146 256/295/114 
f 256/295/114 288/328/146 289/329/147 257/296/115 
f 257/296/115 289/329/147 290/330/148 258/297/116 
f 258/297/116 290/330/148 291/331/149 259/298/117 
f 259/298/117 291/331/149 292/332/150 260/299/118 
f 260/299/118 292/332/150 293/333/151 261/300/119 
f 261/300/119 293/333/151 294/334/152 262/301/120 
f 262/301/120 294/334/152 295/335/153 263/302/121 
f 263/302/121 295/335/153 296/336/154 264/303/122 
f 264/303/122 296/336/154 297/337/155 265/304/123 
f 265/304/123 297/337/155 298/338/156 266/305/124 
f 266/305/124 298/338/156 299/339/157 267/306/125 
f 267/306/125 299/339/157 300/340/158 268/307/126 
f 268/307/126 300/340/158 301/341/159 269/308/127 
f 269/308/127 301/341/159 302/342/160 270/309/128 
f 270/309/128 302/342/160 303/343/161 271/310/129 
f 271/310/129 303/343/161 304/344/162 272/311/130 
f 272/311/130 304/344/162 305/345/163 273/312/131 
f 273/312/131 305/345/163 306/346/164 274/313/132 
f 274/313/132 306/346/164 307/347/165 275/314/133 
f 275/314/133 307/347/165 308/348/166 276/315/134 
f 276/315/134 308/348/166 309/349/167 277/316/135 
f 277/316/135 309/349/167 278/350/136 246/317/104 
f 278/318/136 310/351/168 311/352/169 279/319/137 
f 279/319/137 311/352/169 312/353/170 280/320/138 
f 280/320/138 312/353/170 313/354/171 281/321/139 
f 281/321/139 313/354/171 314/355/172 282/322/140 
f 282/322/140 314/355/172 315/356/173 283/323/141 
f 283/323/141 315/356/173 316/357/174 284/324/142 
f 284/324/142 316/357/174 317/358/175 285/325/143 
f 285/325/143 317/358/175 318/359/176 286/326/144 
f 286/326/144 318/359/176 319/360/177 287/327/145 
f 287/327/145 319/360/177 320/361/178 288/328/146 
f 288/328/146 320/361/178 321/362/179 289/329/147 
f 289/329/147 321/362/179 322/363/180 290/330/148 
f 290/330/148 322/363/180 323/364/181 291/331/149 
f 291/331/149 323/364/181 324/365/182 292/332/150 
f 292/332/150 324/365/182 325/366/183 293/333/151 
f 293/333/151 325/366/183 326/367/184 294/334/152 
f 294/334/152 326/367/184 327/368/185 295/335/153 
f 295/335/153 327/368/185 328/369/186 296/336/154 
f 296/336/154 328/369/186 329/370/187 297/337/155 
f 297/337/155 329/370/187 330/371/188 298/338/156 
f 298/338/156 330/371/188 331/372/189 299/339/157 
f 299/339/157 331/372/189 332/373/190 300/340/158 
f 300/340/158 332/373/190 333/374/191 301/341/159 
f 301/341/159 333/374/191 334/375/192 302/342/160 
f 302/342/160 334/375/192 335/376/193 303/343/161 
f 303/343/161 335/376/193 336/377/194 304/344/162 
f 304/344/162 336/377/194 337/378/195 305/345/163 
f 305/345/163 337/378/195 338/379/196 306/346/164 
f 306/346/164 338/379/196 339/380/197 307/347/165 
f 307/347/165 339/380/197 340/381/198 308/348/166 
f 308/348/166 340/381/198 341/382/199 309/349/167 
f 309/349/167 341/382/199 310/383/168 278/350/136 
f 310/351/168 342/384/200 343/385/201 311/352/169 
f 311/352/169 343/385/201 344/386/202 312/353/170 
f 312/353/170 344/386/202 345/387/203 313/354/171 
f 313/354/171 345/387/203 346/388/204 314/355/172 
f 314/355/172 346/388/204 347/389/205 315/356/173 
f 315/356/173 347/389/205 348/390/206 316/357/174 
f 316/357/174 348/390/206 349/391/207 317/358/175 
f 317/358/175 349/391/207 350/392/208 318/359/176 
f 318/359/176 350/392/208 351/393/209 319/360/177 
f 319/360/177 351/393/209 352/394/210 320/361/178 
f 320/361/178 352/394/210 353/395/211 321/362/179 
f 321/362/179 353/395/211 354/396/212 322/363/180 
f 322/363/180 354/396/212 355/397/213 323/364/181 
f 323/364/181 355/397/213 356/398/214 324/365/182 
f 324/365/182 356/398/214 357/399/215 325/366/183 
f 325/366/183 357/399/215 358/400/216 326/367/184 
f 326/367/184 358/400/216 359/401/217 327/368/185 
f 327/368/185 359/401/217 360/402/218 328/369/186 
f 328/369/186 360/402/218 361/403/219 329/370/187 
f 329/370/187 361/403/219 362/404/220 330/371/188 
f 330/371/188 362/404/220 363/405/221 331/372/189 
f 331/372/189 363/405/221 364/406/222 332/373/190 
f 332/373/190 364/406/222 365/407/223 333/374/191 
f 333/374/191 365/407/223 366/408/224 334/375/192 
f 334/375/192 366/408/224 367/409/225 335/376/193 
f 335/376/193 367/409/225 368/410/226 336/377/194 
f 336/377/194 368/410/226 369/411/227 337/378/195 
f 337/378/195 369/411/227 370/412/228 338/379/196 
f 338/379/196 370/412/228 371/413/229 339/380/197 
f 339/380/197 371/413/229 372/414/230 340/381/198 
f 340/381/198 372/414/230 373/415/231 341/382/199 
f 341/382/199 373/415/231 342/416/200 310/383/168 
f 342/384/200 374/417/232 375/418/233 343/385/201 
f 343/385/201 375/418/233 376/419/234 344/386/202 
f 344/386/202 376/419/234 377/420/235 345/387/203 
f 345/387/203 377/420/235 378/421/236 346/388/204 
f 346/388/204 378/421/236 379/422/237 347/389/205 
f 347/389/205 379/422/237 380/423/238 348/390/206 
f 348/390/206 380/423/238 381/424/239 349/391/207 
f 349/391/207 381/424/239 382/425/240 350/392/208 
f 350/392/208 382/425/240 383/426/241 351/393/209 
f 351/393/209 383/426/241 384/427/242 352/394/210 
f 352/394/210 384/427/242 385/428/243 353/395/211 
f 353/395/211 385/428/243 386/429/244 354/396/212 
f 354/396/212 386/429/244 387/430/245 355/397/213 
f 355/397/213 387/430/245 388/431/246 356/398/214 
f 356/398/214 388/431/246 389/432/247 357/399/215 
f 357/399/215 389/432/247 390/433/248 358/400/216 
f 358/400/216 390/433/248 391/434/249 359/401/217 
f 359/401/217 391/434/249 392/435/250 360/402/218 
f 360/402/218 392/435/250 393/436/251 361/403/219 
f 361/403/219 393/436/251 394/437/252 362/404/220 
f 362/404/220 394/437/252 395/438/253 363/405/221 
f 363/405/221 395/438/253 396/439/254 364/406/222 
f 364/406/222 396/439/254 397/440/255 365/407/223 
f 365/407/223 397/440/255 398/441/256 366/408/224 
f 366/408/224 398/441/256 399/442/257 367/409/225 
f 367/409/225 399/442/257 400/443/258 368/410/226 
f 368/410/226 400/443/258 401/444/259 369/411/227 
f 369/411/227 401/444/259 402/445/260 370/412/228 
f 370/412/228 402/445/260 403/446/261 371/413/229 
f 371/413/229 403/446/261 404/447/262 372/414/230 
f 372/414/230 404/447/262 405/448/263 373/415/231 
f 373/415/231 405/448/263 374/449/232 342/416/200 
f 374/417/232 406/450/264 407/451/265 375/418/233 
f 375/418/233 407/451/265 408/452/266 376/419/234 
f 376/419/234 408/452/266 409/453/267 377/420/235 
f 377/420/235 409/453/267 410/454/268 378/421/236 
f 378/421/236 410/454/268 411/455/269 379/422/237 
f 379/422/237 411/455/269 412/456/270 380/423/238 
f 380/423/238 412/456/270 413/457/271 381/424/239 
f 381/424/239 413/457/271 414/458/272 382/425/240 
f 382/425/240 414/458/272 415/459/273 383/426/241 
f 383/426/241 415/459/273 416/460/274 384/427/242 
f 384/427/242 416/460/274 417/461/275 385/428/243 
f 385/428/243 417/461/275 418/462/276 386/429/244 
f 386/429/244 418/462/276 419/463/277 387/430/245 
f 387/430/245 419/463/277 420/464/278 388/431/246 
f 388/431/246 420/464/278 421/465/279 389/432/247 
f 389/432/247 421/465/279 422/466/280 390/433/248 
f 390/433/248 422/466/280 423/467/281 391/434/249 
f 391/434/249 423/467/281 424/468/282 392/435/250 
f 392/435/250 424/468/282 425/469/283 393/436/251 
f 393/436/251 425/469/283 426/470/284 394/437/252 
f 394/437/252 426/470/284 427/471/285 395/438/253 
f 395/438/253 427/471/285 428/472/286 396/439/254 
f 396/439/254 428/472/286 429/473/287 397/440/255 
f 397/440/255 429/473/287 430/474/288 398/441/256 
f 398/441/256 430/474/288 431/475/289 399/442/257 
f 399/442/257 431/475/289 432/476/290 400/443/258 
f 400/443/258 432/476/290 433/477/291 401/444/259 
f 401/444/259 433/477/291 434/478/292 402/445/260 
f 402/445/260 434/478/292 435/479/293 403/446/261 
f 403/446/261 435/479/293 436/480/294 404/447/262 
f 404/447/262 436/480/294 437/481/295 405/448/263 
f 405/448/263 437/481/295 406/482/264 374/449/232 
f 406/450/264 438/483/296 439/484/297 407/451/265 
f 407/451/265 439/484/297 440/485/298 408/452/266 
f 408/452/266 440/485/298 441/486/299 409/453/267 
f 409/453/267 441/486/299 442/487/300 410/454/268 
f 410/454/268 442/487/300 443/488/301 411/455/269 
f 411/455/269 443/488/301 444/489/302 412/456/270 
f 412/456/270 444/489/302 445/490/303 413/457/271 
f 413/457/271 445/490/303 446/491/304 414/458/272 
f 414/458/272 446/491/304 447/492/305 415/459/273 
f 415/459/273 447/492/305 448/493/306 416/460/274 
f 416/460/274 448/493/306 449/494/307 417/461/275 
f 417/461/275 449/494/307 450/495/308 418/462/276 
f 418/462/276 450/495/308 451/496/309 419/463/277 
f 419/463/277 451/496/309 452/497/310 420/464/278 
f 420/464/278 452/497/310 453/498/311 421/465/279 
f 421/465/279 453/498/311 454/499/312 422/466/280 
f 422/466/280 454/499/312 455/500/313 423/467/281 
f 423/467/281 455/500/313 456/501/314 424/468/282 
f 424/468/282 456/501/314 457/502/315 425/469/283 
f 425/469/283 457/502/315 458/503/316 426/470/284 
f 426/470/284 458/503/316 459/504/317 427/471/285 
f 427/471/285 459/504/317 460/505/318 428/472/286 
f 428/472/286 460/505/318 461/506/319 429/473/287 
f 429/473/287 461/506/319 462/507/320 430/474/288 
f 430/474/288 462/507/320 463/508/321 431/475/289 
f 431/475/289 463/508/321 464/509/322 432/476/290 
f 432/476/290 464/509/322 465/510/323 433/477/291 
f 433/477/291 465/510/323 466/511/324 434/478/292 
f 434/478/292 466/511/324 467/512/325 435/479/293 
f 435/479/293 467/512/325 468/513/326 436/480/294 
f 436/480/294 468/513/326 469/514/327 437/481/295 
f 437/481/295 469/514/327 438/515/296 406/482/264 
f 438/483/296 470/516/328 471/517/329 439/484/297 
f 439/484/297 471/517/329 472/518/330 440/485/298 
f 440/485/298 472/518/330 473/519/331 441/486/299 
f 441/486/299 473/519/331 474/520/332 442/487/300 
f 442/487/300 474/520/332 475/521/333 443/488/301 
f 443/488/301 475/521/333 476/522/334 444/489/302 
f 444/489/302 476/522/334 477/523/335 445/490/303 
f 445/490/303 477/523/335 478/524/336 446/491/304 
f 446/491/304 478/524/336 479/525/337 447/492/305 
f 447/492/305 479/525/337 480/526/338 448/493/306 
f 448/493/306 480/526/338 481/527/339 449/494/307 
f 449/494/307 481/527/339 482/528/340 450/495/308 
f 450/495/308 482/528/340 483/529/341 451/496/309 
f 451/496/309 483/529/341 484/530/342 452/497/310 
f 452/497/310 484/530/342 485/531/343 453/498/311 
f 453/498/311 485/531/343 486/532/344 454/499/312 
f 454/499/312 486/532/344 487/533/345 455/500/313 
f 455/500/313 487/533/345 488/534/346 456/501/314 
f 456/501/314 488/534/346 489/535/347 457/502/315 
f 457/502/315 489/535/347 490/536/348 458/503/316 
f 458/503/316 490/536/348 491/537/349 459/504/317 
f 459/504/317 491/537/349 492/538/350 460/505/318 
f 460/505/318 492/538/350 493/539/351 461/506/319 
f 461/506/319 493/539/351 494/540/352 462/507/320 
f 462/507/320 494/540/352 495/541/353 463/508/321 
f 463/508/321 495/541/353 496/542/354 464/509/322 
f 464/509/322 496/542/354 497/543/355 465/510/323 
f 465/510/323 497/543/355 498/544/356 466/511/324 
f 466/511/324 498/544/356 499/545/357 467/512/325 
f 467/512/325 499/545/357 500/546/358 468/513/326 
f 468/513/326 500/546/358 501/547/359 469/514/327 
f 469/514/327 501/547/359 470/548/328 438/515/296 
f 470/516/328 502/549/360 503/550/361 471/517/329 
f 471/517/329 503/550/361 504/551/362 472/518/330 
f 472/518/330 504/551/362 505/552/363 473/519/331 
f 473/519/331 505/552/363 506/553/364 474/520/332 
f 474/520/332 506/553/364 507/554/365 475/521/333 
f 475/521/333 507/554/365 508/555/366 476/522/334 
f 476/522/334 508/555/366 509/556/367 477/523/335 
f 477/523/335 509/556/367 510/557/368 478/524/336 
f 478/524/336 510/557/368 511/558/369 479/525/337 
f 479/525/337 511/558/369 512/559/370 480/526/338 
f 480/526/338 512/559/370 513/560/371 481/527/339 
f 481/527/339 513/560/371 514/561/372 482/528/340 
f 482/528/340 514/561/372 515/562/373 483/529/341 
f 483/529/341 515/562/373 516/563/374 484/530/342 
f 484/530/342 516/563/374 517/564/375 485/531/343 
f 485/531/343 517/564/375 518/565/376 486/532/344 
f 486/532/344 518/565/376 519/566/377 487/533/345 
f 487/533/345 519/566/377 520/567/378 488/534/346 
f 488/534/346 520/567/378 521/568/379 489/535/347 
f 489/535/347 521/568/379 522/569/380 490/536/348 
f 490/536/348 522/569/380 523/570/381 491/537/349 
f 491/537/349 523/570/381 524/571/382 492/538/350 
f 492/538/350 524/571/382 525/572/383 493/539/351 
f 493/539/351 525/572/383 526/573/384 494/540/352 
f 494/540/352 526/573/384 527/574/385 495/541/353 
f 495/541/353 527/574/385 528/575/386 496/542/354 
f 496/542/354 528/575/386 529/576/387 497/543/355 
f 497/543/355 529/576/387 530/577/388 498/544/356 
f 498/544/356 530/577/388 531/578/389 499/545/357 
f 499/545/357 531/578/389 532/579/390 500/546/358 
f 500/546/358 532/579/390 533/580/391 501/547/359 
f 501/547/359 533/580/391 502/581/360 470/548/328 
f 502/549/360 534/582/392 535/583/393 503/550/361 
f 503/550/361 535/583/393 536/584/394 504/551/362 
f 504/551/362 536/584/394 537/585/395 505/552/363 
f 505/552/363 537/585/395 538/586/396 506/553/364 
f 506/553/364 538/586/396 539/587/397 507/554/365 
f 507/554/365 539/587/397 540/588/398 508/555/366 
f 508/555/366 540/588/398 541/589/399 509/556/367 
f 509/556/367 541/589/399 542/590/400 510/557/368 
f 510/557/368 542/590/400 543/591/401 511/558/369 
f 511/558/369 543/591/401 544/592/402 512/559/370 
f 512/559/370 544/592/402 545/593/403 513/560/371 
f 513/560/371 545/593/403 546/594/404 514/561/372 
f 514/561/372 546/594/404 547/595/405 515/562/373 
f 515/562/373 547/595/405 548/596/406 516/563/374 
f 516/563/374 548/596/406 549/597/407 517/564/375 
f 517/564/375 549/597/407 550/598/408 518/565/376 
f 518/565/376 550/598/408 551/599/409 519/566/377 
f 519/566/377 551/599/409 552/600/410 520/567/378 
f 520/567/378 552/600/410 553/601/411 521/568/379 
f 521/568/379 553/601/411 554/602/412 522/569/380 
f 522/569/380 554/602/412 555/603/413 523/570/381 
f 523/570/381 555/603/413 556/604/414 524/571/382 
f 524/571/382 556/604/414 557/605/415 525/572/383 
f 525/572/383 557/605/415 558/606/416 526/573/384 
f 526/573/384 558/606/416 559/607/417 527/574/385 
f 527/574/385 559/607/417 560/608/418 528/575/386 
f 528/575/386 560/608/418 561/609/419 529/576/387 
f 529/576/387 561/609/419 562/610/420 530/577/388 
f 530/577/388 562/610/420 563/611/421 531/578/389 
f 531/578/389 563/611/421 564/612/422 532/579/390 
f 532/579/390 564/612/422 565/613/423 533/580/391 
f 533/580/391 565/613/423 534/614/392 502/581/360 
f 534/582/392 566/615/424 567/616/425 535/583/393 
f 535/583/393 567/616/425 568/617/426 536/584/394 
f 536/584/394 568/617/426 569/618/427 537/585/395 
f 537/585/395 569/618/427 570/619/428 538/586/396 
f 538/586/396 570/619/428 571/620/429 539/587/397 
f 539/587/397 571/620/429 572/621/430 540/588/398 
f 540/588/398 572/621/430 573/622/431 541/589/399 
f 541/589/399 573/622/431 574/623/432 542/590/400 
f 542/590/400 574/623/432 575/624/433 543/591/401 
f 543/591/401 575/624/433 576/625/434 544/592/402 
f 544/592/402 576/625/434 577/626/435 545/593/403 
f 545/593/403 577/626/435 578/627/436 546/594/404 
f 546/594/404 578/627/436 579/628/437 547/595/405 
f 547/595/405 579/628/437 580/629/438 548/596/406 
f 548/596/406 580/629/438 581/630/439 549/597/407 
f 549/597/407 581/630/439 582/631/440 550/598/408 
f 550/598/408 582/631/440 583/632/441 551/599/409 
f 551/599/409 583/632/441 584/633/442 552/600/410 
f 552/600/410 584/633/442 585/634/443 553/601/411 
f 553/601/411 585/634/443 586/635/444 554/602/412 
f 554/602/412 586/635/444 587/636/445 555/603/413 
f 555/603/413 587/636/445 588/637/446 556/604/414 
f 556/604/414 588/637/446 589/638/447 557/605/415 
f 557/605/415 589/638/447 590/639/448 558/606/416 
f 558/606/416 590/639/448 591/640/449 559/607/417 
f 559/607/417 591/640/449 592/641/450 560/608/418 
f 560/608/418 592/641/450 593/642/451 561/609/419 
f 561/609/419 593/642/451 594/643/452 562/610/420 
f 562/610/420 594/643/452 595/644/453 563/611/421 
f 563/611/421 595/644/453 596/645/454 564/612/422 
f 564/612/422 596/645/454 597/646/455 565/613/423 
f 565/613/423 597/646/455 566/647/424 534/614/392 
f 566/615/424 598/648/456 599/649/457 567/616/425 
f 567/616/425 599/649/457 600/650/458 568/617/426 
f 568/617/426 600/650/458 601/651/459 569/618/427 
f 569/618/427 601/651/459 602/652/460 570/619/428 
f 570/619/428 602/652/460 603/653/461 571/620/429 
f 571/620/429 603/653/461 604/654/462 572/621/430 
f 572/621/430 604/654/462 605/655/463 573/622/431 
f 573/622/431 605/655/463 606/656/464 574/623/432 
f 574/623/432 606/656/464 607/657/465 575/624/433 
f 575/624/433 607/657/465 608/658/466 576/625/434 
f 576/625/434 608/658/466 609/659/467 577/626/435 
f 577/626/435 609/659/467 610/660/468 578/627/436 
f 578/627/436 610/660/468 611/661/469 579/628/437 
f 579/628/437 611/661/469 612/662/470 580/629/438 
f 580/629/438 612/662/470 613/663/471 581/630/439 
f 581/630/439 613/663/471 614/664/472 582/631/440 
f 582/631/440 614/664/472 615/665/473 583/632/441 
f 583/632/441 615/665/473 616/666/474 584/633/442 
f 584/633/442 616/666/474 617/667/475 585/634/443 
f 585/634/443 617/667/475 618/668/476 586/635/444 
f 586/635/444 618/668/476 619/669/477 587/636/445 
f 587/636/445 619/669/477 620/670/478 588/637/446 
f 588/637/446 620/670/478 621/671/479 589/638/447 
f 589/638/447 621/671/479 622/672/480 590/639/448 
f 590/639/448 622/672/480 623/673/481 591/640/449 
f 591/640/449 623/673/481 624/674/482 592/641/450 
f 592/641/450 624/674/482 625/675/483 593/642/451 
f 593/642/451 625/675/483 626/676/484 594/643/452 
f 594/643/452 626/676/484 627/677/485 595/644/453 
f 595/644/453 627/677/485 628/678/486 596/645/454 
f 596/645/454 628/678/486 629/679/487 597/646/455 
f 597/646/455 629/679/487 598/680/456 566/647/424 
f 598/648/456 630/681/488 631/682/489 599/649/457 
f 599/649/457 631/682/489 632/683/490 600/650/458 
f 600/650/458 632/683/490 633/684/491 601/651/459 
f 601/651/459 633/684/491 634/685/492 602/652/460 
f 602/652/460 634/685/492 635/686/493 603/653/461 
f 603/653/461 635/686/493 636/687/494 604/654/462 
f 604/654/462 636/687/494 637/688/495 605/655/463 
f 605/655/463 637/688/495 638/689/496 606/656/464 
f 606/656/464 638/689/496 639/690/497 607/657/465 
f 607/657/465 639/690/497 640/691/498 608/658/466 
f 608/658/466 640/691/498 641/692/499 609/659/467 
f 609/659/467 641/692/499 642/693/500 610/660/468 
f 610/660/468 642/693/500 643/694/501 611/661/469 
f 611/661/469 643/694/501 644/695/502 612/662/470 
f 612/662/470 644/695/502 645/696/503 613/663/471 
f 613/663/471 645/696/503 646/697/504 614/664/472 
f 614/664/472 646/697/504 647/698/505 615/665/473 
f 615/665/473 647/698/505 648/699/506 616/666/474 
f 616/666/474 648/699/506 649/700/507 617/667/475 
f 617/667/475 649/700/507 650/701/508 618/668/476 
f 618/668/476 650/701/508 651/702/509 619/669/477 
f 619/669/477 651/702/509 652/703/510 620/670/478 
f 620/670/478 652/703/510 653/704/511 621/671/479 
f 621/671/479 653/704/511 654/705/512 622/672/480 
f 622/672/480 654/705/512 655/706/513 623/673/481 
f 623/673/481 655/706/513 656/707/514 624/674/482 
f 624/674/482 656/707/514 657/708/515 625/675/483 
f 625/675/483 657/708/515 658/709/516 626/676/484 
f 626/676/484 658/709/516 659/710/517 627/677/485 
f 627/677/485 659/710/517 660/711/518 628/678/486 
f 628/678/486 660/711/518 661/712/519 629/679/487 
f 629/679/487 661/712/519 630/713/488 598/680/456 
f 630/681/488 662/714/520 663/715/521 631/682/489 
f 631/682/489 663/715/521 664/716/522 632/683/490 
f 632/683/490 664/716/522 665/717/523 633/684/491 
f 633/684/491 665/717/523 666/718/524 634/685/492 
f 634/685/492 666/718/524 667/719/525 635/686/493 
f 635/686/493 667/719/525 668/720/526 636/687/494 
f 636/687/494 668/720/526 669/721/527 637/688/495 
f 637/688/495 669/721/527 670/722/528 638/689/496 
f 638/689/496 670/722/528 671/723/529 639/690/497 
f 639/690/497 671/723/529 672/724/530 640/691/498 
f 640/691/498 672/724/530 673/725/531 641/692/499 
f 641/692/499 673/725/531 674/726/532 642/693/500 
f 642/693/500 674/726/532 675/727/533 643/694/501 
f 643/694/501 675/727/533 676/728/534 644/695/502 
f 644/695/502 676/728/534 677/729/535 645/696/503 
f 645/696/503 677/729/535 678/730/536 646/697/504 
f 646/697/504 678/730/536 679/731/537 647/698/505 
f 647/698/505 679/731/537 680/732/538 648/699/506 
f 648/699/506 680/732/538 681/733/539 649/700/507 
f 649/700/507 681/733/539 682/734/540 650/701/508 
f 650/701/508 682/734/540 683/735/541 651/702/509 
f 651/702/509 683/735/541 684/736/542 652/703/510 
f 652/703/510 684/736/542 685/737/543 653/704/511 
f 653/704/511 685/737/543 686/738/544 654/705/512 
f 654/705/512 686/738/544 687/739/545 655/706/513 
f 655/706/513 687/739/545 688/740/546 656/707/514 
f 656/707/514 688/740/546 689/741/547 657/708/515 
f 657/708/515 689/741/547 690/742/548 658/709/516 
f 658/709/516 690/742/548 691/743/549 659/710/517 
f 659/710/517 691/743/549 692/744/550 660/711/518 
f 660/711/518 692/744/550 693/745/551 661/712/519 
f 661/712/519 693/745/551 662/746/520 630/713/488 
f 694/747/552 663/715/521 662/714/520 
f 694/748/552 664/716/522 663/715/521 
f 694/749/552 665/717/523 664/716/522 
f 694/750/552 666/718/524 665/717/523 
f 694/751/552 667/719/525 666/718/524 
f 694/752/552 668/720/526 667/719/525 
f 694/753/552 669/721/527 668/720/526 
f 694/754/552 670/722/528 669/721/527 
f 694/755/552 671/723/529 670/722/528 
f 694/756/552 672/724/530 671/723/529 
f 694/757/552 673/725/531 672/724/530 
f 694/758/552 674/726/532 673/725/531 
f 694/759/552 675/727/533 674/726/532 
f 694/760/552 676/728/534 675/727/533 
f 694/761/552 677/729/535 676/728/534 
f 694/762/552 678/730/536 677/729/535 
f 694/763/552 679/731/537 678/730/536 
f 694/764/552 680/732/538 679/731/537 
f 694/765/552 681/733/539 680/732/538 
f 694/766/552 682/734/540 681/733/539 
f 694/767/552 683/735/541 682/734/540 
f 694/768/552 684/736/542 683/735/541 
f 694/769/552 685/737/543 684/736/542 
f 694/770/552 686/738/544 685/737/543 
f 694/771/552 687/739/545 686/738/544 
f 694/772/552 688/740/546 687/739/545 
f 694/773/552 689/741/547 688/740/546 
f 694/774/552 690/742/548 689/741/547 
f 694/775/552 691/743/549 690/742/548 
f 694/776/552 692/744/550 691/743/549 
f 694/777/552 693/745/551 692/744/550 
f 694/778/552 662/746/520 693/745/551 
# 448 polygons - 64 triangles

#
# object Sphere002
#

v  0.0000 245.0874 0.0000
v  -0.0000 244.6048 -4.8998
v  -0.9559 244.6048 -4.8057
v  -1.8751 244.6048 -4.5268
v  -2.7222 244.6048 -4.0741
v  -3.4647 244.6048 -3.4647
v  -4.0741 244.6048 -2.7222
v  -4.5268 244.6048 -1.8751
v  -4.8057 244.6048 -0.9559
v  -4.8998 244.6048 0.0000
v  -4.8057 244.6048 0.9559
v  -4.5268 244.6048 1.8751
v  -4.0741 244.6048 2.7222
v  -3.4647 244.6048 3.4647
v  -2.7222 244.6048 4.0741
v  -1.8751 244.6048 4.5269
v  -0.9559 244.6048 4.8057
v  0.0000 244.6048 4.8998
v  0.9559 244.6048 4.8057
v  1.8751 244.6048 4.5268
v  2.7222 244.6048 4.0741
v  3.4647 244.6048 3.4647
v  4.0741 244.6048 2.7222
v  4.5269 244.6048 1.8751
v  4.8057 244.6048 0.9559
v  4.8998 244.6048 -0.0000
v  4.8057 244.6048 -0.9559
v  4.5268 244.6048 -1.8751
v  4.0741 244.6048 -2.7222
v  3.4647 244.6048 -3.4647
v  2.7222 244.6048 -4.0741
v  1.8751 244.6048 -4.5269
v  0.9559 244.6048 -4.8057
v  -0.0000 243.1756 -9.6114
v  -1.8751 243.1756 -9.4267
v  -3.6781 243.1756 -8.8797
v  -5.3398 243.1756 -7.9915
v  -6.7963 243.1756 -6.7963
v  -7.9915 243.1756 -5.3398
v  -8.8797 243.1756 -3.6781
v  -9.4267 243.1756 -1.8751
v  -9.6114 243.1756 0.0000
v  -9.4267 243.1756 1.8751
v  -8.8797 243.1756 3.6781
v  -7.9915 243.1756 5.3398
v  -6.7962 243.1756 6.7963
v  -5.3398 243.1756 7.9916
v  -3.6781 243.1756 8.8797
v  -1.8751 243.1756 9.4267
v  0.0000 243.1756 9.6114
v  1.8751 243.1756 9.4267
v  3.6781 243.1756 8.8797
v  5.3398 243.1756 7.9915
v  6.7963 243.1756 6.7962
v  7.9916 243.1756 5.3398
v  8.8797 243.1756 3.6781
v  9.4267 243.1756 1.8751
v  9.6114 243.1756 -0.0000
v  9.4267 243.1756 -1.8751
v  8.8797 243.1756 -3.6781
v  7.9915 243.1756 -5.3398
v  6.7962 243.1756 -6.7963
v  5.3398 243.1756 -7.9916
v  3.6781 243.1756 -8.8797
v  1.8751 243.1756 -9.4267
v  -0.0000 240.8546 -13.9535
v  -2.7222 240.8546 -13.6854
v  -5.3398 240.8546 -12.8914
v  -7.7522 240.8546 -11.6019
v  -9.8666 240.8546 -9.8666
v  -11.6019 240.8546 -7.7522
v  -12.8914 240.8546 -5.3398
v  -13.6854 240.8546 -2.7222
v  -13.9535 240.8546 0.0000
v  -13.6854 240.8546 2.7222
v  -12.8914 240.8546 5.3398
v  -11.6019 240.8546 7.7522
v  -9.8666 240.8546 9.8666
v  -7.7522 240.8546 11.6019
v  -5.3398 240.8546 12.8914
v  -2.7222 240.8546 13.6854
v  0.0000 240.8546 13.9535
v  2.7222 240.8546 13.6854
v  5.3398 240.8546 12.8914
v  7.7522 240.8546 11.6019
v  9.8666 240.8546 9.8666
v  11.6019 240.8546 7.7521
v  12.8914 240.8546 5.3398
v  13.6854 240.8546 2.7222
v  13.9535 240.8546 -0.0000
v  13.6854 240.8546 -2.7222
v  12.8914 240.8546 -5.3398
v  11.6019 240.8546 -7.7522
v  9.8666 240.8546 -9.8666
v  7.7521 240.8546 -11.6019
v  5.3398 240.8546 -12.8914
v  2.7222 240.8546 -13.6854
v  -0.0000 237.7312 -17.7595
v  -3.4647 237.7312 -17.4182
v  -6.7963 237.7312 -16.4076
v  -9.8666 237.7312 -14.7665
v  -12.5578 237.7312 -12.5578
v  -14.7665 237.7312 -9.8666
v  -16.4076 237.7312 -6.7962
v  -17.4182 237.7312 -3.4647
v  -17.7595 237.7312 0.0000
v  -17.4182 237.7312 3.4647
v  -16.4076 237.7312 6.7963
v  -14.7664 237.7312 9.8666
v  -12.5578 237.7312 12.5578
v  -9.8666 237.7312 14.7665
v  -6.7962 237.7312 16.4076
v  -3.4647 237.7312 17.4182
v  0.0000 237.7312 17.7595
v  3.4647 237.7312 17.4182
v  6.7963 237.7312 16.4076
v  9.8666 237.7312 14.7664
v  12.5579 237.7312 12.5578
v  14.7665 237.7312 9.8666
v  16.4076 237.7312 6.7962
v  17.4182 237.7312 3.4647
v  17.7595 237.7312 -0.0000
v  17.4182 237.7312 -3.4647
v  16.4076 237.7312 -6.7963
v  14.7664 237.7312 -9.8667
v  12.5578 237.7312 -12.5579
v  9.8666 237.7312 -14.7665
v  6.7962 237.7312 -16.4076
v  3.4647 237.7312 -17.4182
v  -0.0000 233.9252 -20.8829
v  -4.0741 233.9252 -20.4817
v  -7.9915 233.9252 -19.2933
v  -11.6019 233.9252 -17.3635
v  -14.7665 233.9252 -14.7665
v  -17.3635 233.9252 -11.6019
v  -19.2933 233.9252 -7.9915
v  -20.4817 233.9252 -4.0741
v  -20.8829 233.9252 0.0000
v  -20.4817 233.9252 4.0741
v  -19.2933 233.9252 7.9916
v  -17.3635 233.9252 11.6019
v  -14.7664 233.9252 14.7665
v  -11.6019 233.9252 17.3635
v  -7.9915 233.9252 19.2933
v  -4.0740 233.9252 20.4817
v  0.0000 233.9252 20.8829
v  4.0741 233.9252 20.4817
v  7.9916 233.9252 19.2933
v  11.6020 233.9252 17.3635
v  14.7665 233.9252 14.7664
v  17.3635 233.9252 11.6019
v  19.2933 233.9252 7.9915
v  20.4817 233.9252 4.0740
v  20.8829 233.9252 -0.0000
v  20.4817 233.9252 -4.0741
v  19.2933 233.9252 -7.9916
v  17.3635 233.9252 -11.6020
v  14.7664 233.9252 -14.7665
v  11.6019 233.9252 -17.3635
v  7.9915 233.9252 -19.2933
v  4.0740 233.9252 -20.4817
v  -0.0000 229.5831 -23.2039
v  -4.5268 229.5831 -22.7580
v  -8.8797 229.5831 -21.4376
v  -12.8914 229.5831 -19.2933
v  -16.4076 229.5831 -16.4076
v  -19.2933 229.5831 -12.8914
v  -21.4376 229.5831 -8.8797
v  -22.7580 229.5831 -4.5268
v  -23.2039 229.5831 0.0000
v  -22.7580 229.5831 4.5269
v  -21.4376 229.5831 8.8797
v  -19.2933 229.5831 12.8914
v  -16.4076 229.5831 16.4076
v  -12.8914 229.5831 19.2933
v  -8.8797 229.5831 21.4376
v  -4.5268 229.5831 22.7580
v  0.0000 229.5831 23.2039
v  4.5269 229.5831 22.7580
v  8.8798 229.5831 21.4376
v  12.8914 229.5831 19.2933
v  16.4076 229.5831 16.4076
v  19.2933 229.5831 12.8913
v  21.4376 229.5831 8.8797
v  22.7580 229.5831 4.5268
v  23.2039 229.5831 -0.0000
v  22.7580 229.5831 -4.5269
v  21.4376 229.5831 -8.8798
v  19.2933 229.5831 -12.8914
v  16.4076 229.5831 -16.4076
v  12.8913 229.5831 -19.2933
v  8.8797 229.5831 -21.4376
v  4.5268 229.5831 -22.7580
v  -0.0000 224.8715 -24.6331
v  -4.8057 224.8715 -24.1598
v  -9.4267 224.8715 -22.7580
v  -13.6854 224.8715 -20.4817
v  -17.4182 224.8715 -17.4182
v  -20.4817 224.8715 -13.6854
v  -22.7580 224.8715 -9.4267
v  -24.1598 224.8715 -4.8057
v  -24.6331 224.8715 0.0000
v  -24.1598 224.8715 4.8057
v  -22.7580 224.8715 9.4267
v  -20.4817 224.8715 13.6854
v  -17.4182 224.8715 17.4182
v  -13.6854 224.8715 20.4817
v  -9.4267 224.8715 22.7580
v  -4.8057 224.8715 24.1598
v  0.0000 224.8715 24.6331
v  4.8057 224.8715 24.1598
v  9.4267 224.8715 22.7580
v  13.6854 224.8715 20.4816
v  17.4182 224.8715 17.4182
v  20.4817 224.8715 13.6854
v  22.7580 224.8715 9.4266
v  24.1598 224.8715 4.8056
v  24.6331 224.8715 -0.0000
v  24.1598 224.8715 -4.8057
v  22.7580 224.8715 -9.4267
v  20.4816 224.8715 -13.6854
v  17.4182 224.8715 -17.4183
v  13.6854 224.8715 -20.4817
v  9.4266 224.8715 -22.7580
v  4.8056 224.8715 -24.1598
v  -0.0000 219.9717 -25.1157
v  -4.8998 219.9717 -24.6331
v  -9.6114 219.9717 -23.2039
v  -13.9535 219.9717 -20.8829
v  -17.7595 219.9717 -17.7595
v  -20.8829 219.9717 -13.9535
v  -23.2039 219.9717 -9.6113
v  -24.6331 219.9717 -4.8998
v  -25.1157 219.9717 0.0000
v  -24.6331 219.9717 4.8998
v  -23.2039 219.9717 9.6114
v  -20.8829 219.9717 13.9535
v  -17.7595 219.9717 17.7595
v  -13.9535 219.9717 20.8829
v  -9.6113 219.9717 23.2039
v  -4.8998 219.9717 24.6331
v  0.0000 219.9717 25.1157
v  4.8999 219.9717 24.6331
v  9.6114 219.9717 23.2038
v  13.9535 219.9717 20.8829
v  17.7595 219.9717 17.7594
v  20.8829 219.9717 13.9535
v  23.2039 219.9717 9.6113
v  24.6331 219.9717 4.8998
v  25.1157 219.9717 -0.0000
v  24.6331 219.9717 -4.8999
v  23.2038 219.9717 -9.6114
v  20.8829 219.9717 -13.9536
v  17.7594 219.9717 -17.7595
v  13.9535 219.9717 -20.8829
v  9.6113 219.9717 -23.2039
v  4.8998 219.9717 -24.6331
v  -0.0000 215.0719 -24.6331
v  -4.8057 215.0719 -24.1598
v  -9.4267 215.0719 -22.7580
v  -13.6854 215.0719 -20.4817
v  -17.4182 215.0719 -17.4182
v  -20.4817 215.0719 -13.6854
v  -22.7580 215.0719 -9.4267
v  -24.1598 215.0719 -4.8057
v  -24.6331 215.0719 0.0000
v  -24.1598 215.0719 4.8057
v  -22.7580 215.0719 9.4267
v  -20.4817 215.0719 13.6854
v  -17.4182 215.0719 17.4182
v  -13.6854 215.0719 20.4817
v  -9.4267 215.0719 22.7580
v  -4.8057 215.0719 24.1598
v  0.0000 215.0719 24.6331
v  4.8057 215.0719 24.1598
v  9.4267 215.0719 22.7580
v  13.6854 215.0719 20.4816
v  17.4182 215.0719 17.4182
v  20.4817 215.0719 13.6854
v  22.7580 215.0719 9.4266
v  24.1598 215.0719 4.8056
v  24.6331 215.0719 -0.0000
v  24.1598 215.0719 -4.8057
v  22.7580 215.0719 -9.4267
v  20.4816 215.0719 -13.6854
v  17.4182 215.0719 -17.4183
v  13.6854 215.0719 -20.4817
v  9.4266 215.0719 -22.7580
v  4.8056 215.0719 -24.1598
v  -0.0000 210.3604 -23.2039
v  -4.5268 210.3604 -22.7580
v  -8.8797 210.3604 -21.4376
v  -12.8914 210.3604 -19.2933
v  -16.4076 210.3604 -16.4076
v  -19.2933 210.3604 -12.8914
v  -21.4376 210.3604 -8.8797
v  -22.7580 210.3604 -4.5268
v  -23.2039 210.3604 0.0000
v  -22.7580 210.3604 4.5269
v  -21.4376 210.3604 8.8797
v  -19.2933 210.3604 12.8914
v  -16.4076 210.3604 16.4076
v  -12.8914 210.3604 19.2933
v  -8.8797 210.3604 21.4376
v  -4.5268 210.3604 22.7580
v  0.0000 210.3604 23.2039
v  4.5269 210.3604 22.7580
v  8.8798 210.3604 21.4376
v  12.8914 210.3604 19.2933
v  16.4076 210.3604 16.4076
v  19.2933 210.3604 12.8913
v  21.4376 210.3604 8.8797
v  22.7580 210.3604 4.5268
v  23.2039 210.3604 -0.0000
v  22.7580 210.3604 -4.5269
v  21.4376 210.3604 -8.8798
v  19.2933 210.3604 -12.8914
v  16.4076 210.3604 -16.4076
v  12.8913 210.3604 -19.2933
v  8.8797 210.3604 -21.4376
v  4.5268 210.3604 -22.7580
v  -0.0000 206.0182 -20.8829
v  -4.0741 206.0182 -20.4817
v  -7.9915 206.0182 -19.2933
v  -11.6019 206.0182 -17.3635
v  -14.7665 206.0182 -14.7665
v  -17.3635 206.0182 -11.6019
v  -19.2933 206.0182 -7.9915
v  -20.4817 206.0182 -4.0741
v  -20.8829 206.0182 0.0000
v  -20.4817 206.0182 4.0741
v  -19.2933 206.0182 7.9916
v  -17.3635 206.0182 11.6019
v  -14.7664 206.0182 14.7665
v  -11.6019 206.0182 17.3635
v  -7.9915 206.0182 19.2933
v  -4.0740 206.0182 20.4817
v  0.0000 206.0182 20.8829
v  4.0741 206.0182 20.4817
v  7.9916 206.0182 19.2933
v  11.6020 206.0182 17.3635
v  14.7665 206.0182 14.7664
v  17.3635 206.0182 11.6019
v  19.2933 206.0182 7.9915
v  20.4817 206.0182 4.0740
v  20.8829 206.0182 -0.0000
v  20.4817 206.0182 -4.0741
v  19.2933 206.0182 -7.9916
v  17.3635 206.0182 -11.6020
v  14.7664 206.0182 -14.7665
v  11.6019 206.0182 -17.3635
v  7.9915 206.0182 -19.2933
v  4.0740 206.0182 -20.4817
v  -0.0000 202.2122 -17.7595
v  -3.4647 202.2122 -17.4182
v  -6.7963 202.2122 -16.4076
v  -9.8666 202.2122 -14.7665
v  -12.5578 202.2122 -12.5578
v  -14.7665 202.2122 -9.8666
v  -16.4076 202.2122 -6.7962
v  -17.4182 202.2122 -3.4647
v  -17.7595 202.2122 0.0000
v  -17.4182 202.2122 3.4647
v  -16.4076 202.2122 6.7963
v  -14.7664 202.2122 9.8666
v  -12.5578 202.2122 12.5578
v  -9.8666 202.2122 14.7665
v  -6.7962 202.2122 16.4076
v  -3.4647 202.2122 17.4182
v  0.0000 202.2122 17.7595
v  3.4647 202.2122 17.4182
v  6.7963 202.2122 16.4076
v  9.8666 202.2122 14.7664
v  12.5579 202.2122 12.5578
v  14.7665 202.2122 9.8666
v  16.4076 202.2122 6.7962
v  17.4182 202.2122 3.4647
v  17.7595 202.2122 -0.0000
v  17.4182 202.2122 -3.4647
v  16.4076 202.2122 -6.7963
v  14.7664 202.2122 -9.8667
v  12.5578 202.2122 -12.5579
v  9.8666 202.2122 -14.7665
v  6.7962 202.2122 -16.4076
v  3.4647 202.2122 -17.4182
v  -0.0000 199.0888 -13.9535
v  -2.7222 199.0888 -13.6854
v  -5.3398 199.0888 -12.8914
v  -7.7522 199.0888 -11.6019
v  -9.8666 199.0888 -9.8666
v  -11.6019 199.0888 -7.7522
v  -12.8914 199.0888 -5.3398
v  -13.6854 199.0888 -2.7222
v  -13.9535 199.0888 0.0000
v  -13.6854 199.0888 2.7222
v  -12.8914 199.0888 5.3398
v  -11.6019 199.0888 7.7522
v  -9.8666 199.0888 9.8666
v  -7.7522 199.0888 11.6019
v  -5.3398 199.0888 12.8914
v  -2.7222 199.0888 13.6854
v  0.0000 199.0888 13.9535
v  2.7222 199.0888 13.6854
v  5.3398 199.0888 12.8914
v  7.7522 199.0888 11.6019
v  9.8666 199.0888 9.8666
v  11.6019 199.0888 7.7521
v  12.8914 199.0888 5.3398
v  13.6854 199.0888 2.7222
v  13.9535 199.0888 -0.0000
v  13.6854 199.0888 -2.7222
v  12.8914 199.0888 -5.3398
v  11.6019 199.0888 -7.7522
v  9.8666 199.0888 -9.8666
v  7.7521 199.0888 -11.6019
v  5.3398 199.0888 -12.8914
v  2.7222 199.0888 -13.6854
v  -0.0000 196.7678 -9.6113
v  -1.8751 196.7678 -9.4267
v  -3.6781 196.7678 -8.8797
v  -5.3398 196.7678 -7.9915
v  -6.7962 196.7678 -6.7962
v  -7.9915 196.7678 -5.3398
v  -8.8797 196.7678 -3.6781
v  -9.4267 196.7678 -1.8751
v  -9.6113 196.7678 0.0000
v  -9.4267 196.7678 1.8751
v  -8.8797 196.7678 3.6781
v  -7.9915 196.7678 5.3398
v  -6.7962 196.7678 6.7963
v  -5.3398 196.7678 7.9915
v  -3.6781 196.7678 8.8797
v  -1.8751 196.7678 9.4267
v  0.0000 196.7678 9.6114
v  1.8751 196.7678 9.4267
v  3.6781 196.7678 8.8797
v  5.3398 196.7678 7.9915
v  6.7963 196.7678 6.7962
v  7.9916 196.7678 5.3398
v  8.8797 196.7678 3.6781
v  9.4267 196.7678 1.8751
v  9.6113 196.7678 -0.0000
v  9.4267 196.7678 -1.8751
v  8.8797 196.7678 -3.6781
v  7.9915 196.7678 -5.3398
v  6.7962 196.7678 -6.7963
v  5.3398 196.7678 -7.9916
v  3.6781 196.7678 -8.8797
v  1.8751 196.7678 -9.4267
v  -0.0000 195.3386 -4.8998
v  -0.9559 195.3386 -4.8057
v  -1.8751 195.3386 -4.5268
v  -2.7222 195.3386 -4.0740
v  -3.4647 195.3386 -3.4647
v  -4.0741 195.3386 -2.7222
v  -4.5268 195.3386 -1.8751
v  -4.8057 195.3386 -0.9559
v  -4.8998 195.3386 0.0000
v  -4.8057 195.3386 0.9559
v  -4.5268 195.3386 1.8751
v  -4.0740 195.3386 2.7222
v  -3.4647 195.3386 3.4647
v  -2.7222 195.3386 4.0741
v  -1.8751 195.3386 4.5268
v  -0.9559 195.3386 4.8057
v  0.0000 195.3386 4.8998
v  0.9559 195.3386 4.8057
v  1.8751 195.3386 4.5268
v  2.7222 195.3386 4.0740
v  3.4647 195.3386 3.4647
v  4.0741 195.3386 2.7222
v  4.5268 195.3386 1.8751
v  4.8057 195.3386 0.9559
v  4.8998 195.3386 -0.0000
v  4.8057 195.3386 -0.9559
v  4.5268 195.3386 -1.8751
v  4.0740 195.3386 -2.7222
v  3.4647 195.3386 -3.4647
v  2.7222 195.3386 -4.0741
v  1.8751 195.3386 -4.5268
v  0.9559 195.3386 -4.8057
v  0.0000 194.8560 0.0000
# 482 vertices

vn -0.0000 1.0000 0.0000
vn -0.0000 0.9796 -0.2010
vn -0.0392 0.9796 -0.1971
vn -0.0769 0.9796 -0.1857
vn -0.1117 0.9796 -0.1671
vn -0.1421 0.9796 -0.1421
vn -0.1671 0.9796 -0.1117
vn -0.1857 0.9796 -0.0769
vn -0.1971 0.9796 -0.0392
vn -0.2010 0.9796 0.0000
vn -0.1971 0.9796 0.0392
vn -0.1857 0.9796 0.0769
vn -0.1671 0.9796 0.1117
vn -0.1421 0.9796 0.1421
vn -0.1117 0.9796 0.1671
vn -0.0769 0.9796 0.1857
vn -0.0392 0.9796 0.1971
vn 0.0000 0.9796 0.2010
vn 0.0392 0.9796 0.1971
vn 0.0769 0.9796 0.1857
vn 0.1117 0.9796 0.1671
vn 0.1421 0.9796 0.1421
vn 0.1671 0.9796 0.1117
vn 0.1857 0.9796 0.0769
vn 0.1971 0.9796 0.0392
vn 0.2010 0.9796 -0.0000
vn 0.1971 0.9796 -0.0392
vn 0.1857 0.9796 -0.0769
vn 0.1671 0.9796 -0.1117
vn 0.1421 0.9796 -0.1421
vn 0.1117 0.9796 -0.1671
vn 0.0769 0.9796 -0.1857
vn 0.0392 0.9796 -0.1971
vn -0.0000 0.9217 -0.3879
vn -0.0757 0.9217 -0.3804
vn -0.1484 0.9217 -0.3584
vn -0.2155 0.9217 -0.3225
vn -0.2743 0.9217 -0.2743
vn -0.3225 0.9217 -0.2155
vn -0.3584 0.9217 -0.1484
vn -0.3804 0.9217 -0.0757
vn -0.3879 0.9217 0.0000
vn -0.3804 0.9217 0.0757
vn -0.3584 0.9217 0.1484
vn -0.3225 0.9217 0.2155
vn -0.2743 0.9217 0.2743
vn -0.2155 0.9217 0.3225
vn -0.1484 0.9217 0.3584
vn -0.0757 0.9217 0.3804
vn 0.0000 0.9217 0.3879
vn 0.0757 0.9217 0.3804
vn 0.1484 0.9217 0.3584
vn 0.2155 0.9217 0.3225
vn 0.2743 0.9217 0.2743
vn 0.3225 0.9217 0.2155
vn 0.3584 0.9217 0.1484
vn 0.3804 0.9217 0.0757
vn 0.3879 0.9217 -0.0000
vn 0.3804 0.9217 -0.0757
vn 0.3584 0.9217 -0.1484
vn 0.3225 0.9217 -0.2155
vn 0.2743 0.9217 -0.2743
vn 0.2155 0.9217 -0.3225
vn 0.1484 0.9217 -0.3584
vn 0.0757 0.9217 -0.3804
vn -0.0000 0.8286 -0.5598
vn -0.1092 0.8286 -0.5490
vn -0.2142 0.8286 -0.5172
vn -0.3110 0.8286 -0.4654
vn -0.3958 0.8286 -0.3958
vn -0.4654 0.8286 -0.3110
vn -0.5172 0.8286 -0.2142
vn -0.5490 0.8286 -0.1092
vn -0.5598 0.8286 0.0000
vn -0.5490 0.8286 0.1092
vn -0.5172 0.8286 0.2142
vn -0.4654 0.8286 0.3110
vn -0.3958 0.8286 0.3958
vn -0.3110 0.8286 0.4654
vn -0.2142 0.8286 0.5172
vn -0.1092 0.8286 0.5490
vn 0.0000 0.8286 0.5598
vn 0.1092 0.8286 0.5490
vn 0.2142 0.8286 0.5172
vn 0.3110 0.8286 0.4654
vn 0.3958 0.8286 0.3958
vn 0.4654 0.8286 0.3110
vn 0.5172 0.8286 0.2142
vn 0.5490 0.8286 0.1092
vn 0.5598 0.8286 -0.0000
vn 0.5490 0.8286 -0.1092
vn 0.5172 0.8286 -0.2142
vn 0.4654 0.8286 -0.3110
vn 0.3958 0.8286 -0.3958
vn 0.3110 0.8286 -0.4654
vn 0.2142 0.8286 -0.5172
vn 0.1092 0.8286 -0.5490
vn -0.0000 0.7041 -0.7101
vn -0.1385 0.7041 -0.6965
vn -0.2718 0.7041 -0.6561
vn -0.3945 0.7041 -0.5905
vn -0.5021 0.7041 -0.5021
vn -0.5905 0.7041 -0.3945
vn -0.6561 0.7041 -0.2718
vn -0.6965 0.7041 -0.1385
vn -0.7101 0.7041 0.0000
vn -0.6965 0.7041 0.1385
vn -0.6561 0.7041 0.2718
vn -0.5905 0.7041 0.3945
vn -0.5021 0.7041 0.5021
vn -0.3945 0.7041 0.5905
vn -0.2718 0.7041 0.6561
vn -0.1385 0.7041 0.6965
vn 0.0000 0.7041 0.7101
vn 0.1385 0.7041 0.6965
vn 0.2718 0.7041 0.6561
vn 0.3945 0.7041 0.5905
vn 0.5021 0.7041 0.5021
vn 0.5905 0.7041 0.3945
vn 0.6561 0.7041 0.2718
vn 0.6965 0.7041 0.1385
vn 0.7101 0.7041 -0.0000
vn 0.6965 0.7041 -0.1385
vn 0.6561 0.7041 -0.2718
vn 0.5905 0.7041 -0.3945
vn 0.5021 0.7041 -0.5021
vn 0.3945 0.7041 -0.5905
vn 0.2718 0.7041 -0.6561
vn 0.1385 0.7041 -0.6965
vn -0.0000 0.5528 -0.8333
vn -0.1626 0.5528 -0.8173
vn -0.3189 0.5528 -0.7699
vn -0.4630 0.5528 -0.6929
vn -0.5893 0.5528 -0.5893
vn -0.6929 0.5528 -0.4630
vn -0.7699 0.5528 -0.3189
vn -0.8173 0.5528 -0.1626
vn -0.8333 0.5528 0.0000
vn -0.8173 0.5528 0.1626
vn -0.7699 0.5528 0.3189
vn -0.6929 0.5528 0.4630
vn -0.5893 0.5528 0.5893
vn -0.4630 0.5528 0.6929
vn -0.3189 0.5528 0.7699
vn -0.1626 0.5528 0.8173
vn 0.0000 0.5528 0.8333
vn 0.1626 0.5528 0.8173
vn 0.3189 0.5528 0.7699
vn 0.4630 0.5528 0.6929
vn 0.5893 0.5528 0.5893
vn 0.6929 0.5528 0.4630
vn 0.7699 0.5528 0.3189
vn 0.8173 0.5528 0.1626
vn 0.8333 0.5528 -0.0000
vn 0.8173 0.5528 -0.1626
vn 0.7699 0.5528 -0.3189
vn 0.6929 0.5528 -0.4630
vn 0.5893 0.5528 -0.5893
vn 0.4630 0.5528 -0.6929
vn 0.3189 0.5528 -0.7699
vn 0.1626 0.5528 -0.8173
vn -0.0000 0.3805 -0.9248
vn -0.1804 0.3805 -0.9070
vn -0.3539 0.3805 -0.8544
vn -0.5138 0.3805 -0.7689
vn -0.6539 0.3805 -0.6539
vn -0.7689 0.3805 -0.5138
vn -0.8544 0.3805 -0.3539
vn -0.9070 0.3805 -0.1804
vn -0.9248 0.3805 0.0000
vn -0.9070 0.3805 0.1804
vn -0.8544 0.3805 0.3539
vn -0.7689 0.3805 0.5138
vn -0.6539 0.3805 0.6539
vn -0.5138 0.3805 0.7689
vn -0.3539 0.3805 0.8544
vn -0.1804 0.3805 0.9070
vn 0.0000 0.3805 0.9248
vn 0.1804 0.3805 0.9070
vn 0.3539 0.3805 0.8544
vn 0.5138 0.3805 0.7689
vn 0.6539 0.3805 0.6539
vn 0.7689 0.3805 0.5138
vn 0.8544 0.3805 0.3539
vn 0.9070 0.3805 0.1804
vn 0.9248 0.3805 -0.0000
vn 0.9070 0.3805 -0.1804
vn 0.8544 0.3805 -0.3539
vn 0.7689 0.3805 -0.5138
vn 0.6539 0.3805 -0.6539
vn 0.5138 0.3805 -0.7689
vn 0.3539 0.3805 -0.8544
vn 0.1804 0.3805 -0.9070
vn -0.0000 0.1939 -0.9810
vn -0.1914 0.1939 -0.9622
vn -0.3754 0.1939 -0.9063
vn -0.5450 0.1939 -0.8157
vn -0.6937 0.1939 -0.6937
vn -0.8157 0.1939 -0.5450
vn -0.9063 0.1939 -0.3754
vn -0.9622 0.1939 -0.1914
vn -0.9810 0.1939 0.0000
vn -0.9622 0.1939 0.1914
vn -0.9063 0.1939 0.3754
vn -0.8157 0.1939 0.5450
vn -0.6937 0.1939 0.6937
vn -0.5450 0.1939 0.8157
vn -0.3754 0.1939 0.9063
vn -0.1914 0.1939 0.9622
vn 0.0000 0.1939 0.9810
vn 0.1914 0.1939 0.9622
vn 0.3754 0.1939 0.9063
vn 0.5450 0.1939 0.8157
vn 0.6937 0.1939 0.6937
vn 0.8157 0.1939 0.5450
vn 0.9063 0.1939 0.3754
vn 0.9622 0.1939 0.1914
vn 0.9810 0.1939 -0.0000
vn 0.9622 0.1939 -0.1914
vn 0.9063 0.1939 -0.3754
vn 0.8157 0.1939 -0.5450
vn 0.6937 0.1939 -0.6937
vn 0.5450 0.1939 -0.8157
vn 0.3754 0.1939 -0.9063
vn 0.1914 0.1939 -0.9622
vn -0.0000 0.0000 -1.0000
vn -0.1951 0.0000 -0.9808
vn -0.3827 0.0000 -0.9239
vn -0.5556 0.0000 -0.8315
vn -0.7071 0.0000 -0.7071
vn -0.8315 0.0000 -0.5556
vn -0.9239 0.0000 -0.3827
vn -0.9808 0.0000 -0.1951
vn -1.0000 0.0000 0.0000
vn -0.9808 0.0000 0.1951
vn -0.9239 0.0000 0.3827
vn -0.8315 0.0000 0.5556
vn -0.7071 0.0000 0.7071
vn -0.5556 0.0000 0.8315
vn -0.3827 0.0000 0.9239
vn -0.1951 0.0000 0.9808
vn 0.0000 0.0000 1.0000
vn 0.1951 0.0000 0.9808
vn 0.3827 0.0000 0.9239
vn 0.5556 0.0000 0.8315
vn 0.7071 0.0000 0.7071
vn 0.8315 0.0000 0.5556
vn 0.9239 0.0000 0.3827
vn 0.9808 0.0000 0.1951
vn 1.0000 0.0000 -0.0000
vn 0.9808 0.0000 -0.1951
vn 0.9239 0.0000 -0.3827
vn 0.8315 0.0000 -0.5556
vn 0.7071 0.0000 -0.7071
vn 0.5556 0.0000 -0.8315
vn 0.3827 0.0000 -0.9239
vn 0.1951 0.0000 -0.9808
vn -0.0000 -0.1939 -0.9810
vn -0.1914 -0.1939 -0.9622
vn -0.3754 -0.1939 -0.9063
vn -0.5450 -0.1939 -0.8157
vn -0.6937 -0.1939 -0.6937
vn -0.8157 -0.1939 -0.5450
vn -0.9063 -0.1939 -0.3754
vn -0.9622 -0.1939 -0.1914
vn -0.9810 -0.1939 0.0000
vn -0.9622 -0.1939 0.1914
vn -0.9063 -0.1939 0.3754
vn -0.8157 -0.1939 0.5450
vn -0.6937 -0.1939 0.6937
vn -0.5450 -0.1939 0.8157
vn -0.3754 -0.1939 0.9063
vn -0.1914 -0.1939 0.9622
vn 0.0000 -0.1939 0.9810
vn 0.1914 -0.1939 0.9622
vn 0.3754 -0.1939 0.9063
vn 0.5450 -0.1939 0.8157
vn 0.6937 -0.1939 0.6937
vn 0.8157 -0.1939 0.5450
vn 0.9063 -0.1939 0.3754
vn 0.9622 -0.1939 0.1914
vn 0.9810 -0.1939 -0.0000
vn 0.9622 -0.1939 -0.1914
vn 0.9063 -0.1939 -0.3754
vn 0.8157 -0.1939 -0.5450
vn 0.6937 -0.1939 -0.6937
vn 0.5450 -0.1939 -0.8157
vn 0.3754 -0.1939 -0.9063
vn 0.1914 -0.1939 -0.9622
vn -0.0000 -0.3805 -0.9248
vn -0.1804 -0.3805 -0.9070
vn -0.3539 -0.3805 -0.8544
vn -0.5138 -0.3805 -0.7689
vn -0.6539 -0.3805 -0.6539
vn -0.7689 -0.3805 -0.5138
vn -0.8544 -0.3805 -0.3539
vn -0.9070 -0.3805 -0.1804
vn -0.9248 -0.3805 0.0000
vn -0.9070 -0.3805 0.1804
vn -0.8544 -0.3805 0.3539
vn -0.7689 -0.3805 0.5138
vn -0.6539 -0.3805 0.6539
vn -0.5138 -0.3805 0.7689
vn -0.3539 -0.3805 0.8544
vn -0.1804 -0.3805 0.9070
vn 0.0000 -0.3805 0.9248
vn 0.1804 -0.3805 0.9070
vn 0.3539 -0.3805 0.8544
vn 0.5138 -0.3805 0.7689
vn 0.6539 -0.3805 0.6539
vn 0.7689 -0.3805 0.5138
vn 0.8544 -0.3805 0.3539
vn 0.9070 -0.3805 0.1804
vn 0.9248 -0.3805 -0.0000
vn 0.9070 -0.3805 -0.1804
vn 0.8544 -0.3805 -0.3539
vn 0.7689 -0.3805 -0.5138
vn 0.6539 -0.3805 -0.6539
vn 0.5138 -0.3805 -0.7689
vn 0.3539 -0.3805 -0.8544
vn 0.1804 -0.3805 -0.9070
vn -0.0000 -0.5528 -0.8333
vn -0.1626 -0.5528 -0.8173
vn -0.3189 -0.5528 -0.7699
vn -0.4630 -0.5528 -0.6929
vn -0.5893 -0.5528 -0.5893
vn -0.6929 -0.5528 -0.4630
vn -0.7699 -0.5528 -0.3189
vn -0.8173 -0.5528 -0.1626
vn -0.8333 -0.5528 0.0000
vn -0.8173 -0.5528 0.1626
vn -0.7699 -0.5528 0.3189
vn -0.6929 -0.5528 0.4630
vn -0.5893 -0.5528 0.5893
vn -0.4630 -0.5528 0.6929
vn -0.3189 -0.5528 0.7699
vn -0.1626 -0.5528 0.8173
vn 0.0000 -0.5528 0.8333
vn 0.1626 -0.5528 0.8173
vn 0.3189 -0.5528 0.7699
vn 0.4630 -0.5528 0.6929
vn 0.5893 -0.5528 0.5893
vn 0.6929 -0.5528 0.4630
vn 0.7699 -0.5528 0.3189
vn 0.8173 -0.5528 0.1626
vn 0.8333 -0.5528 -0.0000
vn 0.8173 -0.5528 -0.1626
vn 0.7699 -0.5528 -0.3189
vn 0.6929 -0.5528 -0.4630
vn 0.5893 -0.5528 -0.5893
vn 0.4630 -0.5528 -0.6929
vn 0.3189 -0.5528 -0.7699
vn 0.1626 -0.5528 -0.8173
vn -0.0000 -0.7041 -0.7101
vn -0.1385 -0.7041 -0.6965
vn -0.2718 -0.7041 -0.6561
vn -0.3945 -0.7041 -0.5905
vn -0.5021 -0.7041 -0.5021
vn -0.5905 -0.7041 -0.3945
vn -0.6561 -0.7041 -0.2718
vn -0.6965 -0.7041 -0.1385
vn -0.7101 -0.7041 0.0000
vn -0.6965 -0.7041 0.1385
vn -0.6561 -0.7041 0.2718
vn -0.5905 -0.7041 0.3945
vn -0.5021 -0.7041 0.5021
vn -0.3945 -0.7041 0.5905
vn -0.2718 -0.7041 0.6561
vn -0.1385 -0.7041 0.6965
vn 0.0000 -0.7041 0.7101
vn 0.1385 -0.7041 0.6965
vn 0.2718 -0.7041 0.6561
vn 0.3945 -0.7041 0.5905
vn 0.5021 -0.7041 0.5021
vn 0.5905 -0.7041 0.3945
vn 0.6561 -0.7041 0.2718
vn 0.6965 -0.7041 0.1385
vn 0.7101 -0.7041 -0.0000
vn 0.6965 -0.7041 -0.1385
vn 0.6561 -0.7041 -0.2718
vn 0.5905 -0.7041 -0.3945
vn 0.5021 -0.7041 -0.5021
vn 0.3945 -0.7041 -0.5905
vn 0.2718 -0.7041 -0.6561
vn 0.1385 -0.7041 -0.6965
vn -0.0000 -0.8286 -0.5598
vn -0.1092 -0.8286 -0.5490
vn -0.2142 -0.8286 -0.5172
vn -0.3110 -0.8286 -0.4654
vn -0.3958 -0.8286 -0.3958
vn -0.4654 -0.8286 -0.3110
vn -0.5172 -0.8286 -0.2142
vn -0.5490 -0.8286 -0.1092
vn -0.5598 -0.8286 0.0000
vn -0.5490 -0.8286 0.1092
vn -0.5172 -0.8286 0.2142
vn -0.4654 -0.8286 0.3110
vn -0.3958 -0.8286 0.3958
vn -0.3110 -0.8286 0.4654
vn -0.2142 -0.8286 0.5172
vn -0.1092 -0.8286 0.5490
vn 0.0000 -0.8286 0.5598
vn 0.1092 -0.8286 0.5490
vn 0.2142 -0.8286 0.5172
vn 0.3110 -0.8286 0.4654
vn 0.3958 -0.8286 0.3958
vn 0.4654 -0.8286 0.3110
vn 0.5172 -0.8286 0.2142
vn 0.5490 -0.8286 0.1092
vn 0.5598 -0.8286 -0.0000
vn 0.5490 -0.8286 -0.1092
vn 0.5172 -0.8286 -0.2142
vn 0.4654 -0.8286 -0.3110
vn 0.3958 -0.8286 -0.3958
vn 0.3110 -0.8286 -0.4654
vn 0.2142 -0.8286 -0.5172
vn 0.1092 -0.8286 -0.5490
vn -0.0000 -0.9217 -0.3879
vn -0.0757 -0.9217 -0.3804
vn -0.1484 -0.9217 -0.3584
vn -0.2155 -0.9217 -0.3225
vn -0.2743 -0.9217 -0.2743
vn -0.3225 -0.9217 -0.2155
vn -0.3584 -0.9217 -0.1484
vn -0.3804 -0.9217 -0.0757
vn -0.3879 -0.9217 0.0000
vn -0.3804 -0.9217 0.0757
vn -0.3584 -0.9217 0.1484
vn -0.3225 -0.9217 0.2155
vn -0.2743 -0.9217 0.2743
vn -0.2155 -0.9217 0.3225
vn -0.1484 -0.9217 0.3584
vn -0.0757 -0.9217 0.3804
vn 0.0000 -0.9217 0.3879
vn 0.0757 -0.9217 0.3804
vn 0.1484 -0.9217 0.3584
vn 0.2155 -0.9217 0.3225
vn 0.2743 -0.9217 0.2743
vn 0.3225 -0.9217 0.2155
vn 0.3584 -0.9217 0.1484
vn 0.3804 -0.9217 0.0757
vn 0.3879 -0.9217 -0.0000
vn 0.3804 -0.9217 -0.0757
vn 0.3584 -0.9217 -0.1484
vn 0.3225 -0.9217 -0.2155
vn 0.2743 -0.9217 -0.2743
vn 0.2155 -0.9217 -0.3225
vn 0.1484 -0.9217 -0.3584
vn 0.0757 -0.9217 -0.3804
vn -0.0000 -0.9796 -0.2010
vn -0.0392 -0.9796 -0.1971
vn -0.0769 -0.9796 -0.1857
vn -0.1117 -0.9796 -0.1671
vn -0.1421 -0.9796 -0.1421
vn -0.1671 -0.9796 -0.1117
vn -0.1857 -0.9796 -0.0769
vn -0.1971 -0.9796 -0.0392
vn -0.2010 -0.9796 0.0000
vn -0.1971 -0.9796 0.0392
vn -0.1857 -0.9796 0.0769
vn -0.1671 -0.9796 0.1117
vn -0.1421 -0.9796 0.1421
vn -0.1117 -0.9796 0.1671
vn -0.0769 -0.9796 0.1857
vn -0.0392 -0.9796 0.1971
vn 0.0000 -0.9796 0.2010
vn 0.0392 -0.9796 0.1971
vn 0.0769 -0.9796 0.1857
vn 0.1117 -0.9796 0.1671
vn 0.1421 -0.9796 0.1421
vn 0.1671 -0.9796 0.1117
vn 0.1857 -0.9796 0.0769
vn 0.1971 -0.9796 0.0392
vn 0.2010 -0.9796 -0.0000
vn 0.1971 -0.9796 -0.0392
vn 0.1857 -0.9796 -0.0769
vn 0.1671 -0.9796 -0.1117
vn 0.1421 -0.9796 -0.1421
vn 0.1117 -0.9796 -0.1671
vn 0.0769 -0.9796 -0.1857
vn 0.0392 -0.9796 -0.1971
vn -0.0000 -1.0000 -0.0000
# 482 vertex normals

vt 0.0000 1.0000 0.0000
vt 0.0000 0.9375 0.0000
vt 0.0313 0.9375 0.0000
vt 0.0313 1.0000 0.0000
vt 0.0625 0.9375 0.0000
vt 0.0625 1.0000 0.0000
vt 0.0938 0.9375 0.0000
vt 0.0938 1.0000 0.0000
vt 0.1250 0.9375 0.0000
vt 0.1250 1.0000 0.0000
vt 0.1563 0.9375 0.0000
vt 0.1563 1.0000 0.0000
vt 0.1875 0.9375 0.0000
vt 0.1875 1.0000 0.0000
vt 0.2187 0.9375 0.0000
vt 0.2187 1.0000 0.0000
vt 0.2500 0.9375 0.0000
vt 0.2500 1.0000 0.0000
vt 0.2812 0.9375 0.0000
vt 0.2812 1.0000 0.0000
vt 0.3125 0.9375 0.0000
vt 0.3125 1.0000 0.0000
vt 0.3437 0.9375 0.0000
vt 0.3437 1.0000 0.0000
vt 0.3750 0.9375 0.0000
vt 0.3750 1.0000 0.0000
vt 0.4063 0.9375 0.0000
vt 0.4063 1.0000 0.0000
vt 0.4375 0.9375 0.0000
vt 0.4375 1.0000 0.0000
vt 0.4688 0.9375 0.0000
vt 0.4688 1.0000 0.0000
vt 0.5000 0.9375 0.0000
vt 0.5000 1.0000 0.0000
vt 0.5313 0.9375 0.0000
vt 0.5313 1.0000 0.0000
vt 0.5625 0.9375 0.0000
vt 0.5625 1.0000 0.0000
vt 0.5938 0.9375 0.0000
vt 0.5938 1.0000 0.0000
vt 0.6250 0.9375 0.0000
vt 0.6250 1.0000 0.0000
vt 0.6563 0.9375 0.0000
vt 0.6563 1.0000 0.0000
vt 0.6875 0.9375 0.0000
vt 0.6875 1.0000 0.0000
vt 0.7188 0.9375 0.0000
vt 0.7188 1.0000 0.0000
vt 0.7500 0.9375 0.0000
vt 0.7500 1.0000 0.0000
vt 0.7813 0.9375 0.0000
vt 0.7813 1.0000 0.0000
vt 0.8125 0.9375 0.0000
vt 0.8125 1.0000 0.0000
vt 0.8438 0.9375 0.0000
vt 0.8438 1.0000 0.0000
vt 0.8750 0.9375 0.0000
vt 0.8750 1.0000 0.0000
vt 0.9063 0.9375 0.0000
vt 0.9063 1.0000 0.0000
vt 0.9375 0.9375 0.0000
vt 0.9375 1.0000 0.0000
vt 0.9688 0.9375 0.0000
vt 0.9688 1.0000 0.0000
vt 1.0000 0.9375 0.0000
vt 0.0000 0.8750 0.0000
vt 0.0313 0.8750 0.0000
vt 0.0625 0.8750 0.0000
vt 0.0938 0.8750 0.0000
vt 0.1250 0.8750 0.0000
vt 0.1563 0.8750 0.0000
vt 0.1875 0.8750 0.0000
vt 0.2187 0.8750 0.0000
vt 0.2500 0.8750 0.0000
vt 0.2812 0.8750 0.0000
vt 0.3125 0.8750 0.0000
vt 0.3437 0.8750 0.0000
vt 0.3750 0.8750 0.0000
vt 0.4063 0.8750 0.0000
vt 0.4375 0.8750 0.0000
vt 0.4688 0.8750 0.0000
vt 0.5000 0.8750 0.0000
vt 0.5313 0.8750 0.0000
vt 0.5625 0.8750 0.0000
vt 0.5938 0.8750 0.0000
vt 0.6250 0.8750 0.0000
vt 0.6563 0.8750 0.0000
vt 0.6875 0.8750 0.0000
vt 0.7188 0.8750 0.0000
vt 0.7500 0.8750 0.0000
vt 0.7813 0.8750 0.0000
vt 0.8125 0.8750 0.0000
vt 0.8438 0.8750 0.0000
vt 0.8750 0.8750 0.0000
vt 0.9063 0.8750 0.0000
vt 0.9375 0.8750 0.0000
vt 0.9688 0.8750 0.0000
vt 1.0000 0.8750 0.0000
vt 0.0000 0.8125 0.0000
vt 0.0313 0.8125 0.0000
vt 0.0625 0.8125 0.0000
vt 0.0938 0.8125 0.0000
vt 0.1250 0.8125 0.0000
vt 0.1563 0.8125 0.0000
vt 0.1875 0.8125 0.0000
vt 0.2187 0.8125 0.0000
vt 0.2500 0.8125 0.0000
vt 0.2812 0.8125 0.0000
vt 0.3125 0.8125 0.0000
vt 0.3437 0.8125 0.0000
vt 0.3750 0.8125 0.0000
vt 0.4063 0.8125 0.0000
vt 0.4375 0.8125 0.0000
vt 0.4688 0.8125 0.0000
vt 0.5000 0.8125 0.0000
vt 0.5313 0.8125 0.0000
vt 0.5625 0.8125 0.0000
vt 0.5938 0.8125 0.0000
vt 0.6250 0.8125 0.0000
vt 0.6563 0.8125 0.0000
vt 0.6875 0.8125 0.0000
vt 0.7188 0.8125 0.0000
vt 0.7500 0.8125 0.0000
vt 0.7813 0.8125 0.0000
vt 0.8125 0.8125 0.0000
vt 0.8438 0.8125 0.0000
vt 0.8750 0.8125 0.0000
vt 0.9063 0.8125 0.0000
vt 0.9375 0.8125 0.0000
vt 0.9688 0.8125 0.0000
vt 1.0000 0.8125 0.0000
vt 0.0000 0.7500 0.0000
vt 0.0313 0.7500 0.0000
vt 0.0625 0.7500 0.0000
vt 0.0938 0.7500 0.0000
vt 0.1250 0.7500 0.0000
vt 0.1563 0.7500 0.0000
vt 0.1875 0.7500 0.0000
vt 0.2187 0.7500 0.0000
vt 0.2500 0.7500 0.0000
vt 0.2812 0.7500 0.0000
vt 0.3125 0.7500 0.0000
vt 0.3437 0.7500 0.0000
vt 0.3750 0.7500 0.0000
vt 0.4063 0.7500 0.0000
vt 0.4375 0.7500 0.0000
vt 0.4688 0.7500 0.0000
vt 0.5000 0.7500 0.0000
vt 0.5313 0.7500 0.0000
vt 0.5625 0.7500 0.0000
vt 0.5938 0.7500 0.0000
vt 0.6250 0.7500 0.0000
vt 0.6563 0.7500 0.0000
vt 0.6875 0.7500 0.0000
vt 0.7188 0.7500 0.0000
vt 0.7500 0.7500 0.0000
vt 0.7813 0.7500 0.0000
vt 0.8125 0.7500 0.0000
vt 0.8438 0.7500 0.0000
vt 0.8750 0.7500 0.0000
vt 0.9063 0.7500 0.0000
vt 0.9375 0.7500 0.0000
vt 0.9688 0.7500 0.0000
vt 1.0000 0.7500 0.0000
vt 0.0000 0.6875 0.0000
vt 0.0313 0.6875 0.0000
vt 0.0625 0.6875 0.0000
vt 0.0938 0.6875 0.0000
vt 0.1250 0.6875 0.0000
vt 0.1563 0.6875 0.0000
vt 0.1875 0.6875 0.0000
vt 0.2187 0.6875 0.0000
vt 0.2500 0.6875 0.0000
vt 0.2812 0.6875 0.0000
vt 0.3125 0.6875 0.0000
vt 0.3437 0.6875 0.0000
vt 0.3750 0.6875 0.0000
vt 0.4063 0.6875 0.0000
vt 0.4375 0.6875 0.0000
vt 0.4688 0.6875 0.0000
vt 0.5000 0.6875 0.0000
vt 0.5313 0.6875 0.0000
vt 0.5625 0.6875 0.0000
vt 0.5938 0.6875 0.0000
vt 0.6250 0.6875 0.0000
vt 0.6563 0.6875 0.0000
vt 0.6875 0.6875 0.0000
vt 0.7188 0.6875 0.0000
vt 0.7500 0.6875 0.0000
vt 0.7813 0.6875 0.0000
vt 0.8125 0.6875 0.0000
vt 0.8438 0.6875 0.0000
vt 0.8750 0.6875 0.0000
vt 0.9063 0.6875 0.0000
vt 0.9375 0.6875 0.0000
vt 0.9688 0.6875 0.0000
vt 1.0000 0.6875 0.0000
vt 0.0000 0.6250 0.0000
vt 0.0313 0.6250 0.0000
vt 0.0625 0.6250 0.0000
vt 0.0938 0.6250 0.0000
vt 0.1250 0.6250 0.0000
vt 0.1563 0.6250 0.0000
vt 0.1875 0.6250 0.0000
vt 0.2187 0.6250 0.0000
vt 0.2500 0.6250 0.0000
vt 0.2812 0.6250 0.0000
vt 0.3125 0.6250 0.0000
vt 0.3437 0.6250 0.0000
vt 0.3750 0.6250 0.0000
vt 0.4063 0.6250 0.0000
vt 0.4375 0.6250 0.0000
vt 0.4688 0.6250 0.0000
vt 0.5000 0.6250 0.0000
vt 0.5313 0.6250 0.0000
vt 0.5625 0.6250 0.0000
vt 0.5938 0.6250 0.0000
vt 0.6250 0.6250 0.0000
vt 0.6563 0.6250 0.0000
vt 0.6875 0.6250 0.0000
vt 0.7188 0.6250 0.0000
vt 0.7500 0.6250 0.0000
vt 0.7813 0.6250 0.0000
vt 0.8125 0.6250 0.0000
vt 0.8438 0.6250 0.0000
vt 0.8750 0.6250 0.0000
vt 0.9063 0.6250 0.0000
vt 0.9375 0.6250 0.0000
vt 0.9688 0.6250 0.0000
vt 1.0000 0.6250 0.0000
vt 0.0000 0.5625 0.0000
vt 0.0313 0.5625 0.0000
vt 0.0625 0.5625 0.0000
vt 0.0938 0.5625 0.0000
vt 0.1250 0.5625 0.0000
vt 0.1563 0.5625 0.0000
vt 0.1875 0.5625 0.0000
vt 0.2187 0.5625 0.0000
vt 0.2500 0.5625 0.0000
vt 0.2812 0.5625 0.0000
vt 0.3125 0.5625 0.0000
vt 0.3437 0.5625 0.0000
vt 0.3750 0.5625 0.0000
vt 0.4063 0.5625 0.0000
vt 0.4375 0.5625 0.0000
vt 0.4688 0.5625 0.0000
vt 0.5000 0.5625 0.0000
vt 0.5313 0.5625 0.0000
vt 0.5625 0.5625 0.0000
vt 0.5938 0.5625 0.0000
vt 0.6250 0.5625 0.0000
vt 0.6563 0.5625 0.0000
vt 0.6875 0.5625 0.0000
vt 0.7188 0.5625 0.0000
vt 0.7500 0.5625 0.0000
vt 0.7813 0.5625 0.0000
vt 0.8125 0.5625 0.0000
vt 0.8438 0.5625 0.0000
vt 0.8750 0.5625 0.0000
vt 0.9063 0.5625 0.0000
vt 0.9375 0.5625 0.0000
vt 0.9688 0.5625 0.0000
vt 1.0000 0.5625 0.0000
vt 0.0000 0.5000 0.0000
vt 0.0313 0.5000 0.0000
vt 0.0625 0.5000 0.0000
vt 0.0938 0.5000 0.0000
vt 0.1250 0.5000 0.0000
vt 0.1563 0.5000 0.0000
vt 0.1875 0.5000 0.0000
vt 0.2187 0.5000 0.0000
vt 0.2500 0.5000 0.0000
vt 0.2812 0.5000 0.0000
vt 0.3125 0.5000 0.0000
vt 0.3437 0.5000 0.0000
vt 0.3750 0.5000 0.0000
vt 0.4063 0.5000 0.0000
vt 0.4375 0.5000 0.0000
vt 0.4688 0.5000 0.0000
vt 0.5000 0.5000 0.0000
vt 0.5313 0.5000 0.0000
vt 0.5625 0.5000 0.0000
vt 0.5938 0.5000 0.0000
vt 0.6250 0.5000 0.0000
vt 0.6563 0.5000 0.0000
vt 0.6875 0.5000 0.0000
vt 0.7188 0.5000 0.0000
vt 0.7500 0.5000 0.0000
vt 0.7813 0.5000 0.0000
vt 0.8125 0.5000 0.0000
vt 0.8438 0.5000 0.0000
vt 0.8750 0.5000 0.0000
vt 0.9063 0.5000 0.0000
vt 0.9375 0.5000 0.0000
vt 0.9688 0.5000 0.0000
vt 1.0000 0.5000 0.0000
vt 0.0000 0.4375 0.0000
vt 0.0313 0.4375 0.0000
vt 0.0625 0.4375 0.0000
vt 0.0938 0.4375 0.0000
vt 0.1250 0.4375 0.0000
vt 0.1563 0.4375 0.0000
vt 0.1875 0.4375 0.0000
vt 0.2187 0.4375 0.0000
vt 0.2500 0.4375 0.0000
vt 0.2812 0.4375 0.0000
vt 0.3125 0.4375 0.0000
vt 0.3437 0.4375 0.0000
vt 0.3750 0.4375 0.0000
vt 0.4063 0.4375 0.0000
vt 0.4375 0.4375 0.0000
vt 0.4688 0.4375 0.0000
vt 0.5000 0.4375 0.0000
vt 0.5313 0.4375 0.0000
vt 0.5625 0.4375 0.0000
vt 0.5938 0.4375 0.0000
vt 0.6250 0.4375 0.0000
vt 0.6563 0.4375 0.0000
vt 0.6875 0.4375 0.0000
vt 0.7188 0.4375 0.0000
vt 0.7500 0.4375 0.0000
vt 0.7813 0.4375 0.0000
vt 0.8125 0.4375 0.0000
vt 0.8438 0.4375 0.0000
vt 0.8750 0.4375 0.0000
vt 0.9063 0.4375 0.0000
vt 0.9375 0.4375 0.0000
vt 0.9688 0.4375 0.0000
vt 1.0000 0.4375 0.0000
vt 0.0000 0.3750 0.0000
vt 0.0313 0.3750 0.0000
vt 0.0625 0.3750 0.0000
vt 0.0938 0.3750 0.0000
vt 0.1250 0.3750 0.0000
vt 0.1563 0.3750 0.0000
vt 0.1875 0.3750 0.0000
vt 0.2187 0.3750 0.0000
vt 0.2500 0.3750 0.0000
vt 0.2812 0.3750 0.0000
vt 0.3125 0.3750 0.0000
vt 0.3437 0.3750 0.0000
vt 0.3750 0.3750 0.0000
vt 0.4063 0.3750 0.0000
vt 0.4375 0.3750 0.0000
vt 0.4688 0.3750 0.0000
vt 0.5000 0.3750 0.0000
vt 0.5313 0.3750 0.0000
vt 0.5625 0.3750 0.0000
vt 0.5938 0.3750 0.0000
vt 0.6250 0.3750 0.0000
vt 0.6563 0.3750 0.0000
vt 0.6875 0.3750 0.0000
vt 0.7188 0.3750 0.0000
vt 0.7500 0.3750 0.0000
vt 0.7813 0.3750 0.0000
vt 0.8125 0.3750 0.0000
vt 0.8438 0.3750 0.0000
vt 0.8750 0.3750 0.0000
vt 0.9063 0.3750 0.0000
vt 0.9375 0.3750 0.0000
vt 0.9688 0.3750 0.0000
vt 1.0000 0.3750 0.0000
vt 0.0000 0.3125 0.0000
vt 0.0313 0.3125 0.0000
vt 0.0625 0.3125 0.0000
vt 0.0938 0.3125 0.0000
vt 0.1250 0.3125 0.0000
vt 0.1563 0.3125 0.0000
vt 0.1875 0.3125 0.0000
vt 0.2187 0.3125 0.0000
vt 0.2500 0.3125 0.0000
vt 0.2812 0.3125 0.0000
vt 0.3125 0.3125 0.0000
vt 0.3437 0.3125 0.0000
vt 0.3750 0.3125 0.0000
vt 0.4063 0.3125 0.0000
vt 0.4375 0.3125 0.0000
vt 0.4688 0.3125 0.0000
vt 0.5000 0.3125 0.0000
vt 0.5313 0.3125 0.0000
vt 0.5625 0.3125 0.0000
vt 0.5938 0.3125 0.0000
vt 0.6250 0.3125 0.0000
vt 0.6563 0.3125 0.0000
vt 0.6875 0.3125 0.0000
vt 0.7188 0.3125 0.0000
vt 0.7500 0.3125 0.0000
vt 0.7813 0.3125 0.0000
vt 0.8125 0.3125 0.0000
vt 0.8438 0.3125 0.0000
vt 0.8750 0.3125 0.0000
vt 0.9063 0.3125 0.0000
vt 0.9375 0.3125 0.0000
vt 0.9688 0.3125 0.0000
vt 1.0000 0.3125 0.0000
vt 0.0000 0.2500 0.0000
vt 0.0313 0.2500 0.0000
vt 0.0625 0.2500 0.0000
vt 0.0938 0.2500 0.0000
vt 0.1250 0.2500 0.0000
vt 0.1563 0.2500 0.0000
vt 0.1875 0.2500 0.0000
vt 0.2187 0.2500 0.0000
vt 0.2500 0.2500 0.0000
vt 0.2812 0.2500 0.0000
vt 0.3125 0.2500 0.0000
vt 0.3437 0.2500 0.0000
vt 0.3750 0.2500 0.0000
vt 0.4063 0.2500 0.0000
vt 0.4375 0.2500 0.0000
vt 0.4688 0.2500 0.0000
vt 0.5000 0.2500 0.0000
vt 0.5313 0.2500 0.0000
vt 0.5625 0.2500 0.0000
vt 0.5938 0.2500 0.0000
vt 0.6250 0.2500 0.0000
vt 0.6563 0.2500 0.0000
vt 0.6875 0.2500 0.0000
vt 0.7188 0.2500 0.0000
vt 0.7500 0.2500 0.0000
vt 0.7813 0.2500 0.0000
vt 0.8125 0.2500 0.0000
vt 0.8438 0.2500 0.0000
vt 0.8750 0.2500 0.0000
vt 0.9063 0.2500 0.0000
vt 0.9375 0.2500 0.0000
vt 0.9688 0.2500 0.0000
vt 1.0000 0.2500 0.0000
vt 0.0000 0.1875 0.0000
vt 0.0313 0.1875 0.0000
vt 0.0625 0.1875 0.0000
vt 0.0938 0.1875 0.0000
vt 0.1250 0.1875 0.0000
vt 0.1563 0.1875 0.0000
vt 0.1875 0.1875 0.0000
vt 0.2187 0.1875 0.0000
vt 0.2500 0.1875 0.0000
vt 0.2812 0.1875 0.0000
vt 0.3125 0.1875 0.0000
vt 0.3437 0.1875 0.0000
vt 0.3750 0.1875 0.0000
vt 0.4063 0.1875 0.0000
vt 0.4375 0.1875 0.0000
vt 0.4688 0.1875 0.0000
vt 0.5000 0.1875 0.0000
vt 0.5313 0.1875 0.0000
vt 0.5625 0.1875 0.0000
vt 0.5938 0.1875 0.0000
vt 0.6250 0.1875 0.0000
vt 0.6563 0.1875 0.0000
vt 0.6875 0.1875 0.0000
vt 0.7188 0.1875 0.0000
vt 0.7500 0.1875 0.0000
vt 0.7813 0.1875 0.0000
vt 0.8125 0.1875 0.0000
vt 0.8438 0.1875 0.0000
vt 0.8750 0.1875 0.0000
vt 0.9063 0.1875 0.0000
vt 0.9375 0.1875 0.0000
vt 0.9688 0.1875 0.0000
vt 1.0000 0.1875 0.0000
vt 0.0000 0.1250 0.0000
vt 0.0313 0.1250 0.0000
vt 0.0625 0.1250 0.0000
vt 0.0938 0.1250 0.0000
vt 0.1250 0.1250 0.0000
vt 0.1563 0.1250 0.0000
vt 0.1875 0.1250 0.0000
vt 0.2187 0.1250 0.0000
vt 0.2500 0.1250 0.0000
vt 0.2812 0.1250 0.0000
vt 0.3125 0.1250 0.0000
vt 0.3437 0.1250 0.0000
vt 0.3750 0.1250 0.0000
vt 0.4063 0.1250 0.0000
vt 0.4375 0.1250 0.0000
vt 0.4688 0.1250 0.0000
vt 0.5000 0.1250 0.0000
vt 0.5313 0.1250 0.0000
vt 0.5625 0.1250 0.0000
vt 0.5938 0.1250 0.0000
vt 0.6250 0.1250 0.0000
vt 0.6563 0.1250 0.0000
vt 0.6875 0.1250 0.0000
vt 0.7188 0.1250 0.0000
vt 0.7500 0.1250 0.0000
vt 0.7813 0.1250 0.0000
vt 0.8125 0.1250 0.0000
vt 0.8438 0.1250 0.0000
vt 0.8750 0.1250 0.0000
vt 0.9063 0.1250 0.0000
vt 0.9375 0.1250 0.0000
vt 0.9688 0.1250 0.0000
vt 1.0000 0.1250 0.0000
vt 0.0000 0.0625 0.0000
vt 0.0313 0.0625 0.0000
vt 0.0625 0.0625 0.0000
vt 0.0938 0.0625 0.0000
vt 0.1250 0.0625 0.0000
vt 0.1563 0.0625 0.0000
vt 0.1875 0.0625 0.0000
vt 0.2187 0.0625 0.0000
vt 0.2500 0.0625 0.0000
vt 0.2812 0.0625 0.0000
vt 0.3125 0.0625 0.0000
vt 0.3437 0.0625 0.0000
vt 0.3750 0.0625 0.0000
vt 0.4063 0.0625 0.0000
vt 0.4375 0.0625 0.0000
vt 0.4688 0.0625 0.0000
vt 0.5000 0.0625 0.0000
vt 0.5313 0.0625 0.0000
vt 0.5625 0.0625 0.0000
vt 0.5938 0.0625 0.0000
vt 0.6250 0.0625 0.0000
vt 0.6563 0.0625 0.0000
vt 0.6875 0.0625 0.0000
vt 0.7188 0.0625 0.0000
vt 0.7500 0.0625 0.0000
vt 0.7813 0.0625 0.0000
vt 0.8125 0.0625 0.0000
vt 0.8438 0.0625 0.0000
vt 0.8750 0.0625 0.0000
vt 0.9063 0.0625 0.0000
vt 0.9375 0.0625 0.0000
vt 0.9688 0.0625 0.0000
vt 1.0000 0.0625 0.0000
vt 0.0000 -0.0000 0.0000
vt 0.0313 -0.0000 0.0000
vt 0.0625 -0.0000 0.0000
vt 0.0938 -0.0000 0.0000
vt 0.1250 -0.0000 0.0000
vt 0.1563 -0.0000 0.0000
vt 0.1875 -0.0000 0.0000
vt 0.2187 -0.0000 0.0000
vt 0.2500 -0.0000 0.0000
vt 0.2812 -0.0000 0.0000
vt 0.3125 -0.0000 0.0000
vt 0.3437 -0.0000 0.0000
vt 0.3750 -0.0000 0.0000
vt 0.4063 -0.0000 0.0000
vt 0.4375 -0.0000 0.0000
vt 0.4688 -0.0000 0.0000
vt 0.5000 -0.0000 0.0000
vt 0.5313 -0.0000 0.0000
vt 0.5625 -0.0000 0.0000
vt 0.5938 -0.0000 0.0000
vt 0.6250 -0.0000 0.0000
vt 0.6563 -0.0000 0.0000
vt 0.6875 -0.0000 0.0000
vt 0.7188 -0.0000 0.0000
vt 0.7500 -0.0000 0.0000
vt 0.7813 -0.0000 0.0000
vt 0.8125 -0.0000 0.0000
vt 0.8438 -0.0000 0.0000
vt 0.8750 -0.0000 0.0000
vt 0.9063 -0.0000 0.0000
vt 0.9375 -0.0000 0.0000
vt 0.9688 -0.0000 0.0000
# 559 texture coords

o Sphere002
g Sphere002
usemtl wire_166229229
s 1
f 695/779/553 696/780/554 697/781/555 
f 695/782/553 697/781/555 698/783/556 
f 695/784/553 698/783/556 699/785/557 
f 695/786/553 699/785/557 700/787/558 
f 695/788/553 700/787/558 701/789/559 
f 695/790/553 701/789/559 702/791/560 
f 695/792/553 702/791/560 703/793/561 
f 695/794/553 703/793/561 704/795/562 
f 695/796/553 704/795/562 705/797/563 
f 695/798/553 705/797/563 706/799/564 
f 695/800/553 706/799/564 707/801/565 
f 695/802/553 707/801/565 708/803/566 
f 695/804/553 708/803/566 709/805/567 
f 695/806/553 709/805/567 710/807/568 
f 695/808/553 710/807/568 711/809/569 
f 695/810/553 711/809/569 712/811/570 
f 695/812/553 712/811/570 713/813/571 
f 695/814/553 713/813/571 714/815/572 
f 695/816/553 714/815/572 715/817/573 
f 695/818/553 715/817/573 716/819/574 
f 695/820/553 716/819/574 717/821/575 
f 695/822/553 717/821/575 718/823/576 
f 695/824/553 718/823/576 719/825/577 
f 695/826/553 719/825/577 720/827/578 
f 695/828/553 720/827/578 721/829/579 
f 695/830/553 721/829/579 722/831/580 
f 695/832/553 722/831/580 723/833/581 
f 695/834/553 723/833/581 724/835/582 
f 695/836/553 724/835/582 725/837/583 
f 695/838/553 725/837/583 726/839/584 
f 695/840/553 726/839/584 727/841/585 
f 695/842/553 727/841/585 696/843/554 
f 696/780/554 728/844/586 729/845/587 697/781/555 
f 697/781/555 729/845/587 730/846/588 698/783/556 
f 698/783/556 730/846/588 731/847/589 699/785/557 
f 699/785/557 731/847/589 732/848/590 700/787/558 
f 700/787/558 732/848/590 733/849/591 701/789/559 
f 701/789/559 733/849/591 734/850/592 702/791/560 
f 702/791/560 734/850/592 735/851/593 703/793/561 
f 703/793/561 735/851/593 736/852/594 704/795/562 
f 704/795/562 736/852/594 737/853/595 705/797/563 
f 705/797/563 737/853/595 738/854/596 706/799/564 
f 706/799/564 738/854/596 739/855/597 707/801/565 
f 707/801/565 739/855/597 740/856/598 708/803/566 
f 708/803/566 740/856/598 741/857/599 709/805/567 
f 709/805/567 741/857/599 742/858/600 710/807/568 
f 710/807/568 742/858/600 743/859/601 711/809/569 
f 711/809/569 743/859/601 744/860/602 712/811/570 
f 712/811/570 744/860/602 745/861/603 713/813/571 
f 713/813/571 745/861/603 746/862/604 714/815/572 
f 714/815/572 746/862/604 747/863/605 715/817/573 
f 715/817/573 747/863/605 748/864/606 716/819/574 
f 716/819/574 748/864/606 749/865/607 717/821/575 
f 717/821/575 749/865/607 750/866/608 718/823/576 
f 718/823/576 750/866/608 751/867/609 719/825/577 
f 719/825/577 751/867/609 752/868/610 720/827/578 
f 720/827/578 752/868/610 753/869/611 721/829/579 
f 721/829/579 753/869/611 754/870/612 722/831/580 
f 722/831/580 754/870/612 755/871/613 723/833/581 
f 723/833/581 755/871/613 756/872/614 724/835/582 
f 724/835/582 756/872/614 757/873/615 725/837/583 
f 725/837/583 757/873/615 758/874/616 726/839/584 
f 726/839/584 758/874/616 759/875/617 727/841/585 
f 727/841/585 759/875/617 728/876/586 696/843/554 
f 728/844/586 760/877/618 761/878/619 729/845/587 
f 729/845/587 761/878/619 762/879/620 730/846/588 
f 730/846/588 762/879/620 763/880/621 731/847/589 
f 731/847/589 763/880/621 764/881/622 732/848/590 
f 732/848/590 764/881/622 765/882/623 733/849/591 
f 733/849/591 765/882/623 766/883/624 734/850/592 
f 734/850/592 766/883/624 767/884/625 735/851/593 
f 735/851/593 767/884/625 768/885/626 736/852/594 
f 736/852/594 768/885/626 769/886/627 737/853/595 
f 737/853/595 769/886/627 770/887/628 738/854/596 
f 738/854/596 770/887/628 771/888/629 739/855/597 
f 739/855/597 771/888/629 772/889/630 740/856/598 
f 740/856/598 772/889/630 773/890/631 741/857/599 
f 741/857/599 773/890/631 774/891/632 742/858/600 
f 742/858/600 774/891/632 775/892/633 743/859/601 
f 743/859/601 775/892/633 776/893/634 744/860/602 
f 744/860/602 776/893/634 777/894/635 745/861/603 
f 745/861/603 777/894/635 778/895/636 746/862/604 
f 746/862/604 778/895/636 779/896/637 747/863/605 
f 747/863/605 779/896/637 780/897/638 748/864/606 
f 748/864/606 780/897/638 781/898/639 749/865/607 
f 749/865/607 781/898/639 782/899/640 750/866/608 
f 750/866/608 782/899/640 783/900/641 751/867/609 
f 751/867/609 783/900/641 784/901/642 752/868/610 
f 752/868/610 784/901/642 785/902/643 753/869/611 
f 753/869/611 785/902/643 786/903/644 754/870/612 
f 754/870/612 786/903/644 787/904/645 755/871/613 
f 755/871/613 787/904/645 788/905/646 756/872/614 
f 756/872/614 788/905/646 789/906/647 757/873/615 
f 757/873/615 789/906/647 790/907/648 758/874/616 
f 758/874/616 790/907/648 791/908/649 759/875/617 
f 759/875/617 791/908/649 760/909/618 728/876/586 
f 760/877/618 792/910/650 793/911/651 761/878/619 
f 761/878/619 793/911/651 794/912/652 762/879/620 
f 762/879/620 794/912/652 795/913/653 763/880/621 
f 763/880/621 795/913/653 796/914/654 764/881/622 
f 764/881/622 796/914/654 797/915/655 765/882/623 
f 765/882/623 797/915/655 798/916/656 766/883/624 
f 766/883/624 798/916/656 799/917/657 767/884/625 
f 767/884/625 799/917/657 800/918/658 768/885/626 
f 768/885/626 800/918/658 801/919/659 769/886/627 
f 769/886/627 801/919/659 802/920/660 770/887/628 
f 770/887/628 802/920/660 803/921/661 771/888/629 
f 771/888/629 803/921/661 804/922/662 772/889/630 
f 772/889/630 804/922/662 805/923/663 773/890/631 
f 773/890/631 805/923/663 806/924/664 774/891/632 
f 774/891/632 806/924/664 807/925/665 775/892/633 
f 775/892/633 807/925/665 808/926/666 776/893/634 
f 776/893/634 808/926/666 809/927/667 777/894/635 
f 777/894/635 809/927/667 810/928/668 778/895/636 
f 778/895/636 810/928/668 811/929/669 779/896/637 
f 779/896/637 811/929/669 812/930/670 780/897/638 
f 780/897/638 812/930/670 813/931/671 781/898/639 
f 781/898/639 813/931/671 814/932/672 782/899/640 
f 782/899/640 814/932/672 815/933/673 783/900/641 
f 783/900/641 815/933/673 816/934/674 784/901/642 
f 784/901/642 816/934/674 817/935/675 785/902/643 
f 785/902/643 817/935/675 818/936/676 786/903/644 
f 786/903/644 818/936/676 819/937/677 787/904/645 
f 787/904/645 819/937/677 820/938/678 788/905/646 
f 788/905/646 820/938/678 821/939/679 789/906/647 
f 789/906/647 821/939/679 822/940/680 790/907/648 
f 790/907/648 822/940/680 823/941/681 791/908/649 
f 791/908/649 823/941/681 792/942/650 760/909/618 
f 792/910/650 824/943/682 825/944/683 793/911/651 
f 793/911/651 825/944/683 826/945/684 794/912/652 
f 794/912/652 826/945/684 827/946/685 795/913/653 
f 795/913/653 827/946/685 828/947/686 796/914/654 
f 796/914/654 828/947/686 829/948/687 797/915/655 
f 797/915/655 829/948/687 830/949/688 798/916/656 
f 798/916/656 830/949/688 831/950/689 799/917/657 
f 799/917/657 831/950/689 832/951/690 800/918/658 
f 800/918/658 832/951/690 833/952/691 801/919/659 
f 801/919/659 833/952/691 834/953/692 802/920/660 
f 802/920/660 834/953/692 835/954/693 803/921/661 
f 803/921/661 835/954/693 836/955/694 804/922/662 
f 804/922/662 836/955/694 837/956/695 805/923/663 
f 805/923/663 837/956/695 838/957/696 806/924/664 
f 806/924/664 838/957/696 839/958/697 807/925/665 
f 807/925/665 839/958/697 840/959/698 808/926/666 
f 808/926/666 840/959/698 841/960/699 809/927/667 
f 809/927/667 841/960/699 842/961/700 810/928/668 
f 810/928/668 842/961/700 843/962/701 811/929/669 
f 811/929/669 843/962/701 844/963/702 812/930/670 
f 812/930/670 844/963/702 845/964/703 813/931/671 
f 813/931/671 845/964/703 846/965/704 814/932/672 
f 814/932/672 846/965/704 847/966/705 815/933/673 
f 815/933/673 847/966/705 848/967/706 816/934/674 
f 816/934/674 848/967/706 849/968/707 817/935/675 
f 817/935/675 849/968/707 850/969/708 818/936/676 
f 818/936/676 850/969/708 851/970/709 819/937/677 
f 819/937/677 851/970/709 852/971/710 820/938/678 
f 820/938/678 852/971/710 853/972/711 821/939/679 
f 821/939/679 853/972/711 854/973/712 822/940/680 
f 822/940/680 854/973/712 855/974/713 823/941/681 
f 823/941/681 855/974/713 824/975/682 792/942/650 
f 824/943/682 856/976/714 857/977/715 825/944/683 
f 825/944/683 857/977/715 858/978/716 826/945/684 
f 826/945/684 858/978/716 859/979/717 827/946/685 
f 827/946/685 859/979/717 860/980/718 828/947/686 
f 828/947/686 860/980/718 861/981/719 829/948/687 
f 829/948/687 861/981/719 862/982/720 830/949/688 
f 830/949/688 862/982/720 863/983/721 831/950/689 
f 831/950/689 863/983/721 864/984/722 832/951/690 
f 832/951/690 864/984/722 865/985/723 833/952/691 
f 833/952/691 865/985/723 866/986/724 834/953/692 
f 834/953/692 866/986/724 867/987/725 835/954/693 
f 835/954/693 867/987/725 868/988/726 836/955/694 
f 836/955/694 868/988/726 869/989/727 837/956/695 
f 837/956/695 869/989/727 870/990/728 838/957/696 
f 838/957/696 870/990/728 871/991/729 839/958/697 
f 839/958/697 871/991/729 872/992/730 840/959/698 
f 840/959/698 872/992/730 873/993/731 841/960/699 
f 841/960/699 873/993/731 874/994/732 842/961/700 
f 842/961/700 874/994/732 875/995/733 843/962/701 
f 843/962/701 875/995/733 876/996/734 844/963/702 
f 844/963/702 876/996/734 877/997/735 845/964/703 
f 845/964/703 877/997/735 878/998/736 846/965/704 
f 846/965/704 878/998/736 879/999/737 847/966/705 
f 847/966/705 879/999/737 880/1000/738 848/967/706 
f 848/967/706 880/1000/738 881/1001/739 849/968/707 
f 849/968/707 881/1001/739 882/1002/740 850/969/708 
f 850/969/708 882/1002/740 883/1003/741 851/970/709 
f 851/970/709 883/1003/741 884/1004/742 852/971/710 
f 852/971/710 884/1004/742 885/1005/743 853/972/711 
f 853/972/711 885/1005/743 886/1006/744 854/973/712 
f 854/973/712 886/1006/744 887/1007/745 855/974/713 
f 855/974/713 887/1007/745 856/1008/714 824/975/682 
f 856/976/714 888/1009/746 889/1010/747 857/977/715 
f 857/977/715 889/1010/747 890/1011/748 858/978/716 
f 858/978/716 890/1011/748 891/1012/749 859/979/717 
f 859/979/717 891/1012/749 892/1013/750 860/980/718 
f 860/980/718 892/1013/750 893/1014/751 861/981/719 
f 861/981/719 893/1014/751 894/1015/752 862/982/720 
f 862/982/720 894/1015/752 895/1016/753 863/983/721 
f 863/983/721 895/1016/753 896/1017/754 864/984/722 
f 864/984/722 896/1017/754 897/1018/755 865/985/723 
f 865/985/723 897/1018/755 898/1019/756 866/986/724 
f 866/986/724 898/1019/756 899/1020/757 867/987/725 
f 867/987/725 899/1020/757 900/1021/758 868/988/726 
f 868/988/726 900/1021/758 901/1022/759 869/989/727 
f 869/989/727 901/1022/759 902/1023/760 870/990/728 
f 870/990/728 902/1023/760 903/1024/761 871/991/729 
f 871/991/729 903/1024/761 904/1025/762 872/992/730 
f 872/992/730 904/1025/762 905/1026/763 873/993/731 
f 873/993/731 905/1026/763 906/1027/764 874/994/732 
f 874/994/732 906/1027/764 907/1028/765 875/995/733 
f 875/995/733 907/1028/765 908/1029/766 876/996/734 
f 876/996/734 908/1029/766 909/1030/767 877/997/735 
f 877/997/735 909/1030/767 910/1031/768 878/998/736 
f 878/998/736 910/1031/768 911/1032/769 879/999/737 
f 879/999/737 911/1032/769 912/1033/770 880/1000/738 
f 880/1000/738 912/1033/770 913/1034/771 881/1001/739 
f 881/1001/739 913/1034/771 914/1035/772 882/1002/740 
f 882/1002/740 914/1035/772 915/1036/773 883/1003/741 
f 883/1003/741 915/1036/773 916/1037/774 884/1004/742 
f 884/1004/742 916/1037/774 917/1038/775 885/1005/743 
f 885/1005/743 917/1038/775 918/1039/776 886/1006/744 
f 886/1006/744 918/1039/776 919/1040/777 887/1007/745 
f 887/1007/745 919/1040/777 888/1041/746 856/1008/714 
f 888/1009/746 920/1042/778 921/1043/779 889/1010/747 
f 889/1010/747 921/1043/779 922/1044/780 890/1011/748 
f 890/1011/748 922/1044/780 923/1045/781 891/1012/749 
f 891/1012/749 923/1045/781 924/1046/782 892/1013/750 
f 892/1013/750 924/1046/782 925/1047/783 893/1014/751 
f 893/1014/751 925/1047/783 926/1048/784 894/1015/752 
f 894/1015/752 926/1048/784 927/1049/785 895/1016/753 
f 895/1016/753 927/1049/785 928/1050/786 896/1017/754 
f 896/1017/754 928/1050/786 929/1051/787 897/1018/755 
f 897/1018/755 929/1051/787 930/1052/788 898/1019/756 
f 898/1019/756 930/1052/788 931/1053/789 899/1020/757 
f 899/1020/757 931/1053/789 932/1054/790 900/1021/758 
f 900/1021/758 932/1054/790 933/1055/791 901/1022/759 
f 901/1022/759 933/1055/791 934/1056/792 902/1023/760 
f 902/1023/760 934/1056/792 935/1057/793 903/1024/761 
f 903/1024/761 935/1057/793 936/1058/794 904/1025/762 
f 904/1025/762 936/1058/794 937/1059/795 905/1026/763 
f 905/1026/763 937/1059/795 938/1060/796 906/1027/764 
f 906/1027/764 938/1060/796 939/1061/797 907/1028/765 
f 907/1028/765 939/1061/797 940/1062/798 908/1029/766 
f 908/1029/766 940/1062/798 941/1063/799 909/1030/767 
f 909/1030/767 941/1063/799 942/1064/800 910/1031/768 
f 910/1031/768 942/1064/800 943/1065/801 911/1032/769 
f 911/1032/769 943/1065/801 944/1066/802 912/1033/770 
f 912/1033/770 944/1066/802 945/1067/803 913/1034/771 
f 913/1034/771 945/1067/803 946/1068/804 914/1035/772 
f 914/1035/772 946/1068/804 947/1069/805 915/1036/773 
f 915/1036/773 947/1069/805 948/1070/806 916/1037/774 
f 916/1037/774 948/1070/806 949/1071/807 917/1038/775 
f 917/1038/775 949/1071/807 950/1072/808 918/1039/776 
f 918/1039/776 950/1072/808 951/1073/809 919/1040/777 
f 919/1040/777 951/1073/809 920/1074/778 888/1041/746 
f 920/1042/778 952/1075/810 953/1076/811 921/1043/779 
f 921/1043/779 953/1076/811 954/1077/812 922/1044/780 
f 922/1044/780 954/1077/812 955/1078/813 923/1045/781 
f 923/1045/781 955/1078/813 956/1079/814 924/1046/782 
f 924/1046/782 956/1079/814 957/1080/815 925/1047/783 
f 925/1047/783 957/1080/815 958/1081/816 926/1048/784 
f 926/1048/784 958/1081/816 959/1082/817 927/1049/785 
f 927/1049/785 959/1082/817 960/1083/818 928/1050/786 
f 928/1050/786 960/1083/818 961/1084/819 929/1051/787 
f 929/1051/787 961/1084/819 962/1085/820 930/1052/788 
f 930/1052/788 962/1085/820 963/1086/821 931/1053/789 
f 931/1053/789 963/1086/821 964/1087/822 932/1054/790 
f 932/1054/790 964/1087/822 965/1088/823 933/1055/791 
f 933/1055/791 965/1088/823 966/1089/824 934/1056/792 
f 934/1056/792 966/1089/824 967/1090/825 935/1057/793 
f 935/1057/793 967/1090/825 968/1091/826 936/1058/794 
f 936/1058/794 968/1091/826 969/1092/827 937/1059/795 
f 937/1059/795 969/1092/827 970/1093/828 938/1060/796 
f 938/1060/796 970/1093/828 971/1094/829 939/1061/797 
f 939/1061/797 971/1094/829 972/1095/830 940/1062/798 
f 940/1062/798 972/1095/830 973/1096/831 941/1063/799 
f 941/1063/799 973/1096/831 974/1097/832 942/1064/800 
f 942/1064/800 974/1097/832 975/1098/833 943/1065/801 
f 943/1065/801 975/1098/833 976/1099/834 944/1066/802 
f 944/1066/802 976/1099/834 977/1100/835 945/1067/803 
f 945/1067/803 977/1100/835 978/1101/836 946/1068/804 
f 946/1068/804 978/1101/836 979/1102/837 947/1069/805 
f 947/1069/805 979/1102/837 980/1103/838 948/1070/806 
f 948/1070/806 980/1103/838 981/1104/839 949/1071/807 
f 949/1071/807 981/1104/839 982/1105/840 950/1072/808 
f 950/1072/808 982/1105/840 983/1106/841 951/1073/809 
f 951/1073/809 983/1106/841 952/1107/810 920/1074/778 
f 952/1075/810 984/1108/842 985/1109/843 953/1076/811 
f 953/1076/811 985/1109/843 986/1110/844 954/1077/812 
f 954/1077/812 986/1110/844 987/1111/845 955/1078/813 
f 955/1078/813 987/1111/845 988/1112/846 956/1079/814 
f 956/1079/814 988/1112/846 989/1113/847 957/1080/815 
f 957/1080/815 989/1113/847 990/1114/848 958/1081/816 
f 958/1081/816 990/1114/848 991/1115/849 959/1082/817 
f 959/1082/817 991/1115/849 992/1116/850 960/1083/818 
f 960/1083/818 992/1116/850 993/1117/851 961/1084/819 
f 961/1084/819 993/1117/851 994/1118/852 962/1085/820 
f 962/1085/820 994/1118/852 995/1119/853 963/1086/821 
f 963/1086/821 995/1119/853 996/1120/854 964/1087/822 
f 964/1087/822 996/1120/854 997/1121/855 965/1088/823 
f 965/1088/823 997/1121/855 998/1122/856 966/1089/824 
f 966/1089/824 998/1122/856 999/1123/857 967/1090/825 
f 967/1090/825 999/1123/857 1000/1124/858 968/1091/826 
f 968/1091/826 1000/1124/858 1001/1125/859 969/1092/827 
f 969/1092/827 1001/1125/859 1002/1126/860 970/1093/828 
f 970/1093/828 1002/1126/860 1003/1127/861 971/1094/829 
f 971/1094/829 1003/1127/861 1004/1128/862 972/1095/830 
f 972/1095/830 1004/1128/862 1005/1129/863 973/1096/831 
f 973/1096/831 1005/1129/863 1006/1130/864 974/1097/832 
f 974/1097/832 1006/1130/864 1007/1131/865 975/1098/833 
f 975/1098/833 1007/1131/865 1008/1132/866 976/1099/834 
f 976/1099/834 1008/1132/866 1009/1133/867 977/1100/835 
f 977/1100/835 1009/1133/867 1010/1134/868 978/1101/836 
f 978/1101/836 1010/1134/868 1011/1135/869 979/1102/837 
f 979/1102/837 1011/1135/869 1012/1136/870 980/1103/838 
f 980/1103/838 1012/1136/870 1013/1137/871 981/1104/839 
f 981/1104/839 1013/1137/871 1014/1138/872 982/1105/840 
f 982/1105/840 1014/1138/872 1015/1139/873 983/1106/841 
f 983/1106/841 1015/1139/873 984/1140/842 952/1107/810 
f 984/1108/842 1016/1141/874 1017/1142/875 985/1109/843 
f 985/1109/843 1017/1142/875 1018/1143/876 986/1110/844 
f 986/1110/844 1018/1143/876 1019/1144/877 987/1111/845 
f 987/1111/845 1019/1144/877 1020/1145/878 988/1112/846 
f 988/1112/846 1020/1145/878 1021/1146/879 989/1113/847 
f 989/1113/847 1021/1146/879 1022/1147/880 990/1114/848 
f 990/1114/848 1022/1147/880 1023/1148/881 991/1115/849 
f 991/1115/849 1023/1148/881 1024/1149/882 992/1116/850 
f 992/1116/850 1024/1149/882 1025/1150/883 993/1117/851 
f 993/1117/851 1025/1150/883 1026/1151/884 994/1118/852 
f 994/1118/852 1026/1151/884 1027/1152/885 995/1119/853 
f 995/1119/853 1027/1152/885 1028/1153/886 996/1120/854 
f 996/1120/854 1028/1153/886 1029/1154/887 997/1121/855 
f 997/1121/855 1029/1154/887 1030/1155/888 998/1122/856 
f 998/1122/856 1030/1155/888 1031/1156/889 999/1123/857 
f 999/1123/857 1031/1156/889 1032/1157/890 1000/1124/858 
f 1000/1124/858 1032/1157/890 1033/1158/891 1001/1125/859 
f 1001/1125/859 1033/1158/891 1034/1159/892 1002/1126/860 
f 1002/1126/860 1034/1159/892 1035/1160/893 1003/1127/861 
f 1003/1127/861 1035/1160/893 1036/1161/894 1004/1128/862 
f 1004/1128/862 1036/1161/894 1037/1162/895 1005/1129/863 
f 1005/1129/863 1037/1162/895 1038/1163/896 1006/1130/864 
f 1006/1130/864 1038/1163/896 1039/1164/897 1007/1131/865 
f 1007/1131/865 1039/1164/897 1040/1165/898 1008/1132/866 
f 1008/1132/866 1040/1165/898 1041/1166/899 1009/1133/867 
f 1009/1133/867 1041/1166/899 1042/1167/900 1010/1134/868 
f 1010/1134/868 1042/1167/900 1043/1168/901 1011/1135/869 
f 1011/1135/869 1043/1168/901 1044/1169/902 1012/1136/870 
f 1012/1136/870 1044/1169/902 1045/1170/903 1013/1137/871 
f 1013/1137/871 1045/1170/903 1046/1171/904 1014/1138/872 
f 1014/1138/872 1046/1171/904 1047/1172/905 1015/1139/873 
f 1015/1139/873 1047/1172/905 1016/1173/874 984/1140/842 
f 1016/1141/874 1048/1174/906 1049/1175/907 1017/1142/875 
f 1017/1142/875 1049/1175/907 1050/1176/908 1018/1143/876 
f 1018/1143/876 1050/1176/908 1051/1177/909 1019/1144/877 
f 1019/1144/877 1051/1177/909 1052/1178/910 1020/1145/878 
f 1020/1145/878 1052/1178/910 1053/1179/911 1021/1146/879 
f 1021/1146/879 1053/1179/911 1054/1180/912 1022/1147/880 
f 1022/1147/880 1054/1180/912 1055/1181/913 1023/1148/881 
f 1023/1148/881 1055/1181/913 1056/1182/914 1024/1149/882 
f 1024/1149/882 1056/1182/914 1057/1183/915 1025/1150/883 
f 1025/1150/883 1057/1183/915 1058/1184/916 1026/1151/884 
f 1026/1151/884 1058/1184/916 1059/1185/917 1027/1152/885 
f 1027/1152/885 1059/1185/917 1060/1186/918 1028/1153/886 
f 1028/1153/886 1060/1186/918 1061/1187/919 1029/1154/887 
f 1029/1154/887 1061/1187/919 1062/1188/920 1030/1155/888 
f 1030/1155/888 1062/1188/920 1063/1189/921 1031/1156/889 
f 1031/1156/889 1063/1189/921 1064/1190/922 1032/1157/890 
f 1032/1157/890 1064/1190/922 1065/1191/923 1033/1158/891 
f 1033/1158/891 1065/1191/923 1066/1192/924 1034/1159/892 
f 1034/1159/892 1066/1192/924 1067/1193/925 1035/1160/893 
f 1035/1160/893 1067/1193/925 1068/1194/926 1036/1161/894 
f 1036/1161/894 1068/1194/926 1069/1195/927 1037/1162/895 
f 1037/1162/895 1069/1195/927 1070/1196/928 1038/1163/896 
f 1038/1163/896 1070/1196/928 1071/1197/929 1039/1164/897 
f 1039/1164/897 1071/1197/929 1072/1198/930 1040/1165/898 
f 1040/1165/898 1072/1198/930 1073/1199/931 1041/1166/899 
f 1041/1166/899 1073/1199/931 1074/1200/932 1042/1167/900 
f 1042/1167/900 1074/1200/932 1075/1201/933 1043/1168/901 
f 1043/1168/901 1075/1201/933 1076/1202/934 1044/1169/902 
f 1044/1169/902 1076/1202/934 1077/1203/935 1045/1170/903 
f 1045/1170/903 1077/1203/935 1078/1204/936 1046/1171/904 
f 1046/1171/904 1078/1204/936 1079/1205/937 1047/1172/905 
f 1047/1172/905 1079/1205/937 1048/1206/906 1016/1173/874 
f 1048/1174/906 1080/1207/938 1081/1208/939 1049/1175/907 
f 1049/1175/907 1081/1208/939 1082/1209/940 1050/1176/908 
f 1050/1176/908 1082/1209/940 1083/1210/941 1051/1177/909 
f 1051/1177/909 1083/1210/941 1084/1211/942 1052/1178/910 
f 1052/1178/910 1084/1211/942 1085/1212/943 1053/1179/911 
f 1053/1179/911 1085/1212/943 1086/1213/944 1054/1180/912 
f 1054/1180/912 1086/1213/944 1087/1214/945 1055/1181/913 
f 1055/1181/913 1087/1214/945 1088/1215/946 1056/1182/914 
f 1056/1182/914 1088/1215/946 1089/1216/947 1057/1183/915 
f 1057/1183/915 1089/1216/947 1090/1217/948 1058/1184/916 
f 1058/1184/916 1090/1217/948 1091/1218/949 1059/1185/917 
f 1059/1185/917 1091/1218/949 1092/1219/950 1060/1186/918 
f 1060/1186/918 1092/1219/950 1093/1220/951 1061/1187/919 
f 1061/1187/919 1093/1220/951 1094/1221/952 1062/1188/920 
f 1062/1188/920 1094/1221/952 1095/1222/953 1063/1189/921 
f 1063/1189/921 1095/1222/953 1096/1223/954 1064/1190/922 
f 1064/1190/922 1096/1223/954 1097/1224/955 1065/1191/923 
f 1065/1191/923 1097/1224/955 1098/1225/956 1066/1192/924 
f 1066/1192/924 1098/1225/956 1099/1226/957 1067/1193/925 
f 1067/1193/925 1099/1226/957 1100/1227/958 1068/1194/926 
f 1068/1194/926 1100/1227/958 1101/1228/959 1069/1195/927 
f 1069/1195/927 1101/1228/959 1102/1229/960 1070/1196/928 
f 1070/1196/928 1102/1229/960 1103/1230/961 1071/1197/929 
f 1071/1197/929 1103/1230/961 1104/1231/962 1072/1198/930 
f 1072/1198/930 1104/1231/962 1105/1232/963 1073/1199/931 
f 1073/1199/931 1105/1232/963 1106/1233/964 1074/1200/932 
f 1074/1200/932 1106/1233/964 1107/1234/965 1075/1201/933 
f 1075/1201/933 1107/1234/965 1108/1235/966 1076/1202/934 
f 1076/1202/934 1108/1235/966 1109/1236/967 1077/1203/935 
f 1077/1203/935 1109/1236/967 1110/1237/968 1078/1204/936 
f 1078/1204/936 1110/1237/968 1111/1238/969 1079/1205/937 
f 1079/1205/937 1111/1238/969 1080/1239/938 1048/1206/906 
f 1080/1207/938 1112/1240/970 1113/1241/971 1081/1208/939 
f 1081/1208/939 1113/1241/971 1114/1242/972 1082/1209/940 
f 1082/1209/940 1114/1242/972 1115/1243/973 1083/1210/941 
f 1083/1210/941 1115/1243/973 1116/1244/974 1084/1211/942 
f 1084/1211/942 1116/1244/974 1117/1245/975 1085/1212/943 
f 1085/1212/943 1117/1245/975 1118/1246/976 1086/1213/944 
f 1086/1213/944 1118/1246/976 1119/1247/977 1087/1214/945 
f 1087/1214/945 1119/1247/977 1120/1248/978 1088/1215/946 
f 1088/1215/946 1120/1248/978 1121/1249/979 1089/1216/947 
f 1089/1216/947 1121/1249/979 1122/1250/980 1090/1217/948 
f 1090/1217/948 1122/1250/980 1123/1251/981 1091/1218/949 
f 1091/1218/949 1123/1251/981 1124/1252/982 1092/1219/950 
f 1092/1219/950 1124/1252/982 1125/1253/983 1093/1220/951 
f 1093/1220/951 1125/1253/983 1126/1254/984 1094/1221/952 
f 1094/1221/952 1126/1254/984 1127/1255/985 1095/1222/953 
f 1095/1222/953 1127/1255/985 1128/1256/986 1096/1223/954 
f 1096/1223/954 1128/1256/986 1129/1257/987 1097/1224/955 
f 1097/1224/955 1129/1257/987 1130/1258/988 1098/1225/956 
f 1098/1225/956 1130/1258/988 1131/1259/989 1099/1226/957 
f 1099/1226/957 1131/1259/989 1132/1260/990 1100/1227/958 
f 1100/1227/958 1132/1260/990 1133/1261/991 1101/1228/959 
f 1101/1228/959 1133/1261/991 1134/1262/992 1102/1229/960 
f 1102/1229/960 1134/1262/992 1135/1263/993 1103/1230/961 
f 1103/1230/961 1135/1263/993 1136/1264/994 1104/1231/962 
f 1104/1231/962 1136/1264/994 1137/1265/995 1105/1232/963 
f 1105/1232/963 1137/1265/995 1138/1266/996 1106/1233/964 
f 1106/1233/964 1138/1266/996 1139/1267/997 1107/1234/965 
f 1107/1234/965 1139/1267/997 1140/1268/998 1108/1235/966 
f 1108/1235/966 1140/1268/998 1141/1269/999 1109/1236/967 
f 1109/1236/967 1141/1269/999 1142/1270/1000 1110/1237/968 
f 1110/1237/968 1142/1270/1000 1143/1271/1001 1111/1238/969 
f 1111/1238/969 1143/1271/1001 1112/1272/970 1080/1239/938 
f 1112/1240/970 1144/1273/1002 1145/1274/1003 1113/1241/971 
f 1113/1241/971 1145/1274/1003 1146/1275/1004 1114/1242/972 
f 1114/1242/972 1146/1275/1004 1147/1276/1005 1115/1243/973 
f 1115/1243/973 1147/1276/1005 1148/1277/1006 1116/1244/974 
f 1116/1244/974 1148/1277/1006 1149/1278/1007 1117/1245/975 
f 1117/1245/975 1149/1278/1007 1150/1279/1008 1118/1246/976 
f 1118/1246/976 1150/1279/1008 1151/1280/1009 1119/1247/977 
f 1119/1247/977 1151/1280/1009 1152/1281/1010 1120/1248/978 
f 1120/1248/978 1152/1281/1010 1153/1282/1011 1121/1249/979 
f 1121/1249/979 1153/1282/1011 1154/1283/1012 1122/1250/980 
f 1122/1250/980 1154/1283/1012 1155/1284/1013 1123/1251/981 
f 1123/1251/981 1155/1284/1013 1156/1285/1014 1124/1252/982 
f 1124/1252/982 1156/1285/1014 1157/1286/1015 1125/1253/983 
f 1125/1253/983 1157/1286/1015 1158/1287/1016 1126/1254/984 
f 1126/1254/984 1158/1287/1016 1159/1288/1017 1127/1255/985 
f 1127/1255/985 1159/1288/1017 1160/1289/1018 1128/1256/986 
f 1128/1256/986 1160/1289/1018 1161/1290/1019 1129/1257/987 
f 1129/1257/987 1161/1290/1019 1162/1291/1020 1130/1258/988 
f 1130/1258/988 1162/1291/1020 1163/1292/1021 1131/1259/989 
f 1131/1259/989 1163/1292/1021 1164/1293/1022 1132/1260/990 
f 1132/1260/990 1164/1293/1022 1165/1294/1023 1133/1261/991 
f 1133/1261/991 1165/1294/1023 1166/1295/1024 1134/1262/992 
f 1134/1262/992 1166/1295/1024 1167/1296/1025 1135/1263/993 
f 1135/1263/993 1167/1296/1025 1168/1297/1026 1136/1264/994 
f 1136/1264/994 1168/1297/1026 1169/1298/1027 1137/1265/995 
f 1137/1265/995 1169/1298/1027 1170/1299/1028 1138/1266/996 
f 1138/1266/996 1170/1299/1028 1171/1300/1029 1139/1267/997 
f 1139/1267/997 1171/1300/1029 1172/1301/1030 1140/1268/998 
f 1140/1268/998 1172/1301/1030 1173/1302/1031 1141/1269/999 
f 1141/1269/999 1173/1302/1031 1174/1303/1032 1142/1270/1000 
f 1142/1270/1000 1174/1303/1032 1175/1304/1033 1143/1271/1001 
f 1143/1271/1001 1175/1304/1033 1144/1305/1002 1112/1272/970 
f 1176/1306/1034 1145/1274/1003 1144/1273/1002 
f 1176/1307/1034 1146/1275/1004 1145/1274/1003 
f 1176/1308/1034 1147/1276/1005 1146/1275/1004 
f 1176/1309/1034 1148/1277/1006 1147/1276/1005 
f 1176/1310/1034 1149/1278/1007 1148/1277/1006 
f 1176/1311/1034 1150/1279/1008 1149/1278/1007 
f 1176/1312/1034 1151/1280/1009 1150/1279/1008 
f 1176/1313/1034 1152/1281/1010 1151/1280/1009 
f 1176/1314/1034 1153/1282/1011 1152/1281/1010 
f 1176/1315/1034 1154/1283/1012 1153/1282/1011 
f 1176/1316/1034 1155/1284/1013 1154/1283/1012 
f 1176/1317/1034 1156/1285/1014 1155/1284/1013 
f 1176/1318/1034 1157/1286/1015 1156/1285/1014 
f 1176/1319/1034 1158/1287/1016 1157/1286/1015 
f 1176/1320/1034 1159/1288/1017 1158/1287/1016 
f 1176/1321/1034 1160/1289/1018 1159/1288/1017 
f 1176/1322/1034 1161/1290/1019 1160/1289/1018 
f 1176/1323/1034 1162/1291/1020 1161/1290/1019 
f 1176/1324/1034 1163/1292/1021 1162/1291/1020 
f 1176/1325/1034 1164/1293/1022 1163/1292/1021 
f 1176/1326/1034 1165/1294/1023 1164/1293/1022 
f 1176/1327/1034 1166/1295/1024 1165/1294/1023 
f 1176/1328/1034 1167/1296/1025 1166/1295/1024 
f 1176/1329/1034 1168/1297/1026 1167/1296/1025 
f 1176/1330/1034 1169/1298/1027 1168/1297/1026 
f 1176/1331/1034 1170/1299/1028 1169/1298/1027 
f 1176/1332/1034 1171/1300/1029 1170/1299/1028 
f 1176/1333/1034 1172/1301/1030 1171/1300/1029 
f 1176/1334/1034 1173/1302/1031 1172/1301/1030 
f 1176/1335/1034 1174/1303/1032 1173/1302/1031 
f 1176/1336/1034 1175/1304/1033 1174/1303/1032 
f 1176/1337/1034 1144/1305/1002 1175/1304/1033 
# 448 polygons - 64 triangles

#
# object Cone004
#

v  0.0000 10.0000 -37.7486
v  -9.7701 10.0000 -36.4624
v  -9.1751 47.2746 -34.2419
v  0.0000 47.2746 -35.4498
v  -18.8743 10.0000 -32.6913
v  -17.7249 47.2746 -30.7004
v  -26.6923 10.0000 -26.6923
v  -25.0668 47.2746 -25.0668
v  -32.6913 10.0000 -18.8743
v  -30.7004 47.2746 -17.7249
v  -36.4624 10.0000 -9.7701
v  -34.2419 47.2746 -9.1751
v  -37.7486 10.0000 -0.0000
v  -35.4498 47.2746 -0.0000
v  -36.4624 10.0000 9.7701
v  -34.2419 47.2746 9.1751
v  -32.6913 10.0000 18.8743
v  -30.7004 47.2746 17.7249
v  -26.6923 10.0000 26.6923
v  -25.0668 47.2746 25.0668
v  -18.8743 10.0000 32.6913
v  -17.7249 47.2746 30.7004
v  -9.7701 10.0000 36.4624
v  -9.1751 47.2746 34.2418
v  -0.0000 10.0000 37.7486
v  -0.0000 47.2746 35.4498
v  -8.5801 84.5492 -32.0213
v  0.0000 84.5492 -33.1509
v  -16.5754 84.5492 -28.7095
v  -23.4412 84.5492 -23.4412
v  -28.7095 84.5492 -16.5755
v  -32.0213 84.5492 -8.5801
v  -33.1509 84.5492 -0.0000
v  -32.0213 84.5492 8.5801
v  -28.7095 84.5492 16.5754
v  -23.4412 84.5492 23.4412
v  -16.5755 84.5492 28.7095
v  -8.5801 84.5492 32.0213
v  -0.0000 84.5492 33.1509
v  -7.9851 121.8237 -29.8008
v  0.0000 121.8237 -30.8520
v  -15.4260 121.8237 -26.7186
v  -21.8157 121.8237 -21.8157
v  -26.7186 121.8237 -15.4260
v  -29.8008 121.8237 -7.9851
v  -30.8520 121.8237 -0.0000
v  -29.8008 121.8237 7.9851
v  -26.7186 121.8237 15.4260
v  -21.8157 121.8237 21.8157
v  -15.4260 121.8237 26.7186
v  -7.9851 121.8237 29.8008
v  -0.0000 121.8237 30.8520
v  -7.3901 159.0983 -27.5802
v  0.0000 159.0983 -28.5532
v  -14.2766 159.0983 -24.7278
v  -20.1901 159.0983 -20.1901
v  -24.7278 159.0983 -14.2766
v  -27.5802 159.0983 -7.3901
v  -28.5532 159.0983 -0.0000
v  -27.5802 159.0983 7.3901
v  -24.7278 159.0983 14.2766
v  -20.1901 159.0983 20.1901
v  -14.2766 159.0983 24.7278
v  -7.3901 159.0983 27.5802
v  -0.0000 159.0983 28.5532
v  -6.7951 196.3729 -25.3597
v  0.0000 196.3729 -26.2543
v  -13.1271 196.3729 -22.7369
v  -18.5646 196.3729 -18.5646
v  -22.7369 196.3729 -13.1271
v  -25.3597 196.3729 -6.7951
v  -26.2543 196.3729 -0.0000
v  -25.3597 196.3729 6.7951
v  -22.7369 196.3729 13.1271
v  -18.5646 196.3729 18.5646
v  -13.1271 196.3729 22.7369
v  -6.7951 196.3729 25.3597
v  -0.0000 196.3729 26.2543
# 78 vertices

vn -0.1303 0.0610 -0.9896
vn -0.2583 0.0616 -0.9641
vn -0.4991 0.0616 -0.8644
vn -0.7058 0.0616 -0.7058
vn -0.8644 0.0616 -0.4991
vn -0.9641 0.0616 -0.2583
vn -0.9981 0.0616 0.0000
vn -0.9981 0.0616 -0.0000
vn -0.9641 0.0616 0.2583
vn -0.8644 0.0616 0.4991
vn -0.7058 0.0616 0.7058
vn -0.4991 0.0616 0.8644
vn -0.2583 0.0616 0.9641
vn -0.1303 0.0610 0.9896
# 14 vertex normals

vt 0.0000 0.0000 1.0000
vt 0.0417 0.0000 1.0000
vt 0.0417 0.2000 0.9391
vt 0.0000 0.2000 0.9391
vt 0.0833 0.0000 1.0000
vt 0.0833 0.2000 0.9391
vt 0.1250 0.0000 1.0000
vt 0.1250 0.2000 0.9391
vt 0.1667 0.0000 1.0000
vt 0.1667 0.2000 0.9391
vt 0.2083 0.0000 1.0000
vt 0.2083 0.2000 0.9391
vt 0.2500 0.0000 1.0000
vt 0.2500 0.2000 0.9391
vt 0.2917 0.0000 1.0000
vt 0.2917 0.2000 0.9391
vt 0.3333 0.0000 1.0000
vt 0.3333 0.2000 0.9391
vt 0.3750 0.0000 1.0000
vt 0.3750 0.2000 0.9391
vt 0.4167 0.0000 1.0000
vt 0.4167 0.2000 0.9391
vt 0.4583 0.0000 1.0000
vt 0.4583 0.2000 0.9391
vt 0.5000 0.0000 1.0000
vt 0.5000 0.2000 0.9391
vt 0.0417 0.4000 0.8782
vt 0.0000 0.4000 0.8782
vt 0.0833 0.4000 0.8782
vt 0.1250 0.4000 0.8782
vt 0.1667 0.4000 0.8782
vt 0.2083 0.4000 0.8782
vt 0.2500 0.4000 0.8782
vt 0.2917 0.4000 0.8782
vt 0.3333 0.4000 0.8782
vt 0.3750 0.4000 0.8782
vt 0.4167 0.4000 0.8782
vt 0.4583 0.4000 0.8782
vt 0.5000 0.4000 0.8782
vt 0.0417 0.6000 0.8173
vt 0.0000 0.6000 0.8173
vt 0.0833 0.6000 0.8173
vt 0.1250 0.6000 0.8173
vt 0.1667 0.6000 0.8173
vt 0.2083 0.6000 0.8173
vt 0.2500 0.6000 0.8173
vt 0.2917 0.6000 0.8173
vt 0.3333 0.6000 0.8173
vt 0.3750 0.6000 0.8173
vt 0.4167 0.6000 0.8173
vt 0.4583 0.6000 0.8173
vt 0.5000 0.6000 0.8173
vt 0.0417 0.8000 0.7564
vt 0.0000 0.8000 0.7564
vt 0.0833 0.8000 0.7564
vt 0.1250 0.8000 0.7564
vt 0.1667 0.8000 0.7564
vt 0.2083 0.8000 0.7564
vt 0.2500 0.8000 0.7564
vt 0.2917 0.8000 0.7564
vt 0.3333 0.8000 0.7564
vt 0.3750 0.8000 0.7564
vt 0.4167 0.8000 0.7564
vt 0.4583 0.8000 0.7564
vt 0.5000 0.8000 0.7564
vt 0.0417 1.0000 0.6955
vt 0.0000 1.0000 0.6955
vt 0.0833 1.0000 0.6955
vt 0.1250 1.0000 0.6955
vt 0.1667 1.0000 0.6955
vt 0.2083 1.0000 0.6955
vt 0.2500 1.0000 0.6955
vt 0.2917 1.0000 0.6955
vt 0.3333 1.0000 0.6955
vt 0.3750 1.0000 0.6955
vt 0.4167 1.0000 0.6955
vt 0.4583 1.0000 0.6955
vt 0.5000 1.0000 0.6955
# 78 texture coords

o Cone004
g Cone004
usemtl wire_255255255
s 8
f 1177/1338/1035 1178/1339/1036 1179/1340/1036 1180/1341/1035 
f 1178/1339/1036 1181/1342/1037 1182/1343/1037 1179/1340/1036 
f 1181/1342/1037 1183/1344/1038 1184/1345/1038 1182/1343/1037 
f 1183/1344/1038 1185/1346/1039 1186/1347/1039 1184/1345/1038 
f 1185/1346/1039 1187/1348/1040 1188/1349/1040 1186/1347/1039 
f 1187/1348/1040 1189/1350/1041 1190/1351/1042 1188/1349/1040 
f 1189/1350/1041 1191/1352/1043 1192/1353/1043 1190/1351/1042 
f 1191/1352/1043 1193/1354/1044 1194/1355/1044 1192/1353/1043 
f 1193/1354/1044 1195/1356/1045 1196/1357/1045 1194/1355/1044 
f 1195/1356/1045 1197/1358/1046 1198/1359/1046 1196/1357/1045 
f 1197/1358/1046 1199/1360/1047 1200/1361/1047 1198/1359/1046 
f 1199/1360/1047 1201/1362/1048 1202/1363/1048 1200/1361/1047 
f 1180/1341/1035 1179/1340/1036 1203/1364/1036 1204/1365/1035 
f 1179/1340/1036 1182/1343/1037 1205/1366/1037 1203/1364/1036 
f 1182/1343/1037 1184/1345/1038 1206/1367/1038 1205/1366/1037 
f 1184/1345/1038 1186/1347/1039 1207/1368/1039 1206/1367/1038 
f 1186/1347/1039 1188/1349/1040 1208/1369/1040 1207/1368/1039 
f 1188/1349/1040 1190/1351/1042 1209/1370/1042 1208/1369/1040 
f 1190/1351/1042 1192/1353/1043 1210/1371/1043 1209/1370/1042 
f 1192/1353/1043 1194/1355/1044 1211/1372/1044 1210/1371/1043 
f 1194/1355/1044 1196/1357/1045 1212/1373/1045 1211/1372/1044 
f 1196/1357/1045 1198/1359/1046 1213/1374/1046 1212/1373/1045 
f 1198/1359/1046 1200/1361/1047 1214/1375/1047 1213/1374/1046 
f 1200/1361/1047 1202/1363/1048 1215/1376/1048 1214/1375/1047 
f 1204/1365/1035 1203/1364/1036 1216/1377/1036 1217/1378/1035 
f 1203/1364/1036 1205/1366/1037 1218/1379/1037 1216/1377/1036 
f 1205/1366/1037 1206/1367/1038 1219/1380/1038 1218/1379/1037 
f 1206/1367/1038 1207/1368/1039 1220/1381/1039 1219/1380/1038 
f 1207/1368/1039 1208/1369/1040 1221/1382/1040 1220/1381/1039 
f 1208/1369/1040 1209/1370/1042 1222/1383/1042 1221/1382/1040 
f 1209/1370/1042 1210/1371/1043 1223/1384/1043 1222/1383/1042 
f 1210/1371/1043 1211/1372/1044 1224/1385/1044 1223/1384/1043 
f 1211/1372/1044 1212/1373/1045 1225/1386/1045 1224/1385/1044 
f 1212/1373/1045 1213/1374/1046 1226/1387/1046 1225/1386/1045 
f 1213/1374/1046 1214/1375/1047 1227/1388/1047 1226/1387/1046 
f 1214/1375/1047 1215/1376/1048 1228/1389/1048 1227/1388/1047 
f 1217/1378/1035 1216/1377/1036 1229/1390/1036 1230/1391/1035 
f 1216/1377/1036 1218/1379/1037 1231/1392/1037 1229/1390/1036 
f 1218/1379/1037 1219/1380/1038 1232/1393/1038 1231/1392/1037 
f 1219/1380/1038 1220/1381/1039 1233/1394/1039 1232/1393/1038 
f 1220/1381/1039 1221/1382/1040 1234/1395/1040 1233/1394/1039 
f 1221/1382/1040 1222/1383/1042 1235/1396/1042 1234/1395/1040 
f 1222/1383/1042 1223/1384/1043 1236/1397/1043 1235/1396/1042 
f 1223/1384/1043 1224/1385/1044 1237/1398/1044 1236/1397/1043 
f 1224/1385/1044 1225/1386/1045 1238/1399/1045 1237/1398/1044 
f 1225/1386/1045 1226/1387/1046 1239/1400/1046 1238/1399/1045 
f 1226/1387/1046 1227/1388/1047 1240/1401/1047 1239/1400/1046 
f 1227/1388/1047 1228/1389/1048 1241/1402/1048 1240/1401/1047 
f 1230/1391/1035 1229/1390/1036 1242/1403/1036 1243/1404/1035 
f 1229/1390/1036 1231/1392/1037 1244/1405/1037 1242/1403/1036 
f 1231/1392/1037 1232/1393/1038 1245/1406/1038 1244/1405/1037 
f 1232/1393/1038 1233/1394/1039 1246/1407/1039 1245/1406/1038 
f 1233/1394/1039 1234/1395/1040 1247/1408/1040 1246/1407/1039 
f 1234/1395/1040 1235/1396/1042 1248/1409/1041 1247/1408/1040 
f 1235/1396/1042 1236/1397/1043 1249/1410/1043 1248/1409/1041 
f 1236/1397/1043 1237/1398/1044 1250/1411/1044 1249/1410/1043 
f 1237/1398/1044 1238/1399/1045 1251/1412/1045 1250/1411/1044 
f 1238/1399/1045 1239/1400/1046 1252/1413/1046 1251/1412/1045 
f 1239/1400/1046 1240/1401/1047 1253/1414/1047 1252/1413/1046 
f 1240/1401/1047 1241/1402/1048 1254/1415/1048 1253/1414/1047 
# 60 polygons

#
# object ¶ÔÏó001
#

v  36.4624 10.0000 9.7701
v  32.6913 10.0000 18.8743
v  26.6923 10.0000 26.6923
v  18.8743 10.0000 32.6913
v  9.7700 10.0000 36.4624
v  -0.0000 10.0000 37.7486
v  -9.7701 10.0000 36.4624
v  -18.8743 10.0000 32.6913
v  -26.6923 10.0000 26.6923
v  -32.6913 10.0000 18.8743
v  -36.4624 10.0000 9.7701
v  -37.7486 10.0000 -0.0000
v  -36.4624 10.0000 -9.7701
v  -32.6913 10.0000 -18.8743
v  -26.6923 10.0000 -26.6923
v  -18.8743 10.0000 -32.6913
v  -9.7701 10.0000 -36.4624
v  0.0000 10.0000 -37.7486
v  9.7701 10.0000 -36.4624
v  18.8743 10.0000 -32.6913
v  26.6923 10.0000 -26.6923
v  32.6913 10.0000 -18.8743
v  36.4624 10.0000 -9.7701
v  37.7486 10.0000 -0.0000
v  34.2419 47.2746 -9.1751
v  35.4498 47.2746 -0.0000
v  30.7004 47.2746 -17.7249
v  25.0668 47.2746 -25.0668
v  17.7249 47.2746 -30.7004
v  9.1751 47.2746 -34.2419
v  0.0000 47.2746 -35.4498
v  9.1751 47.2746 34.2419
v  -0.0000 47.2746 35.4498
v  17.7249 47.2746 30.7004
v  25.0668 47.2746 25.0668
v  30.7004 47.2746 17.7249
v  34.2418 47.2746 9.1751
v  32.0213 84.5492 -8.5801
v  33.1509 84.5492 -0.0000
v  28.7095 84.5492 -16.5755
v  23.4412 84.5492 -23.4412
v  16.5754 84.5492 -28.7095
v  8.5801 84.5492 -32.0213
v  0.0000 84.5492 -33.1509
v  8.5801 84.5492 32.0213
v  -0.0000 84.5492 33.1509
v  16.5754 84.5492 28.7095
v  23.4412 84.5492 23.4412
v  28.7095 84.5492 16.5755
v  32.0213 84.5492 8.5801
v  29.8008 121.8237 -7.9851
v  30.8520 121.8237 -0.0000
v  26.7186 121.8237 -15.4260
v  21.8157 121.8237 -21.8157
v  15.4260 121.8237 -26.7186
v  7.9851 121.8237 -29.8008
v  0.0000 121.8237 -30.8520
v  7.9851 121.8237 29.8008
v  -0.0000 121.8237 30.8520
v  15.4260 121.8237 26.7186
v  21.8157 121.8237 21.8157
v  26.7186 121.8237 15.4260
v  29.8008 121.8237 7.9851
v  27.5802 159.0983 -7.3901
v  28.5532 159.0983 -0.0000
v  24.7278 159.0983 -14.2766
v  20.1901 159.0983 -20.1901
v  14.2766 159.0983 -24.7278
v  7.3901 159.0983 -27.5802
v  0.0000 159.0983 -28.5532
v  7.3901 159.0983 27.5802
v  -0.0000 159.0983 28.5532
v  14.2766 159.0983 24.7278
v  20.1901 159.0983 20.1901
v  24.7277 159.0983 14.2766
v  27.5802 159.0983 7.3901
v  25.3597 196.3729 -6.7951
v  26.2543 196.3729 -0.0000
v  22.7369 196.3729 -13.1271
v  18.5646 196.3729 -18.5646
v  13.1271 196.3729 -22.7369
v  6.7951 196.3729 -25.3597
v  0.0000 196.3729 -26.2543
v  6.7951 196.3729 25.3597
v  -0.0000 196.3729 26.2543
v  13.1271 196.3729 22.7369
v  18.5646 196.3729 18.5646
v  22.7369 196.3729 13.1272
v  25.3597 196.3729 6.7951
v  -6.7951 196.3729 -25.3597
v  -13.1271 196.3729 -22.7369
v  -18.5646 196.3729 -18.5646
v  -22.7369 196.3729 -13.1271
v  -25.3597 196.3729 -6.7951
v  -26.2543 196.3729 -0.0000
v  -25.3597 196.3729 6.7951
v  -22.7369 196.3729 13.1271
v  -18.5646 196.3729 18.5646
v  -13.1271 196.3729 22.7369
v  -6.7951 196.3729 25.3597
# 100 vertices

vn 0.7290 -0.6561 0.1953
vn 0.6536 -0.6561 0.3773
vn 0.5336 -0.6561 0.5336
vn 0.3773 -0.6561 0.6536
vn 0.1953 -0.6561 0.7290
vn 0.0638 -0.8724 0.4846
vn 0.0000 -1.0000 -0.0000
vn 0.0638 -0.8724 -0.4846
vn 0.1953 -0.6561 -0.7290
vn 0.3773 -0.6561 -0.6536
vn 0.5336 -0.6561 -0.5336
vn 0.6536 -0.6561 -0.3773
vn 0.7290 -0.6561 -0.1953
vn 0.7547 -0.6561 0.0000
vn 0.9641 0.0616 -0.2583
vn 0.9981 0.0616 0.0000
vn 0.8644 0.0616 -0.4991
vn 0.7058 0.0616 -0.7058
vn 0.4991 0.0616 -0.8644
vn 0.2583 0.0616 -0.9641
vn 0.1303 0.0610 -0.9896
vn 0.2583 0.0616 0.9641
vn 0.1303 0.0610 0.9896
vn 0.4991 0.0616 0.8644
vn 0.7058 0.0616 0.7058
vn 0.8644 0.0616 0.4991
vn 0.9641 0.0616 0.2583
vn 0.6888 0.7011 -0.1846
vn 0.7130 0.7011 0.0000
vn 0.6175 0.7011 -0.3565
vn 0.5042 0.7011 -0.5042
vn 0.3565 0.7011 -0.6175
vn 0.1846 0.7011 -0.6888
vn 0.0611 0.8838 -0.4639
vn 0.1846 0.7011 0.6888
vn 0.0611 0.8838 0.4640
vn 0.3565 0.7011 0.6175
vn 0.5042 0.7011 0.5042
vn 0.6175 0.7011 0.3565
vn 0.6888 0.7011 0.1846
vn 0.0000 1.0000 -0.0000
# 41 vertex normals

vt 0.2787 0.0000 -0.1317
vt 0.1676 0.0000 -0.3860
vt 0.0792 0.0000 -0.6140
vt 0.0194 0.0000 -0.8002
vt -0.0076 0.0000 -0.9318
vt 0.0000 0.0000 -1.0000
vt 0.0417 0.0000 -1.0000
vt 0.1146 0.0000 -0.9318
vt 0.2137 0.0000 -0.8002
vt 0.3324 0.0000 -0.6140
vt 0.4625 0.0000 -0.3860
vt 0.5952 0.0000 -0.1317
vt 0.7213 0.0000 0.1317
vt 0.8324 0.0000 0.3860
vt 0.9208 0.0000 0.6140
vt 0.9806 0.0000 0.8002
vt 1.0076 0.0000 0.9319
vt 1.0000 0.0000 1.0000
vt 0.9583 0.0000 1.0000
vt 0.9167 0.0000 1.0000
vt 0.8750 0.0000 1.0000
vt 0.8333 0.0000 1.0000
vt 0.7917 0.0000 1.0000
vt 0.7500 0.0000 1.0000
vt 0.7917 0.2000 0.9391
vt 0.7500 0.2000 0.9391
vt 0.8333 0.2000 0.9391
vt 0.8750 0.2000 0.9391
vt 0.9167 0.2000 0.9391
vt 0.9583 0.2000 0.9391
vt 1.0000 0.2000 0.9391
vt 0.5000 0.0000 1.0000
vt 0.5417 0.0000 1.0000
vt 0.5417 0.2000 0.9391
vt 0.5000 0.2000 0.9391
vt 0.5833 0.0000 1.0000
vt 0.5833 0.2000 0.9391
vt 0.6250 0.0000 1.0000
vt 0.6250 0.2000 0.9391
vt 0.6667 0.0000 1.0000
vt 0.6667 0.2000 0.9391
vt 0.7083 0.0000 1.0000
vt 0.7083 0.2000 0.9391
vt 0.7917 0.4000 0.8782
vt 0.7500 0.4000 0.8782
vt 0.8333 0.4000 0.8782
vt 0.8750 0.4000 0.8782
vt 0.9167 0.4000 0.8782
vt 0.9583 0.4000 0.8782
vt 1.0000 0.4000 0.8782
vt 0.5417 0.4000 0.8782
vt 0.5000 0.4000 0.8782
vt 0.5833 0.4000 0.8782
vt 0.6250 0.4000 0.8782
vt 0.6667 0.4000 0.8782
vt 0.7083 0.4000 0.8782
vt 0.7917 0.6000 0.8173
vt 0.7500 0.6000 0.8173
vt 0.8333 0.6000 0.8173
vt 0.8750 0.6000 0.8173
vt 0.9167 0.6000 0.8173
vt 0.9583 0.6000 0.8173
vt 1.0000 0.6000 0.8173
vt 0.5417 0.6000 0.8173
vt 0.5000 0.6000 0.8173
vt 0.5833 0.6000 0.8173
vt 0.6250 0.6000 0.8173
vt 0.6667 0.6000 0.8173
vt 0.7083 0.6000 0.8173
vt 0.7917 0.8000 0.7564
vt 0.7500 0.8000 0.7564
vt 0.8333 0.8000 0.7564
vt 0.8750 0.8000 0.7564
vt 0.9167 0.8000 0.7564
vt 0.9583 0.8000 0.7564
vt 1.0000 0.8000 0.7564
vt 0.5417 0.8000 0.7564
vt 0.5000 0.8000 0.7564
vt 0.5833 0.8000 0.7564
vt 0.6250 0.8000 0.7564
vt 0.6667 0.8000 0.7564
vt 0.7083 0.8000 0.7564
vt 0.7917 1.0000 0.6955
vt 0.7500 1.0000 0.6955
vt 0.8333 1.0000 0.6955
vt 0.8750 1.0000 0.6955
vt 0.9167 1.0000 0.6955
vt 0.9583 1.0000 0.6955
vt 1.0000 1.0000 0.6955
vt 0.5417 1.0000 0.6955
vt 0.5000 1.0000 0.6955
vt 0.5833 1.0000 0.6955
vt 0.6250 1.0000 0.6955
vt 0.6667 1.0000 0.6955
vt 0.7083 1.0000 0.6955
vt 1.0076 1.0000 0.6481
vt 0.9806 1.0000 0.5565
vt 0.9208 1.0000 0.4270
vt 0.8324 1.0000 0.2685
vt 0.7213 1.0000 0.0916
vt 0.5952 1.0000 -0.0916
vt 0.4625 1.0000 -0.2685
vt 0.3324 1.0000 -0.4270
vt 0.2137 1.0000 -0.5565
vt 0.1146 1.0000 -0.6481
vt 0.0417 1.0000 -0.6955
vt -0.0000 1.0000 -0.6955
vt -0.0076 1.0000 -0.6481
vt 0.0194 1.0000 -0.5565
vt 0.0792 1.0000 -0.4270
vt 0.1676 1.0000 -0.2685
# 111 texture coords

o ¶ÔÏó001
g ¶ÔÏó001
usemtl wire_135006006
s 1
f 1255/1416/1049 1256/1417/1050 1257/1418/1051 1258/1419/1052 1259/1420/1053 1260/1421/1054 1261/1422/1055 1262/1423/1055 1263/1424/1055 1264/1425/1055 1265/1426/1055 1266/1427/1055 1267/1428/1055 1268/1429/1055 1269/1430/1055 1270/1431/1055 1271/1432/1055 1272/1433/1056 1273/1434/1057 1274/1435/1058 1275/1436/1059 1276/1437/1060 1277/1438/1061 1278/1439/1062 
s 8
f 1278/1439/1062 1277/1438/1061 1279/1440/1063 1280/1441/1064 
f 1277/1438/1061 1276/1437/1060 1281/1442/1065 1279/1440/1063 
f 1276/1437/1060 1275/1436/1059 1282/1443/1066 1281/1442/1065 
f 1275/1436/1059 1274/1435/1058 1283/1444/1067 1282/1443/1066 
f 1274/1435/1058 1273/1434/1057 1284/1445/1068 1283/1444/1067 
f 1273/1434/1057 1272/1433/1056 1285/1446/1069 1284/1445/1068 
f 1260/1447/1054 1259/1448/1053 1286/1449/1070 1287/1450/1071 
f 1259/1448/1053 1258/1451/1052 1288/1452/1072 1286/1449/1070 
f 1258/1451/1052 1257/1453/1051 1289/1454/1073 1288/1452/1072 
f 1257/1453/1051 1256/1455/1050 1290/1456/1074 1289/1454/1073 
f 1256/1455/1050 1255/1457/1049 1291/1458/1075 1290/1456/1074 
f 1255/1457/1049 1278/1439/1062 1280/1441/1064 1291/1458/1075 
f 1280/1441/1064 1279/1440/1063 1292/1459/1063 1293/1460/1064 
f 1279/1440/1063 1281/1442/1065 1294/1461/1065 1292/1459/1063 
f 1281/1442/1065 1282/1443/1066 1295/1462/1066 1294/1461/1065 
f 1282/1443/1066 1283/1444/1067 1296/1463/1067 1295/1462/1066 
f 1283/1444/1067 1284/1445/1068 1297/1464/1068 1296/1463/1067 
f 1284/1445/1068 1285/1446/1069 1298/1465/1069 1297/1464/1068 
f 1287/1450/1071 1286/1449/1070 1299/1466/1070 1300/1467/1071 
f 1286/1449/1070 1288/1452/1072 1301/1468/1072 1299/1466/1070 
f 1288/1452/1072 1289/1454/1073 1302/1469/1073 1301/1468/1072 
f 1289/1454/1073 1290/1456/1074 1303/1470/1074 1302/1469/1073 
f 1290/1456/1074 1291/1458/1075 1304/1471/1075 1303/1470/1074 
f 1291/1458/1075 1280/1441/1064 1293/1460/1064 1304/1471/1075 
f 1293/1460/1064 1292/1459/1063 1305/1472/1063 1306/1473/1064 
f 1292/1459/1063 1294/1461/1065 1307/1474/1065 1305/1472/1063 
f 1294/1461/1065 1295/1462/1066 1308/1475/1066 1307/1474/1065 
f 1295/1462/1066 1296/1463/1067 1309/1476/1067 1308/1475/1066 
f 1296/1463/1067 1297/1464/1068 1310/1477/1068 1309/1476/1067 
f 1297/1464/1068 1298/1465/1069 1311/1478/1069 1310/1477/1068 
f 1300/1467/1071 1299/1466/1070 1312/1479/1070 1313/1480/1071 
f 1299/1466/1070 1301/1468/1072 1314/1481/1072 1312/1479/1070 
f 1301/1468/1072 1302/1469/1073 1315/1482/1073 1314/1481/1072 
f 1302/1469/1073 1303/1470/1074 1316/1483/1074 1315/1482/1073 
f 1303/1470/1074 1304/1471/1075 1317/1484/1075 1316/1483/1074 
f 1304/1471/1075 1293/1460/1064 1306/1473/1064 1317/1484/1075 
f 1306/1473/1064 1305/1472/1063 1318/1485/1063 1319/1486/1064 
f 1305/1472/1063 1307/1474/1065 1320/1487/1065 1318/1485/1063 
f 1307/1474/1065 1308/1475/1066 1321/1488/1066 1320/1487/1065 
f 1308/1475/1066 1309/1476/1067 1322/1489/1067 1321/1488/1066 
f 1309/1476/1067 1310/1477/1068 1323/1490/1068 1322/1489/1067 
f 1310/1477/1068 1311/1478/1069 1324/1491/1069 1323/1490/1068 
f 1313/1480/1071 1312/1479/1070 1325/1492/1070 1326/1493/1071 
f 1312/1479/1070 1314/1481/1072 1327/1494/1072 1325/1492/1070 
f 1314/1481/1072 1315/1482/1073 1328/1495/1073 1327/1494/1072 
f 1315/1482/1073 1316/1483/1074 1329/1496/1074 1328/1495/1073 
f 1316/1483/1074 1317/1484/1075 1330/1497/1075 1329/1496/1074 
f 1317/1484/1075 1306/1473/1064 1319/1486/1064 1330/1497/1075 
f 1319/1486/1064 1318/1485/1063 1331/1498/1076 1332/1499/1077 
f 1318/1485/1063 1320/1487/1065 1333/1500/1078 1331/1498/1076 
f 1320/1487/1065 1321/1488/1066 1334/1501/1079 1333/1500/1078 
f 1321/1488/1066 1322/1489/1067 1335/1502/1080 1334/1501/1079 
f 1322/1489/1067 1323/1490/1068 1336/1503/1081 1335/1502/1080 
f 1323/1490/1068 1324/1491/1069 1337/1504/1082 1336/1503/1081 
f 1326/1493/1071 1325/1492/1070 1338/1505/1083 1339/1506/1084 
f 1325/1492/1070 1327/1494/1072 1340/1507/1085 1338/1505/1083 
f 1327/1494/1072 1328/1495/1073 1341/1508/1086 1340/1507/1085 
f 1328/1495/1073 1329/1496/1074 1342/1509/1087 1341/1508/1086 
f 1329/1496/1074 1330/1497/1075 1343/1510/1088 1342/1509/1087 
f 1330/1497/1075 1319/1486/1064 1332/1499/1077 1343/1510/1088 
s 1
f 1343/1510/1088 1332/1499/1077 1331/1498/1076 1333/1500/1078 1334/1501/1079 1335/1502/1080 1336/1503/1081 1337/1504/1082 1344/1511/1089 1345/1512/1089 1346/1513/1089 1347/1514/1089 1348/1515/1089 1349/1516/1089 1350/1517/1089 1351/1518/1089 1352/1519/1089 1353/1520/1089 1354/1521/1089 1339/1522/1084 1338/1523/1083 1340/1524/1085 1341/1525/1086 1342/1526/1087 
# 62 polygons

#
# object ¶ÔÏó002
#

v  58.8005 0.0000 15.7556
v  52.7191 0.0000 30.4374
v  43.0449 0.0000 43.0450
v  30.4373 0.0000 52.7191
v  15.7555 0.0000 58.8005
v  -0.0000 0.0000 60.8748
v  -15.7556 0.0000 58.8005
v  -30.4374 0.0000 52.7191
v  -43.0450 0.0000 43.0449
v  -52.7191 0.0000 30.4374
v  -58.8005 0.0000 15.7555
v  -60.8748 0.0000 -0.0000
v  -58.8005 0.0000 -15.7556
v  -52.7191 0.0000 -30.4374
v  -43.0449 0.0000 -43.0450
v  -30.4374 0.0000 -52.7191
v  -15.7555 0.0000 -58.8005
v  0.0000 0.0000 -60.8748
v  15.7555 0.0000 -58.8005
v  30.4374 0.0000 -52.7191
v  43.0450 0.0000 -43.0450
v  52.7191 0.0000 -30.4374
v  58.8005 0.0000 -15.7555
v  60.8748 0.0000 -0.0000
v  54.7745 7.5917 -14.6768
v  56.7068 7.5917 -0.0000
v  49.1095 7.5917 -28.3534
v  40.0977 7.5917 -40.0977
v  28.3534 7.5917 -49.1095
v  14.6768 7.5917 -54.7745
v  0.0000 7.5917 -56.7068
v  14.6768 7.5917 54.7745
v  -0.0000 7.5917 56.7068
v  28.3533 7.5917 49.1095
v  40.0977 7.5917 40.0978
v  49.1095 7.5917 28.3534
v  54.7745 7.5917 14.6768
v  50.7485 15.1835 -13.5980
v  52.5387 15.1835 -0.0000
v  45.4999 15.1835 -26.2694
v  37.1505 15.1835 -37.1505
v  26.2694 15.1835 -45.4999
v  13.5980 15.1835 -50.7485
v  0.0000 15.1835 -52.5387
v  13.5980 15.1835 50.7485
v  -0.0000 15.1835 52.5387
v  26.2693 15.1835 45.4999
v  37.1505 15.1835 37.1505
v  45.4999 15.1835 26.2694
v  50.7485 15.1835 13.5981
v  46.7225 22.7752 -12.5193
v  48.3707 22.7752 -0.0000
v  41.8903 22.7752 -24.1854
v  34.2033 22.7752 -34.2033
v  24.1854 22.7752 -41.8903
v  12.5193 22.7752 -46.7225
v  0.0000 22.7752 -48.3707
v  12.5192 22.7752 46.7226
v  -0.0000 22.7752 48.3707
v  24.1853 22.7752 41.8903
v  34.2033 22.7752 34.2033
v  41.8903 22.7752 24.1854
v  46.7225 22.7752 12.5193
v  42.6966 30.3669 -11.4405
v  44.2027 30.3669 -0.0000
v  38.2807 30.3669 -22.1014
v  31.2561 30.3669 -31.2561
v  22.1014 30.3669 -38.2807
v  11.4405 30.3669 -42.6966
v  0.0000 30.3669 -44.2027
v  11.4405 30.3669 42.6966
v  -0.0000 30.3669 44.2027
v  22.1013 30.3669 38.2807
v  31.2560 30.3669 31.2561
v  38.2807 30.3669 22.1014
v  42.6966 30.3669 11.4405
v  38.6706 37.9586 -10.3618
v  40.0347 37.9586 -0.0000
v  34.6711 37.9586 -20.0174
v  28.3088 37.9586 -28.3088
v  20.0174 37.9586 -34.6711
v  10.3618 37.9586 -38.6706
v  0.0000 37.9586 -40.0347
v  10.3617 37.9586 38.6706
v  -0.0000 37.9586 40.0347
v  20.0173 37.9586 34.6711
v  28.3088 37.9586 28.3088
v  34.6711 37.9586 20.0174
v  38.6706 37.9586 10.3618
v  -10.3617 37.9586 -38.6706
v  -20.0174 37.9586 -34.6711
v  -28.3088 37.9586 -28.3088
v  -34.6711 37.9586 -20.0174
v  -38.6706 37.9586 -10.3618
v  -40.0347 37.9586 -0.0000
v  -38.6706 37.9586 10.3617
v  -34.6711 37.9586 20.0173
v  -28.3088 37.9586 28.3088
v  -20.0174 37.9586 34.6711
v  -10.3618 37.9586 38.6706
# 100 vertices

vn 0.8472 -0.4803 0.2270
vn 0.7596 -0.4803 0.4386
vn 0.6202 -0.4803 0.6202
vn 0.4386 -0.4803 0.7596
vn 0.2270 -0.4803 0.8472
vn 0.0683 -0.8524 0.5185
vn 0.0000 -1.0000 -0.0000
vn 0.0683 -0.8524 -0.5185
vn 0.2270 -0.4803 -0.8472
vn 0.4386 -0.4803 -0.7596
vn 0.6202 -0.4803 -0.6202
vn 0.7596 -0.4803 -0.4386
vn 0.8472 -0.4803 -0.2270
vn 0.8771 -0.4803 0.0000
vn 0.8467 0.4813 -0.2269
vn 0.8766 0.4813 0.0000
vn 0.7591 0.4813 -0.4383
vn 0.6198 0.4813 -0.6198
vn 0.4383 0.4813 -0.7591
vn 0.2269 0.4813 -0.8467
vn 0.1146 0.4781 -0.8708
vn 0.2269 0.4813 0.8467
vn 0.1146 0.4781 0.8708
vn 0.4383 0.4813 0.7591
vn 0.6198 0.4813 0.6198
vn 0.7591 0.4813 0.4383
vn 0.8467 0.4813 0.2269
vn 0.5210 0.8421 -0.1396
vn 0.5394 0.8421 0.0000
vn 0.4671 0.8421 -0.2697
vn 0.3814 0.8421 -0.3814
vn 0.2697 0.8421 -0.4671
vn 0.1396 0.8421 -0.5210
vn 0.0476 0.9310 -0.3618
vn 0.1396 0.8421 0.5210
vn 0.0476 0.9310 0.3618
vn 0.2697 0.8421 0.4671
vn 0.3814 0.8421 0.3814
vn 0.4671 0.8421 0.2697
vn 0.5210 0.8421 0.1396
vn 0.0000 1.0000 -0.0000
# 41 vertex normals

vt 0.2787 0.0000 -0.1317
vt 0.1676 0.0000 -0.3860
vt 0.0792 0.0000 -0.6140
vt 0.0194 0.0000 -0.8002
vt -0.0076 0.0000 -0.9319
vt -0.0000 0.0000 -1.0000
vt 0.0417 0.0000 -1.0000
vt 0.1146 0.0000 -0.9319
vt 0.2137 0.0000 -0.8002
vt 0.3324 0.0000 -0.6140
vt 0.4625 0.0000 -0.3860
vt 0.5952 0.0000 -0.1317
vt 0.7213 0.0000 0.1317
vt 0.8324 0.0000 0.3860
vt 0.9208 0.0000 0.6140
vt 0.9806 0.0000 0.8002
vt 1.0076 0.0000 0.9319
vt 1.0000 0.0000 1.0000
vt 0.9583 0.0000 1.0000
vt 0.9167 0.0000 1.0000
vt 0.8750 0.0000 1.0000
vt 0.8333 0.0000 1.0000
vt 0.7917 0.0000 1.0000
vt 0.7500 0.0000 1.0000
vt 0.7917 0.2000 0.9315
vt 0.7500 0.2000 0.9315
vt 0.8333 0.2000 0.9315
vt 0.8750 0.2000 0.9315
vt 0.9167 0.2000 0.9315
vt 0.9583 0.2000 0.9315
vt 1.0000 0.2000 0.9315
vt 0.5000 0.0000 1.0000
vt 0.5417 0.0000 1.0000
vt 0.5417 0.2000 0.9315
vt 0.5000 0.2000 0.9315
vt 0.5833 0.0000 1.0000
vt 0.5833 0.2000 0.9315
vt 0.6250 0.0000 1.0000
vt 0.6250 0.2000 0.9315
vt 0.6667 0.0000 1.0000
vt 0.6667 0.2000 0.9315
vt 0.7083 0.0000 1.0000
vt 0.7083 0.2000 0.9315
vt 0.7917 0.4000 0.8631
vt 0.7500 0.4000 0.8631
vt 0.8333 0.4000 0.8631
vt 0.8750 0.4000 0.8631
vt 0.9167 0.4000 0.8631
vt 0.9583 0.4000 0.8631
vt 1.0000 0.4000 0.8631
vt 0.5417 0.4000 0.8631
vt 0.5000 0.4000 0.8631
vt 0.5833 0.4000 0.8631
vt 0.6250 0.4000 0.8631
vt 0.6667 0.4000 0.8631
vt 0.7083 0.4000 0.8631
vt 0.7917 0.6000 0.7946
vt 0.7500 0.6000 0.7946
vt 0.8333 0.6000 0.7946
vt 0.8750 0.6000 0.7946
vt 0.9167 0.6000 0.7946
vt 0.9583 0.6000 0.7946
vt 1.0000 0.6000 0.7946
vt 0.5417 0.6000 0.7946
vt 0.5000 0.6000 0.7946
vt 0.5833 0.6000 0.7946
vt 0.6250 0.6000 0.7946
vt 0.6667 0.6000 0.7946
vt 0.7083 0.6000 0.7946
vt 0.7917 0.8000 0.7261
vt 0.7500 0.8000 0.7261
vt 0.8333 0.8000 0.7261
vt 0.8750 0.8000 0.7261
vt 0.9167 0.8000 0.7261
vt 0.9583 0.8000 0.7261
vt 1.0000 0.8000 0.7261
vt 0.5417 0.8000 0.7261
vt 0.5000 0.8000 0.7261
vt 0.5833 0.8000 0.7261
vt 0.6250 0.8000 0.7261
vt 0.6667 0.8000 0.7261
vt 0.7083 0.8000 0.7261
vt 0.7917 1.0000 0.6577
vt 0.7500 1.0000 0.6577
vt 0.8333 1.0000 0.6577
vt 0.8750 1.0000 0.6577
vt 0.9167 1.0000 0.6577
vt 0.9583 1.0000 0.6577
vt 1.0000 1.0000 0.6577
vt 0.5417 1.0000 0.6577
vt 0.5000 1.0000 0.6577
vt 0.5833 1.0000 0.6577
vt 0.6250 1.0000 0.6577
vt 0.6667 1.0000 0.6577
vt 0.7083 1.0000 0.6577
vt 1.0076 1.0000 0.6128
vt 0.9806 1.0000 0.5263
vt 0.9208 1.0000 0.4038
vt 0.8324 1.0000 0.2538
vt 0.7213 1.0000 0.0866
vt 0.5952 1.0000 -0.0866
vt 0.4625 1.0000 -0.2538
vt 0.3324 1.0000 -0.4038
vt 0.2137 1.0000 -0.5263
vt 0.1146 1.0000 -0.6128
vt 0.0417 1.0000 -0.6577
vt 0.0000 1.0000 -0.6577
vt -0.0076 1.0000 -0.6128
vt 0.0194 1.0000 -0.5263
vt 0.0792 1.0000 -0.4038
vt 0.1676 1.0000 -0.2538
# 111 texture coords

o ¶ÔÏó002
g ¶ÔÏó002
usemtl wire_135006006
s 1
f 1355/1527/1090 1356/1528/1091 1357/1529/1092 1358/1530/1093 1359/1531/1094 1360/1532/1095 1361/1533/1096 1362/1534/1096 1363/1535/1096 1364/1536/1096 1365/1537/1096 1366/1538/1096 1367/1539/1096 1368/1540/1096 1369/1541/1096 1370/1542/1096 1371/1543/1096 1372/1544/1097 1373/1545/1098 1374/1546/1099 1375/1547/1100 1376/1548/1101 1377/1549/1102 1378/1550/1103 
s 8
f 1378/1550/1103 1377/1549/1102 1379/1551/1104 1380/1552/1105 
f 1377/1549/1102 1376/1548/1101 1381/1553/1106 1379/1551/1104 
f 1376/1548/1101 1375/1547/1100 1382/1554/1107 1381/1553/1106 
f 1375/1547/1100 1374/1546/1099 1383/1555/1108 1382/1554/1107 
f 1374/1546/1099 1373/1545/1098 1384/1556/1109 1383/1555/1108 
f 1373/1545/1098 1372/1544/1097 1385/1557/1110 1384/1556/1109 
f 1360/1558/1095 1359/1559/1094 1386/1560/1111 1387/1561/1112 
f 1359/1559/1094 1358/1562/1093 1388/1563/1113 1386/1560/1111 
f 1358/1562/1093 1357/1564/1092 1389/1565/1114 1388/1563/1113 
f 1357/1564/1092 1356/1566/1091 1390/1567/1115 1389/1565/1114 
f 1356/1566/1091 1355/1568/1090 1391/1569/1116 1390/1567/1115 
f 1355/1568/1090 1378/1550/1103 1380/1552/1105 1391/1569/1116 
f 1380/1552/1105 1379/1551/1104 1392/1570/1104 1393/1571/1105 
f 1379/1551/1104 1381/1553/1106 1394/1572/1106 1392/1570/1104 
f 1381/1553/1106 1382/1554/1107 1395/1573/1107 1394/1572/1106 
f 1382/1554/1107 1383/1555/1108 1396/1574/1108 1395/1573/1107 
f 1383/1555/1108 1384/1556/1109 1397/1575/1109 1396/1574/1108 
f 1384/1556/1109 1385/1557/1110 1398/1576/1110 1397/1575/1109 
f 1387/1561/1112 1386/1560/1111 1399/1577/1111 1400/1578/1112 
f 1386/1560/1111 1388/1563/1113 1401/1579/1113 1399/1577/1111 
f 1388/1563/1113 1389/1565/1114 1402/1580/1114 1401/1579/1113 
f 1389/1565/1114 1390/1567/1115 1403/1581/1115 1402/1580/1114 
f 1390/1567/1115 1391/1569/1116 1404/1582/1116 1403/1581/1115 
f 1391/1569/1116 1380/1552/1105 1393/1571/1105 1404/1582/1116 
f 1393/1571/1105 1392/1570/1104 1405/1583/1104 1406/1584/1105 
f 1392/1570/1104 1394/1572/1106 1407/1585/1106 1405/1583/1104 
f 1394/1572/1106 1395/1573/1107 1408/1586/1107 1407/1585/1106 
f 1395/1573/1107 1396/1574/1108 1409/1587/1108 1408/1586/1107 
f 1396/1574/1108 1397/1575/1109 1410/1588/1109 1409/1587/1108 
f 1397/1575/1109 1398/1576/1110 1411/1589/1110 1410/1588/1109 
f 1400/1578/1112 1399/1577/1111 1412/1590/1111 1413/1591/1112 
f 1399/1577/1111 1401/1579/1113 1414/1592/1113 1412/1590/1111 
f 1401/1579/1113 1402/1580/1114 1415/1593/1114 1414/1592/1113 
f 1402/1580/1114 1403/1581/1115 1416/1594/1115 1415/1593/1114 
f 1403/1581/1115 1404/1582/1116 1417/1595/1116 1416/1594/1115 
f 1404/1582/1116 1393/1571/1105 1406/1584/1105 1417/1595/1116 
f 1406/1584/1105 1405/1583/1104 1418/1596/1104 1419/1597/1105 
f 1405/1583/1104 1407/1585/1106 1420/1598/1106 1418/1596/1104 
f 1407/1585/1106 1408/1586/1107 1421/1599/1107 1420/1598/1106 
f 1408/1586/1107 1409/1587/1108 1422/1600/1108 1421/1599/1107 
f 1409/1587/1108 1410/1588/1109 1423/1601/1109 1422/1600/1108 
f 1410/1588/1109 1411/1589/1110 1424/1602/1110 1423/1601/1109 
f 1413/1591/1112 1412/1590/1111 1425/1603/1111 1426/1604/1112 
f 1412/1590/1111 1414/1592/1113 1427/1605/1113 1425/1603/1111 
f 1414/1592/1113 1415/1593/1114 1428/1606/1114 1427/1605/1113 
f 1415/1593/1114 1416/1594/1115 1429/1607/1115 1428/1606/1114 
f 1416/1594/1115 1417/1595/1116 1430/1608/1116 1429/1607/1115 
f 1417/1595/1116 1406/1584/1105 1419/1597/1105 1430/1608/1116 
f 1419/1597/1105 1418/1596/1104 1431/1609/1117 1432/1610/1118 
f 1418/1596/1104 1420/1598/1106 1433/1611/1119 1431/1609/1117 
f 1420/1598/1106 1421/1599/1107 1434/1612/1120 1433/1611/1119 
f 1421/1599/1107 1422/1600/1108 1435/1613/1121 1434/1612/1120 
f 1422/1600/1108 1423/1601/1109 1436/1614/1122 1435/1613/1121 
f 1423/1601/1109 1424/1602/1110 1437/1615/1123 1436/1614/1122 
f 1426/1604/1112 1425/1603/1111 1438/1616/1124 1439/1617/1125 
f 1425/1603/1111 1427/1605/1113 1440/1618/1126 1438/1616/1124 
f 1427/1605/1113 1428/1606/1114 1441/1619/1127 1440/1618/1126 
f 1428/1606/1114 1429/1607/1115 1442/1620/1128 1441/1619/1127 
f 1429/1607/1115 1430/1608/1116 1443/1621/1129 1442/1620/1128 
f 1430/1608/1116 1419/1597/1105 1432/1610/1118 1443/1621/1129 
s 1
f 1443/1621/1129 1432/1610/1118 1431/1609/1117 1433/1611/1119 1434/1612/1120 1435/1613/1121 1436/1614/1122 1437/1615/1123 1444/1622/1130 1445/1623/1130 1446/1624/1130 1447/1625/1130 1448/1626/1130 1449/1627/1130 1450/1628/1130 1451/1629/1130 1452/1630/1130 1453/1631/1130 1454/1632/1130 1439/1633/1125 1438/1634/1124 1440/1635/1126 1441/1636/1127 1442/1637/1128 
# 62 polygons

