# 3ds Max Wavefront OBJ Exporter v0.97b - (c)2007 guruware
# ´´½¨µÄÎÄ¼ş:04.10.2021 19:59:56

mtllib 99.mtl

#
# object Cone001
#

v  0.0000 0.0000 -0.0000
v  52.7191 0.0000 -30.4374
v  58.8005 0.0000 -15.7555
v  60.8748 0.0000 -0.0000
v  30.4374 0.0000 -52.7191
v  43.0450 0.0000 -43.0450
v  0.0000 0.0000 -60.8748
v  15.7555 0.0000 -58.8005
v  -30.4374 0.0000 -52.7191
v  -15.7555 0.0000 -58.8005
v  -52.7191 0.0000 -30.4374
v  -43.0449 0.0000 -43.0450
v  -60.8748 0.0000 -0.0000
v  -58.8005 0.0000 -15.7556
v  -52.7191 0.0000 30.4374
v  -58.8005 0.0000 15.7555
v  -30.4374 0.0000 52.7191
v  -43.0450 0.0000 43.0449
v  -0.0000 0.0000 60.8748
v  -15.7556 0.0000 58.8005
v  30.4373 0.0000 52.7191
v  15.7555 0.0000 58.8005
v  52.7191 0.0000 30.4374
v  43.0449 0.0000 43.0450
v  58.8005 0.0000 15.7556
v  54.7745 7.5917 -14.6768
v  56.7068 7.5917 -0.0000
v  49.1095 7.5917 -28.3534
v  40.0977 7.5917 -40.0977
v  28.3534 7.5917 -49.1095
v  14.6768 7.5917 -54.7745
v  0.0000 7.5917 -56.7068
v  -14.6768 7.5917 -54.7745
v  -28.3534 7.5917 -49.1095
v  -40.0977 7.5917 -40.0977
v  -49.1095 7.5917 -28.3534
v  -54.7745 7.5917 -14.6768
v  -56.7068 7.5917 -0.0000
v  -54.7745 7.5917 14.6768
v  -49.1095 7.5917 28.3534
v  -40.0978 7.5917 40.0977
v  -28.3534 7.5917 49.1095
v  -14.6768 7.5917 54.7745
v  -0.0000 7.5917 56.7068
v  14.6768 7.5917 54.7745
v  28.3533 7.5917 49.1095
v  40.0977 7.5917 40.0978
v  49.1095 7.5917 28.3534
v  54.7745 7.5917 14.6768
v  50.7485 15.1835 -13.5980
v  52.5387 15.1835 -0.0000
v  45.4999 15.1835 -26.2694
v  37.1505 15.1835 -37.1505
v  26.2694 15.1835 -45.4999
v  13.5980 15.1835 -50.7485
v  0.0000 15.1835 -52.5387
v  -13.5980 15.1835 -50.7485
v  -26.2694 15.1835 -45.4999
v  -37.1505 15.1835 -37.1505
v  -45.4999 15.1835 -26.2694
v  -50.7485 15.1835 -13.5980
v  -52.5387 15.1835 -0.0000
v  -50.7485 15.1835 13.5980
v  -45.4999 15.1835 26.2694
v  -37.1505 15.1835 37.1505
v  -26.2694 15.1835 45.4999
v  -13.5980 15.1835 50.7485
v  -0.0000 15.1835 52.5387
v  13.5980 15.1835 50.7485
v  26.2693 15.1835 45.4999
v  37.1505 15.1835 37.1505
v  45.4999 15.1835 26.2694
v  50.7485 15.1835 13.5981
v  46.7225 22.7752 -12.5193
v  48.3707 22.7752 -0.0000
v  41.8903 22.7752 -24.1854
v  34.2033 22.7752 -34.2033
v  24.1854 22.7752 -41.8903
v  12.5193 22.7752 -46.7225
v  0.0000 22.7752 -48.3707
v  -12.5193 22.7752 -46.7226
v  -24.1854 22.7752 -41.8903
v  -34.2033 22.7752 -34.2033
v  -41.8903 22.7752 -24.1854
v  -46.7225 22.7752 -12.5193
v  -48.3707 22.7752 -0.0000
v  -46.7226 22.7752 12.5192
v  -41.8903 22.7752 24.1854
v  -34.2033 22.7752 34.2033
v  -24.1854 22.7752 41.8903
v  -12.5193 22.7752 46.7225
v  -0.0000 22.7752 48.3707
v  12.5192 22.7752 46.7226
v  24.1853 22.7752 41.8903
v  34.2033 22.7752 34.2033
v  41.8903 22.7752 24.1854
v  46.7225 22.7752 12.5193
v  42.6966 30.3669 -11.4405
v  44.2027 30.3669 -0.0000
v  38.2807 30.3669 -22.1014
v  31.2561 30.3669 -31.2561
v  22.1014 30.3669 -38.2807
v  11.4405 30.3669 -42.6966
v  0.0000 30.3669 -44.2027
v  -11.4405 30.3669 -42.6966
v  -22.1014 30.3669 -38.2807
v  -31.2560 30.3669 -31.2561
v  -38.2807 30.3669 -22.1014
v  -42.6966 30.3669 -11.4405
v  -44.2027 30.3669 -0.0000
v  -42.6966 30.3669 11.4405
v  -38.2807 30.3669 22.1013
v  -31.2561 30.3669 31.2560
v  -22.1014 30.3669 38.2807
v  -11.4405 30.3669 42.6966
v  -0.0000 30.3669 44.2027
v  11.4405 30.3669 42.6966
v  22.1013 30.3669 38.2807
v  31.2560 30.3669 31.2561
v  38.2807 30.3669 22.1014
v  42.6966 30.3669 11.4405
v  38.6706 37.9586 -10.3618
v  40.0347 37.9586 -0.0000
v  34.6711 37.9586 -20.0174
v  28.3088 37.9586 -28.3088
v  20.0174 37.9586 -34.6711
v  10.3618 37.9586 -38.6706
v  0.0000 37.9586 -40.0347
v  -10.3617 37.9586 -38.6706
v  -20.0174 37.9586 -34.6711
v  -28.3088 37.9586 -28.3088
v  -34.6711 37.9586 -20.0174
v  -38.6706 37.9586 -10.3618
v  -40.0347 37.9586 -0.0000
v  -38.6706 37.9586 10.3617
v  -34.6711 37.9586 20.0173
v  -28.3088 37.9586 28.3088
v  -20.0174 37.9586 34.6711
v  -10.3618 37.9586 38.6706
v  -0.0000 37.9586 40.0347
v  10.3617 37.9586 38.6706
v  20.0173 37.9586 34.6711
v  28.3088 37.9586 28.3088
v  34.6711 37.9586 20.0174
v  38.6706 37.9586 10.3618
v  0.0000 37.9586 -0.0000
# 146 vertices

vn 0.0000 -1.0000 -0.0000
vn 0.7596 -0.4803 -0.4386
vn 0.8472 -0.4803 -0.2270
vn 0.8771 -0.4803 0.0000
vn 0.4386 -0.4803 -0.7596
vn 0.6202 -0.4803 -0.6202
vn 0.0000 -0.4803 -0.8771
vn 0.2270 -0.4803 -0.8472
vn -0.4386 -0.4803 -0.7596
vn -0.2270 -0.4803 -0.8472
vn -0.7596 -0.4803 -0.4386
vn -0.6202 -0.4803 -0.6202
vn -0.8771 -0.4803 -0.0000
vn -0.8472 -0.4803 -0.2270
vn -0.7596 -0.4803 0.4386
vn -0.8472 -0.4803 0.2270
vn -0.4386 -0.4803 0.7596
vn -0.6202 -0.4803 0.6202
vn -0.0000 -0.4803 0.8771
vn -0.2270 -0.4803 0.8472
vn 0.4386 -0.4803 0.7596
vn 0.2270 -0.4803 0.8472
vn 0.7596 -0.4803 0.4386
vn 0.6202 -0.4803 0.6202
vn 0.8472 -0.4803 0.2270
vn 0.8467 0.4813 -0.2269
vn 0.8766 0.4813 0.0000
vn 0.7591 0.4813 -0.4383
vn 0.6198 0.4813 -0.6198
vn 0.4383 0.4813 -0.7591
vn 0.2269 0.4813 -0.8467
vn 0.0000 0.4813 -0.8766
vn -0.2269 0.4813 -0.8467
vn -0.4383 0.4813 -0.7591
vn -0.6198 0.4813 -0.6198
vn -0.7591 0.4813 -0.4383
vn -0.8467 0.4813 -0.2269
vn -0.8766 0.4813 -0.0000
vn -0.8467 0.4813 0.2269
vn -0.7591 0.4813 0.4383
vn -0.6198 0.4813 0.6198
vn -0.4383 0.4813 0.7591
vn -0.2269 0.4813 0.8467
vn -0.0000 0.4813 0.8766
vn 0.2269 0.4813 0.8467
vn 0.4383 0.4813 0.7591
vn 0.6198 0.4813 0.6198
vn 0.7591 0.4813 0.4383
vn 0.8467 0.4813 0.2269
vn 0.5210 0.8421 -0.1396
vn 0.5394 0.8421 0.0000
vn 0.4671 0.8421 -0.2697
vn 0.3814 0.8421 -0.3814
vn 0.2697 0.8421 -0.4671
vn 0.1396 0.8421 -0.5210
vn 0.0000 0.8421 -0.5394
vn -0.1396 0.8421 -0.5210
vn -0.2697 0.8421 -0.4671
vn -0.3814 0.8421 -0.3814
vn -0.4671 0.8421 -0.2697
vn -0.5210 0.8421 -0.1396
vn -0.5394 0.8421 -0.0000
vn -0.5210 0.8421 0.1396
vn -0.4671 0.8421 0.2697
vn -0.3814 0.8421 0.3814
vn -0.2697 0.8421 0.4671
vn -0.1396 0.8421 0.5210
vn -0.0000 0.8421 0.5394
vn 0.1396 0.8421 0.5210
vn 0.2697 0.8421 0.4671
vn 0.3814 0.8421 0.3814
vn 0.4671 0.8421 0.2697
vn 0.5210 0.8421 0.1396
vn 0.0000 1.0000 -0.0000
# 74 vertex normals

vt 0.5000 0.0000 0.0000
vt 0.8333 0.0000 1.0000
vt 0.7917 0.0000 1.0000
vt 0.7500 0.0000 1.0000
vt 0.9167 0.0000 1.0000
vt 0.8750 0.0000 1.0000
vt 1.0000 0.0000 1.0000
vt 0.9583 0.0000 1.0000
vt 0.0833 0.0000 1.0000
vt 0.0417 0.0000 1.0000
vt 0.0000 0.0000 1.0000
vt 0.1667 0.0000 1.0000
vt 0.1250 0.0000 1.0000
vt 0.2500 0.0000 1.0000
vt 0.2083 0.0000 1.0000
vt 0.3333 0.0000 1.0000
vt 0.2917 0.0000 1.0000
vt 0.4167 0.0000 1.0000
vt 0.3750 0.0000 1.0000
vt 0.5000 0.0000 1.0000
vt 0.4583 0.0000 1.0000
vt 0.5833 0.0000 1.0000
vt 0.5417 0.0000 1.0000
vt 0.6667 0.0000 1.0000
vt 0.6250 0.0000 1.0000
vt 0.7083 0.0000 1.0000
vt 0.7917 0.2000 0.9315
vt 0.7500 0.2000 0.9315
vt 0.8333 0.2000 0.9315
vt 0.8750 0.2000 0.9315
vt 0.9167 0.2000 0.9315
vt 0.9583 0.2000 0.9315
vt 1.0000 0.2000 0.9315
vt 0.0417 0.2000 0.9315
vt 0.0000 0.2000 0.9315
vt 0.0833 0.2000 0.9315
vt 0.1250 0.2000 0.9315
vt 0.1667 0.2000 0.9315
vt 0.2083 0.2000 0.9315
vt 0.2500 0.2000 0.9315
vt 0.2917 0.2000 0.9315
vt 0.3333 0.2000 0.9315
vt 0.3750 0.2000 0.9315
vt 0.4167 0.2000 0.9315
vt 0.4583 0.2000 0.9315
vt 0.5000 0.2000 0.9315
vt 0.5417 0.2000 0.9315
vt 0.5833 0.2000 0.9315
vt 0.6250 0.2000 0.9315
vt 0.6667 0.2000 0.9315
vt 0.7083 0.2000 0.9315
vt 0.7917 0.4000 0.8631
vt 0.7500 0.4000 0.8631
vt 0.8333 0.4000 0.8631
vt 0.8750 0.4000 0.8631
vt 0.9167 0.4000 0.8631
vt 0.9583 0.4000 0.8631
vt 1.0000 0.4000 0.8631
vt 0.0417 0.4000 0.8631
vt 0.0000 0.4000 0.8631
vt 0.0833 0.4000 0.8631
vt 0.1250 0.4000 0.8631
vt 0.1667 0.4000 0.8631
vt 0.2083 0.4000 0.8631
vt 0.2500 0.4000 0.8631
vt 0.2917 0.4000 0.8631
vt 0.3333 0.4000 0.8631
vt 0.3750 0.4000 0.8631
vt 0.4167 0.4000 0.8631
vt 0.4583 0.4000 0.8631
vt 0.5000 0.4000 0.8631
vt 0.5417 0.4000 0.8631
vt 0.5833 0.4000 0.8631
vt 0.6250 0.4000 0.8631
vt 0.6667 0.4000 0.8631
vt 0.7083 0.4000 0.8631
vt 0.7917 0.6000 0.7946
vt 0.7500 0.6000 0.7946
vt 0.8333 0.6000 0.7946
vt 0.8750 0.6000 0.7946
vt 0.9167 0.6000 0.7946
vt 0.9583 0.6000 0.7946
vt 1.0000 0.6000 0.7946
vt 0.0417 0.6000 0.7946
vt 0.0000 0.6000 0.7946
vt 0.0833 0.6000 0.7946
vt 0.1250 0.6000 0.7946
vt 0.1667 0.6000 0.7946
vt 0.2083 0.6000 0.7946
vt 0.2500 0.6000 0.7946
vt 0.2917 0.6000 0.7946
vt 0.3333 0.6000 0.7946
vt 0.3750 0.6000 0.7946
vt 0.4167 0.6000 0.7946
vt 0.4583 0.6000 0.7946
vt 0.5000 0.6000 0.7946
vt 0.5417 0.6000 0.7946
vt 0.5833 0.6000 0.7946
vt 0.6250 0.6000 0.7946
vt 0.6667 0.6000 0.7946
vt 0.7083 0.6000 0.7946
vt 0.7917 0.8000 0.7261
vt 0.7500 0.8000 0.7261
vt 0.8333 0.8000 0.7261
vt 0.8750 0.8000 0.7261
vt 0.9167 0.8000 0.7261
vt 0.9583 0.8000 0.7261
vt 1.0000 0.8000 0.7261
vt 0.0417 0.8000 0.7261
vt 0.0000 0.8000 0.7261
vt 0.0833 0.8000 0.7261
vt 0.1250 0.8000 0.7261
vt 0.1667 0.8000 0.7261
vt 0.2083 0.8000 0.7261
vt 0.2500 0.8000 0.7261
vt 0.2917 0.8000 0.7261
vt 0.3333 0.8000 0.7261
vt 0.3750 0.8000 0.7261
vt 0.4167 0.8000 0.7261
vt 0.4583 0.8000 0.7261
vt 0.5000 0.8000 0.7261
vt 0.5417 0.8000 0.7261
vt 0.5833 0.8000 0.7261
vt 0.6250 0.8000 0.7261
vt 0.6667 0.8000 0.7261
vt 0.7083 0.8000 0.7261
vt 0.7917 1.0000 0.6577
vt 0.7500 1.0000 0.6577
vt 0.8333 1.0000 0.6577
vt 0.8750 1.0000 0.6577
vt 0.9167 1.0000 0.6577
vt 0.9583 1.0000 0.6577
vt 1.0000 1.0000 0.6577
vt 0.0417 1.0000 0.6577
vt 0.0000 1.0000 0.6577
vt 0.0833 1.0000 0.6577
vt 0.1250 1.0000 0.6577
vt 0.1667 1.0000 0.6577
vt 0.2083 1.0000 0.6577
vt 0.2500 1.0000 0.6577
vt 0.2917 1.0000 0.6577
vt 0.3333 1.0000 0.6577
vt 0.3750 1.0000 0.6577
vt 0.4167 1.0000 0.6577
vt 0.4583 1.0000 0.6577
vt 0.5000 1.0000 0.6577
vt 0.5417 1.0000 0.6577
vt 0.5833 1.0000 0.6577
vt 0.6250 1.0000 0.6577
vt 0.6667 1.0000 0.6577
vt 0.7083 1.0000 0.6577
vt 0.5000 1.0000 0.0000
vt 1.0076 1.0000 0.6128
# 153 texture coords

o Cone001
g Cone001
usemtl wire_000000000
s 1
f 1/1/1 2/2/2 3/3/3 4/4/4 
f 1/1/1 5/5/5 6/6/6 2/2/2 
f 1/1/1 7/7/7 8/8/8 5/5/5 
f 1/1/1 9/9/9 10/10/10 7/11/7 
f 1/1/1 11/12/11 12/13/12 9/9/9 
f 1/1/1 13/14/13 14/15/14 11/12/11 
f 1/1/1 15/16/15 16/17/16 13/14/13 
f 1/1/1 17/18/17 18/19/18 15/16/15 
f 1/1/1 19/20/19 20/21/20 17/18/17 
f 1/1/1 21/22/21 22/23/22 19/20/19 
f 1/1/1 23/24/23 24/25/24 21/22/21 
f 1/1/1 4/4/4 25/26/25 23/24/23 
s 8
f 4/4/4 3/3/3 26/27/26 27/28/27 
f 3/3/3 2/2/2 28/29/28 26/27/26 
f 2/2/2 6/6/6 29/30/29 28/29/28 
f 6/6/6 5/5/5 30/31/30 29/30/29 
f 5/5/5 8/8/8 31/32/31 30/31/30 
f 8/8/8 7/7/7 32/33/32 31/32/31 
f 7/11/7 10/10/10 33/34/33 32/35/32 
f 10/10/10 9/9/9 34/36/34 33/34/33 
f 9/9/9 12/13/12 35/37/35 34/36/34 
f 12/13/12 11/12/11 36/38/36 35/37/35 
f 11/12/11 14/15/14 37/39/37 36/38/36 
f 14/15/14 13/14/13 38/40/38 37/39/37 
f 13/14/13 16/17/16 39/41/39 38/40/38 
f 16/17/16 15/16/15 40/42/40 39/41/39 
f 15/16/15 18/19/18 41/43/41 40/42/40 
f 18/19/18 17/18/17 42/44/42 41/43/41 
f 17/18/17 20/21/20 43/45/43 42/44/42 
f 20/21/20 19/20/19 44/46/44 43/45/43 
f 19/20/19 22/23/22 45/47/45 44/46/44 
f 22/23/22 21/22/21 46/48/46 45/47/45 
f 21/22/21 24/25/24 47/49/47 46/48/46 
f 24/25/24 23/24/23 48/50/48 47/49/47 
f 23/24/23 25/26/25 49/51/49 48/50/48 
f 25/26/25 4/4/4 27/28/27 49/51/49 
f 27/28/27 26/27/26 50/52/26 51/53/27 
f 26/27/26 28/29/28 52/54/28 50/52/26 
f 28/29/28 29/30/29 53/55/29 52/54/28 
f 29/30/29 30/31/30 54/56/30 53/55/29 
f 30/31/30 31/32/31 55/57/31 54/56/30 
f 31/32/31 32/33/32 56/58/32 55/57/31 
f 32/35/32 33/34/33 57/59/33 56/60/32 
f 33/34/33 34/36/34 58/61/34 57/59/33 
f 34/36/34 35/37/35 59/62/35 58/61/34 
f 35/37/35 36/38/36 60/63/36 59/62/35 
f 36/38/36 37/39/37 61/64/37 60/63/36 
f 37/39/37 38/40/38 62/65/38 61/64/37 
f 38/40/38 39/41/39 63/66/39 62/65/38 
f 39/41/39 40/42/40 64/67/40 63/66/39 
f 40/42/40 41/43/41 65/68/41 64/67/40 
f 41/43/41 42/44/42 66/69/42 65/68/41 
f 42/44/42 43/45/43 67/70/43 66/69/42 
f 43/45/43 44/46/44 68/71/44 67/70/43 
f 44/46/44 45/47/45 69/72/45 68/71/44 
f 45/47/45 46/48/46 70/73/46 69/72/45 
f 46/48/46 47/49/47 71/74/47 70/73/46 
f 47/49/47 48/50/48 72/75/48 71/74/47 
f 48/50/48 49/51/49 73/76/49 72/75/48 
f 49/51/49 27/28/27 51/53/27 73/76/49 
f 51/53/27 50/52/26 74/77/26 75/78/27 
f 50/52/26 52/54/28 76/79/28 74/77/26 
f 52/54/28 53/55/29 77/80/29 76/79/28 
f 53/55/29 54/56/30 78/81/30 77/80/29 
f 54/56/30 55/57/31 79/82/31 78/81/30 
f 55/57/31 56/58/32 80/83/32 79/82/31 
f 56/60/32 57/59/33 81/84/33 80/85/32 
f 57/59/33 58/61/34 82/86/34 81/84/33 
f 58/61/34 59/62/35 83/87/35 82/86/34 
f 59/62/35 60/63/36 84/88/36 83/87/35 
f 60/63/36 61/64/37 85/89/37 84/88/36 
f 61/64/37 62/65/38 86/90/38 85/89/37 
f 62/65/38 63/66/39 87/91/39 86/90/38 
f 63/66/39 64/67/40 88/92/40 87/91/39 
f 64/67/40 65/68/41 89/93/41 88/92/40 
f 65/68/41 66/69/42 90/94/42 89/93/41 
f 66/69/42 67/70/43 91/95/43 90/94/42 
f 67/70/43 68/71/44 92/96/44 91/95/43 
f 68/71/44 69/72/45 93/97/45 92/96/44 
f 69/72/45 70/73/46 94/98/46 93/97/45 
f 70/73/46 71/74/47 95/99/47 94/98/46 
f 71/74/47 72/75/48 96/100/48 95/99/47 
f 72/75/48 73/76/49 97/101/49 96/100/48 
f 73/76/49 51/53/27 75/78/27 97/101/49 
f 75/78/27 74/77/26 98/102/26 99/103/27 
f 74/77/26 76/79/28 100/104/28 98/102/26 
f 76/79/28 77/80/29 101/105/29 100/104/28 
f 77/80/29 78/81/30 102/106/30 101/105/29 
f 78/81/30 79/82/31 103/107/31 102/106/30 
f 79/82/31 80/83/32 104/108/32 103/107/31 
f 80/85/32 81/84/33 105/109/33 104/110/32 
f 81/84/33 82/86/34 106/111/34 105/109/33 
f 82/86/34 83/87/35 107/112/35 106/111/34 
f 83/87/35 84/88/36 108/113/36 107/112/35 
f 84/88/36 85/89/37 109/114/37 108/113/36 
f 85/89/37 86/90/38 110/115/38 109/114/37 
f 86/90/38 87/91/39 111/116/39 110/115/38 
f 87/91/39 88/92/40 112/117/40 111/116/39 
f 88/92/40 89/93/41 113/118/41 112/117/40 
f 89/93/41 90/94/42 114/119/42 113/118/41 
f 90/94/42 91/95/43 115/120/43 114/119/42 
f 91/95/43 92/96/44 116/121/44 115/120/43 
f 92/96/44 93/97/45 117/122/45 116/121/44 
f 93/97/45 94/98/46 118/123/46 117/122/45 
f 94/98/46 95/99/47 119/124/47 118/123/46 
f 95/99/47 96/100/48 120/125/48 119/124/47 
f 96/100/48 97/101/49 121/126/49 120/125/48 
f 97/101/49 75/78/27 99/103/27 121/126/49 
f 99/103/27 98/102/26 122/127/50 123/128/51 
f 98/102/26 100/104/28 124/129/52 122/127/50 
f 100/104/28 101/105/29 125/130/53 124/129/52 
f 101/105/29 102/106/30 126/131/54 125/130/53 
f 102/106/30 103/107/31 127/132/55 126/131/54 
f 103/107/31 104/108/32 128/133/56 127/132/55 
f 104/110/32 105/109/33 129/134/57 128/135/56 
f 105/109/33 106/111/34 130/136/58 129/134/57 
f 106/111/34 107/112/35 131/137/59 130/136/58 
f 107/112/35 108/113/36 132/138/60 131/137/59 
f 108/113/36 109/114/37 133/139/61 132/138/60 
f 109/114/37 110/115/38 134/140/62 133/139/61 
f 110/115/38 111/116/39 135/141/63 134/140/62 
f 111/116/39 112/117/40 136/142/64 135/141/63 
f 112/117/40 113/118/41 137/143/65 136/142/64 
f 113/118/41 114/119/42 138/144/66 137/143/65 
f 114/119/42 115/120/43 139/145/67 138/144/66 
f 115/120/43 116/121/44 140/146/68 139/145/67 
f 116/121/44 117/122/45 141/147/69 140/146/68 
f 117/122/45 118/123/46 142/148/70 141/147/69 
f 118/123/46 119/124/47 143/149/71 142/148/70 
f 119/124/47 120/125/48 144/150/72 143/149/71 
f 120/125/48 121/126/49 145/151/73 144/150/72 
f 121/126/49 99/103/27 123/128/51 145/151/73 
s 1
f 146/152/74 145/151/73 123/128/51 122/127/50 
f 146/152/74 122/127/50 124/129/52 125/130/53 
f 146/152/74 125/130/53 126/131/54 127/132/55 
f 146/152/74 127/132/55 128/133/56 129/153/57 
f 146/152/74 129/134/57 130/136/58 131/137/59 
f 146/152/74 131/137/59 132/138/60 133/139/61 
f 146/152/74 133/139/61 134/140/62 135/141/63 
f 146/152/74 135/141/63 136/142/64 137/143/65 
f 146/152/74 137/143/65 138/144/66 139/145/67 
f 146/152/74 139/145/67 140/146/68 141/147/69 
f 146/152/74 141/147/69 142/148/70 143/149/71 
f 146/152/74 143/149/71 144/150/72 145/151/73 
# 144 polygons

#
# object Cone003
#

v  28.2567 20.0000 7.5714
v  25.3342 20.0000 14.6268
v  20.6853 20.0000 20.6853
v  14.6267 20.0000 25.3343
v  7.5713 20.0000 28.2567
v  -0.0000 20.0000 29.2535
v  -7.5714 20.0000 28.2567
v  -14.6267 20.0000 25.3342
v  -20.6853 20.0000 20.6853
v  -25.3343 20.0000 14.6267
v  -28.2567 20.0000 7.5713
v  -29.2535 20.0000 -0.0000
v  -28.2567 20.0000 -7.5714
v  -25.3342 20.0000 -14.6267
v  -20.6853 20.0000 -20.6853
v  -14.6267 20.0000 -25.3343
v  -7.5714 20.0000 -28.2567
v  0.0000 20.0000 -29.2535
v  7.5714 20.0000 -28.2567
v  14.6267 20.0000 -25.3342
v  20.6853 20.0000 -20.6853
v  25.3342 20.0000 -14.6267
v  28.2567 20.0000 -7.5714
v  29.2535 20.0000 -0.0000
# 24 vertices

vn 0.0000 -1.0000 -0.0000
# 1 vertex normals

vt 0.2787 0.0000 -0.1317
vt 0.1676 0.0000 -0.3860
vt 0.0792 0.0000 -0.6140
vt 0.0194 0.0000 -0.8002
vt -0.0076 0.0000 -0.9319
vt -0.0000 0.0000 -1.0000
vt 0.0417 0.0000 -1.0000
vt 0.1146 0.0000 -0.9319
vt 0.2137 0.0000 -0.8002
vt 0.3324 0.0000 -0.6140
vt 0.4625 0.0000 -0.3860
vt 0.5952 0.0000 -0.1317
vt 0.7213 0.0000 0.1317
vt 0.8324 0.0000 0.3860
vt 0.9208 0.0000 0.6140
vt 0.9806 0.0000 0.8002
vt 1.0076 0.0000 0.9319
vt 1.0000 0.0000 1.0000
vt 0.9583 0.0000 1.0000
vt 0.9167 0.0000 1.0000
vt 0.8750 0.0000 1.0000
vt 0.8333 0.0000 1.0000
vt 0.7917 0.0000 1.0000
vt 0.7500 0.0000 1.0000
# 24 texture coords

o Cone003
g Cone003
usemtl wire_135110008
s 1
f 147/154/75 148/155/75 149/156/75 150/157/75 151/158/75 152/159/75 153/160/75 154/161/75 155/162/75 156/163/75 157/164/75 158/165/75 159/166/75 160/167/75 161/168/75 162/169/75 163/170/75 164/171/75 165/172/75 166/173/75 167/174/75 168/175/75 169/176/75 170/177/75 
# 1 polygons

#
# object Cylinder001
#

v  0.0000 160.0000 -0.0000
v  2.8858 160.0000 -2.4215
v  3.5399 160.0000 -1.2884
v  3.7671 160.0000 -0.0000
v  0.6542 160.0000 -3.7099
v  1.8836 160.0000 -3.2624
v  -1.8836 160.0000 -3.2624
v  -0.6542 160.0000 -3.7099
v  -3.5399 160.0000 -1.2884
v  -2.8858 160.0000 -2.4215
v  -3.5399 160.0000 1.2884
v  -3.7671 160.0000 -0.0000
v  -1.8836 160.0000 3.2624
v  -2.8858 160.0000 2.4215
v  0.6542 160.0000 3.7099
v  -0.6542 160.0000 3.7099
v  2.8858 160.0000 2.4215
v  1.8836 160.0000 3.2624
v  3.5399 160.0000 1.2884
v  3.5399 175.5849 -1.2884
v  3.7671 175.5849 -0.0000
v  2.8858 175.5849 -2.4215
v  1.8836 175.5849 -3.2624
v  0.6542 175.5849 -3.7099
v  -0.6542 175.5849 -3.7099
v  -1.8836 175.5849 -3.2624
v  -2.8858 175.5849 -2.4215
v  -3.5399 175.5849 -1.2884
v  -3.7671 175.5849 -0.0000
v  -3.5399 175.5849 1.2884
v  -2.8858 175.5849 2.4215
v  -1.8836 175.5849 3.2624
v  -0.6542 175.5849 3.7099
v  0.6542 175.5849 3.7099
v  1.8836 175.5849 3.2624
v  2.8858 175.5849 2.4215
v  3.5399 175.5849 1.2884
v  3.5399 191.1698 -1.2884
v  3.7671 191.1698 -0.0000
v  2.8858 191.1698 -2.4215
v  1.8836 191.1698 -3.2624
v  0.6542 191.1698 -3.7099
v  -0.6542 191.1698 -3.7099
v  -1.8836 191.1698 -3.2624
v  -2.8858 191.1698 -2.4215
v  -3.5399 191.1698 -1.2884
v  -3.7671 191.1698 -0.0000
v  -3.5399 191.1698 1.2884
v  -2.8858 191.1698 2.4215
v  -1.8836 191.1698 3.2624
v  -0.6542 191.1698 3.7099
v  0.6542 191.1698 3.7099
v  1.8836 191.1698 3.2624
v  2.8858 191.1698 2.4215
v  3.5399 191.1698 1.2884
v  3.5399 206.7547 -1.2884
v  3.7671 206.7547 -0.0000
v  2.8858 206.7547 -2.4215
v  1.8836 206.7547 -3.2624
v  0.6542 206.7547 -3.7099
v  -0.6542 206.7547 -3.7099
v  -1.8836 206.7547 -3.2624
v  -2.8858 206.7547 -2.4215
v  -3.5399 206.7547 -1.2884
v  -3.7671 206.7547 -0.0000
v  -3.5399 206.7547 1.2884
v  -2.8858 206.7547 2.4215
v  -1.8836 206.7547 3.2624
v  -0.6542 206.7547 3.7099
v  0.6542 206.7547 3.7099
v  1.8836 206.7547 3.2624
v  2.8858 206.7547 2.4215
v  3.5399 206.7547 1.2884
v  3.5399 222.3396 -1.2884
v  3.7671 222.3396 -0.0000
v  2.8858 222.3396 -2.4215
v  1.8836 222.3396 -3.2624
v  0.6542 222.3396 -3.7099
v  -0.6542 222.3396 -3.7099
v  -1.8836 222.3396 -3.2624
v  -2.8858 222.3396 -2.4215
v  -3.5399 222.3396 -1.2884
v  -3.7671 222.3396 -0.0000
v  -3.5399 222.3396 1.2884
v  -2.8858 222.3396 2.4215
v  -1.8836 222.3396 3.2624
v  -0.6542 222.3396 3.7099
v  0.6542 222.3396 3.7099
v  1.8836 222.3396 3.2624
v  2.8858 222.3396 2.4215
v  3.5399 222.3396 1.2884
v  3.5399 237.9245 -1.2884
v  3.7671 237.9245 -0.0000
v  2.8858 237.9245 -2.4215
v  1.8836 237.9245 -3.2624
v  0.6542 237.9245 -3.7099
v  -0.6542 237.9245 -3.7099
v  -1.8836 237.9245 -3.2624
v  -2.8858 237.9245 -2.4215
v  -3.5399 237.9245 -1.2884
v  -3.7671 237.9245 -0.0000
v  -3.5399 237.9245 1.2884
v  -2.8858 237.9245 2.4215
v  -1.8836 237.9245 3.2624
v  -0.6542 237.9245 3.7099
v  0.6542 237.9245 3.7099
v  1.8836 237.9245 3.2624
v  2.8858 237.9245 2.4215
v  3.5399 237.9245 1.2884
v  0.0000 237.9245 -0.0000
# 110 vertices

vn 0.0000 -1.0000 -0.0000
vn 0.5687 -0.6700 -0.4772
vn 0.6975 -0.6701 -0.2539
vn 0.7423 -0.6701 0.0000
vn 0.1289 -0.6701 -0.7310
vn 0.3712 -0.6701 -0.6428
vn -0.3711 -0.6701 -0.6429
vn -0.1289 -0.6700 -0.7311
vn -0.6976 -0.6700 -0.2539
vn -0.5686 -0.6701 -0.4771
vn -0.6976 -0.6700 0.2539
vn -0.7423 -0.6700 -0.0000
vn -0.3712 -0.6700 0.6429
vn -0.5687 -0.6700 0.4772
vn 0.1289 -0.6700 0.7311
vn -0.1289 -0.6700 0.7311
vn 0.5687 -0.6700 0.4772
vn 0.3712 -0.6700 0.6429
vn 0.6976 -0.6700 0.2539
vn 0.9397 0.0000 -0.3420
vn 1.0000 0.0000 0.0000
vn 0.7660 0.0000 -0.6428
vn 0.5000 0.0000 -0.8660
vn 0.1736 0.0000 -0.9848
vn -0.1736 0.0000 -0.9848
vn -0.5000 0.0000 -0.8660
vn -0.7661 0.0000 -0.6428
vn -0.9397 0.0000 -0.3420
vn -1.0000 0.0000 -0.0000
vn -0.9397 0.0000 0.3420
vn -0.7660 0.0000 0.6428
vn -0.5000 0.0000 0.8660
vn -0.1736 0.0000 0.9848
vn 0.1736 0.0000 0.9848
vn 0.5000 0.0000 0.8660
vn 0.7660 0.0000 0.6428
vn 0.9397 0.0000 0.3420
vn 0.6975 0.6701 -0.2539
vn 0.7423 0.6701 0.0000
vn 0.5687 0.6700 -0.4772
vn 0.3712 0.6701 -0.6428
vn 0.1289 0.6701 -0.7310
vn -0.1289 0.6700 -0.7311
vn -0.3711 0.6701 -0.6429
vn -0.5686 0.6701 -0.4771
vn -0.6976 0.6700 -0.2539
vn -0.7423 0.6700 -0.0000
vn -0.6976 0.6700 0.2539
vn -0.5687 0.6700 0.4772
vn -0.3712 0.6700 0.6429
vn -0.1289 0.6700 0.7311
vn 0.1289 0.6700 0.7311
vn 0.3712 0.6700 0.6429
vn 0.5687 0.6700 0.4772
vn 0.6976 0.6700 0.2539
vn 0.0000 1.0000 -0.0000
# 56 vertex normals

vt 0.5000 0.0000 0.0000
vt 0.8611 0.0000 1.0000
vt 0.8056 0.0000 1.0000
vt 0.7500 0.0000 1.0000
vt 0.9722 0.0000 1.0000
vt 0.9167 0.0000 1.0000
vt 0.0833 0.0000 1.0000
vt 0.0278 0.0000 1.0000
vt -0.0278 0.0000 1.0000
vt 0.1944 0.0000 1.0000
vt 0.1389 0.0000 1.0000
vt 0.3056 0.0000 1.0000
vt 0.2500 0.0000 1.0000
vt 0.4167 0.0000 1.0000
vt 0.3611 0.0000 1.0000
vt 0.5278 0.0000 1.0000
vt 0.4722 0.0000 1.0000
vt 0.6389 0.0000 1.0000
vt 0.5833 0.0000 1.0000
vt 0.6944 0.0000 1.0000
vt 0.8056 0.2000 1.0000
vt 0.7500 0.2000 1.0000
vt 0.8611 0.2000 1.0000
vt 0.9167 0.2000 1.0000
vt 0.9722 0.2000 1.0000
vt 0.0278 0.2000 1.0000
vt -0.0278 0.2000 1.0000
vt 0.0833 0.2000 1.0000
vt 0.1389 0.2000 1.0000
vt 0.1944 0.2000 1.0000
vt 0.2500 0.2000 1.0000
vt 0.3056 0.2000 1.0000
vt 0.3611 0.2000 1.0000
vt 0.4167 0.2000 1.0000
vt 0.4722 0.2000 1.0000
vt 0.5278 0.2000 1.0000
vt 0.5833 0.2000 1.0000
vt 0.6389 0.2000 1.0000
vt 0.6944 0.2000 1.0000
vt 0.8056 0.4000 1.0000
vt 0.7500 0.4000 1.0000
vt 0.8611 0.4000 1.0000
vt 0.9167 0.4000 1.0000
vt 0.9722 0.4000 1.0000
vt 0.0278 0.4000 1.0000
vt -0.0278 0.4000 1.0000
vt 0.0833 0.4000 1.0000
vt 0.1389 0.4000 1.0000
vt 0.1944 0.4000 1.0000
vt 0.2500 0.4000 1.0000
vt 0.3056 0.4000 1.0000
vt 0.3611 0.4000 1.0000
vt 0.4167 0.4000 1.0000
vt 0.4722 0.4000 1.0000
vt 0.5278 0.4000 1.0000
vt 0.5833 0.4000 1.0000
vt 0.6389 0.4000 1.0000
vt 0.6944 0.4000 1.0000
vt 0.8056 0.6000 1.0000
vt 0.7500 0.6000 1.0000
vt 0.8611 0.6000 1.0000
vt 0.9167 0.6000 1.0000
vt 0.9722 0.6000 1.0000
vt 0.0278 0.6000 1.0000
vt -0.0278 0.6000 1.0000
vt 0.0833 0.6000 1.0000
vt 0.1389 0.6000 1.0000
vt 0.1944 0.6000 1.0000
vt 0.2500 0.6000 1.0000
vt 0.3056 0.6000 1.0000
vt 0.3611 0.6000 1.0000
vt 0.4167 0.6000 1.0000
vt 0.4722 0.6000 1.0000
vt 0.5278 0.6000 1.0000
vt 0.5833 0.6000 1.0000
vt 0.6389 0.6000 1.0000
vt 0.6944 0.6000 1.0000
vt 0.8056 0.8000 1.0000
vt 0.7500 0.8000 1.0000
vt 0.8611 0.8000 1.0000
vt 0.9167 0.8000 1.0000
vt 0.9722 0.8000 1.0000
vt 0.0278 0.8000 1.0000
vt -0.0278 0.8000 1.0000
vt 0.0833 0.8000 1.0000
vt 0.1389 0.8000 1.0000
vt 0.1944 0.8000 1.0000
vt 0.2500 0.8000 1.0000
vt 0.3056 0.8000 1.0000
vt 0.3611 0.8000 1.0000
vt 0.4167 0.8000 1.0000
vt 0.4722 0.8000 1.0000
vt 0.5278 0.8000 1.0000
vt 0.5833 0.8000 1.0000
vt 0.6389 0.8000 1.0000
vt 0.6944 0.8000 1.0000
vt 0.8056 1.0000 1.0000
vt 0.7500 1.0000 1.0000
vt 0.8611 1.0000 1.0000
vt 0.9167 1.0000 1.0000
vt 0.9722 1.0000 1.0000
vt 0.0278 1.0000 1.0000
vt -0.0278 1.0000 1.0000
vt 0.0833 1.0000 1.0000
vt 0.1389 1.0000 1.0000
vt 0.1944 1.0000 1.0000
vt 0.2500 1.0000 1.0000
vt 0.3056 1.0000 1.0000
vt 0.3611 1.0000 1.0000
vt 0.4167 1.0000 1.0000
vt 0.4722 1.0000 1.0000
vt 0.5278 1.0000 1.0000
vt 0.5833 1.0000 1.0000
vt 0.6389 1.0000 1.0000
vt 0.6944 1.0000 1.0000
vt 0.5000 1.0000 0.0000
vt 0.9708 1.0000 0.8794
# 117 texture coords

o Cylinder001
g Cylinder001
usemtl wire_000000000
s 1
f 171/178/76 172/179/77 173/180/78 174/181/79 
f 171/178/76 175/182/80 176/183/81 172/179/77 
f 171/178/76 177/184/82 178/185/83 175/186/80 
f 171/178/76 179/187/84 180/188/85 177/184/82 
f 171/178/76 181/189/86 182/190/87 179/187/84 
f 171/178/76 183/191/88 184/192/89 181/189/86 
f 171/178/76 185/193/90 186/194/91 183/191/88 
f 171/178/76 187/195/92 188/196/93 185/193/90 
f 171/178/76 174/181/79 189/197/94 187/195/92 
s 8
f 174/181/79 173/180/78 190/198/95 191/199/96 
f 173/180/78 172/179/77 192/200/97 190/198/95 
f 172/179/77 176/183/81 193/201/98 192/200/97 
f 176/183/81 175/182/80 194/202/99 193/201/98 
f 175/186/80 178/185/83 195/203/100 194/204/99 
f 178/185/83 177/184/82 196/205/101 195/203/100 
f 177/184/82 180/188/85 197/206/102 196/205/101 
f 180/188/85 179/187/84 198/207/103 197/206/102 
f 179/187/84 182/190/87 199/208/104 198/207/103 
f 182/190/87 181/189/86 200/209/105 199/208/104 
f 181/189/86 184/192/89 201/210/106 200/209/105 
f 184/192/89 183/191/88 202/211/107 201/210/106 
f 183/191/88 186/194/91 203/212/108 202/211/107 
f 186/194/91 185/193/90 204/213/109 203/212/108 
f 185/193/90 188/196/93 205/214/110 204/213/109 
f 188/196/93 187/195/92 206/215/111 205/214/110 
f 187/195/92 189/197/94 207/216/112 206/215/111 
f 189/197/94 174/181/79 191/199/96 207/216/112 
f 191/199/96 190/198/95 208/217/95 209/218/96 
f 190/198/95 192/200/97 210/219/97 208/217/95 
f 192/200/97 193/201/98 211/220/98 210/219/97 
f 193/201/98 194/202/99 212/221/99 211/220/98 
f 194/204/99 195/203/100 213/222/100 212/223/99 
f 195/203/100 196/205/101 214/224/101 213/222/100 
f 196/205/101 197/206/102 215/225/102 214/224/101 
f 197/206/102 198/207/103 216/226/103 215/225/102 
f 198/207/103 199/208/104 217/227/104 216/226/103 
f 199/208/104 200/209/105 218/228/105 217/227/104 
f 200/209/105 201/210/106 219/229/106 218/228/105 
f 201/210/106 202/211/107 220/230/107 219/229/106 
f 202/211/107 203/212/108 221/231/108 220/230/107 
f 203/212/108 204/213/109 222/232/109 221/231/108 
f 204/213/109 205/214/110 223/233/110 222/232/109 
f 205/214/110 206/215/111 224/234/111 223/233/110 
f 206/215/111 207/216/112 225/235/112 224/234/111 
f 207/216/112 191/199/96 209/218/96 225/235/112 
f 209/218/96 208/217/95 226/236/95 227/237/96 
f 208/217/95 210/219/97 228/238/97 226/236/95 
f 210/219/97 211/220/98 229/239/98 228/238/97 
f 211/220/98 212/221/99 230/240/99 229/239/98 
f 212/223/99 213/222/100 231/241/100 230/242/99 
f 213/222/100 214/224/101 232/243/101 231/241/100 
f 214/224/101 215/225/102 233/244/102 232/243/101 
f 215/225/102 216/226/103 234/245/103 233/244/102 
f 216/226/103 217/227/104 235/246/104 234/245/103 
f 217/227/104 218/228/105 236/247/105 235/246/104 
f 218/228/105 219/229/106 237/248/106 236/247/105 
f 219/229/106 220/230/107 238/249/107 237/248/106 
f 220/230/107 221/231/108 239/250/108 238/249/107 
f 221/231/108 222/232/109 240/251/109 239/250/108 
f 222/232/109 223/233/110 241/252/110 240/251/109 
f 223/233/110 224/234/111 242/253/111 241/252/110 
f 224/234/111 225/235/112 243/254/112 242/253/111 
f 225/235/112 209/218/96 227/237/96 243/254/112 
f 227/237/96 226/236/95 244/255/95 245/256/96 
f 226/236/95 228/238/97 246/257/97 244/255/95 
f 228/238/97 229/239/98 247/258/98 246/257/97 
f 229/239/98 230/240/99 248/259/99 247/258/98 
f 230/242/99 231/241/100 249/260/100 248/261/99 
f 231/241/100 232/243/101 250/262/101 249/260/100 
f 232/243/101 233/244/102 251/263/102 250/262/101 
f 233/244/102 234/245/103 252/264/103 251/263/102 
f 234/245/103 235/246/104 253/265/104 252/264/103 
f 235/246/104 236/247/105 254/266/105 253/265/104 
f 236/247/105 237/248/106 255/267/106 254/266/105 
f 237/248/106 238/249/107 256/268/107 255/267/106 
f 238/249/107 239/250/108 257/269/108 256/268/107 
f 239/250/108 240/251/109 258/270/109 257/269/108 
f 240/251/109 241/252/110 259/271/110 258/270/109 
f 241/252/110 242/253/111 260/272/111 259/271/110 
f 242/253/111 243/254/112 261/273/112 260/272/111 
f 243/254/112 227/237/96 245/256/96 261/273/112 
f 245/256/96 244/255/95 262/274/113 263/275/114 
f 244/255/95 246/257/97 264/276/115 262/274/113 
f 246/257/97 247/258/98 265/277/116 264/276/115 
f 247/258/98 248/259/99 266/278/117 265/277/116 
f 248/261/99 249/260/100 267/279/118 266/280/117 
f 249/260/100 250/262/101 268/281/119 267/279/118 
f 250/262/101 251/263/102 269/282/120 268/281/119 
f 251/263/102 252/264/103 270/283/121 269/282/120 
f 252/264/103 253/265/104 271/284/122 270/283/121 
f 253/265/104 254/266/105 272/285/123 271/284/122 
f 254/266/105 255/267/106 273/286/124 272/285/123 
f 255/267/106 256/268/107 274/287/125 273/286/124 
f 256/268/107 257/269/108 275/288/126 274/287/125 
f 257/269/108 258/270/109 276/289/127 275/288/126 
f 258/270/109 259/271/110 277/290/128 276/289/127 
f 259/271/110 260/272/111 278/291/129 277/290/128 
f 260/272/111 261/273/112 279/292/130 278/291/129 
f 261/273/112 245/256/96 263/275/114 279/292/130 
s 1
f 280/293/131 279/292/130 263/275/114 262/274/113 
f 280/293/131 262/274/113 264/276/115 265/277/116 
f 280/293/131 265/277/116 266/278/117 267/294/118 
f 280/293/131 267/279/118 268/281/119 269/282/120 
f 280/293/131 269/282/120 270/283/121 271/284/122 
f 280/293/131 271/284/122 272/285/123 273/286/124 
f 280/293/131 273/286/124 274/287/125 275/288/126 
f 280/293/131 275/288/126 276/289/127 277/290/128 
f 280/293/131 277/290/128 278/291/129 279/292/130 
# 108 polygons

#
# object ¶ÔÏó001
#

v  25.6624 48.0951 -0.0000
v  24.7879 48.0951 -6.6419
v  21.3192 76.1901 -5.7125
v  22.0713 76.1901 -0.0000
v  22.2243 48.0951 -12.8312
v  19.1143 76.1901 -11.0356
v  18.1460 48.0951 -18.1460
v  15.6067 76.1901 -15.6067
v  12.8312 48.0951 -22.2243
v  11.0356 76.1901 -19.1143
v  6.6419 48.0951 -24.7879
v  5.7125 76.1901 -21.3192
v  0.0000 48.0951 -25.6624
v  0.0000 76.1901 -22.0713
v  -6.6419 48.0951 -24.7880
v  -5.7125 76.1901 -21.3192
v  -12.8312 48.0951 -22.2243
v  -11.0356 76.1901 -19.1143
v  -18.1460 48.0951 -18.1460
v  -15.6067 76.1901 -15.6068
v  -22.2243 48.0951 -12.8312
v  -19.1143 76.1901 -11.0356
v  -24.7879 48.0951 -6.6419
v  -21.3192 76.1901 -5.7125
v  -25.6624 48.0951 -0.0000
v  -22.0713 76.1901 -0.0000
v  -24.7880 48.0951 6.6419
v  -21.3192 76.1901 5.7125
v  -22.2243 48.0951 12.8312
v  -19.1143 76.1901 11.0356
v  -18.1460 48.0951 18.1460
v  -15.6068 76.1901 15.6067
v  -12.8312 48.0951 22.2243
v  -11.0356 76.1901 19.1143
v  -6.6419 48.0951 24.7879
v  -5.7125 76.1901 21.3192
v  -0.0000 48.0951 25.6624
v  -0.0000 76.1901 22.0713
v  6.6419 48.0951 24.7880
v  5.7125 76.1901 21.3192
v  12.8312 48.0951 22.2243
v  11.0356 76.1901 19.1143
v  18.1460 48.0951 18.1460
v  15.6067 76.1901 15.6068
v  22.2243 48.0951 12.8312
v  19.1143 76.1901 11.0357
v  24.7879 48.0951 6.6419
v  21.3192 76.1901 5.7125
v  17.8505 104.2852 -4.7830
v  18.4802 104.2852 -0.0000
v  16.0043 104.2852 -9.2401
v  13.0675 104.2852 -13.0675
v  9.2401 104.2852 -16.0043
v  4.7830 104.2852 -17.8505
v  0.0000 104.2852 -18.4802
v  -4.7830 104.2852 -17.8505
v  -9.2401 104.2852 -16.0043
v  -13.0675 104.2852 -13.0675
v  -16.0043 104.2852 -9.2401
v  -17.8505 104.2852 -4.7830
v  -18.4802 104.2852 -0.0000
v  -17.8505 104.2852 4.7830
v  -16.0043 104.2852 9.2401
v  -13.0675 104.2852 13.0675
v  -9.2401 104.2852 16.0043
v  -4.7830 104.2852 17.8505
v  -0.0000 104.2852 18.4802
v  4.7830 104.2852 17.8505
v  9.2401 104.2852 16.0043
v  13.0674 104.2852 13.0675
v  16.0043 104.2852 9.2401
v  17.8505 104.2852 4.7830
# 72 vertices

vn 0.9919 0.1268 0.0000
vn 0.9581 0.1268 -0.2567
vn 0.8590 0.1268 -0.4960
vn 0.7014 0.1268 -0.7014
vn 0.4960 0.1268 -0.8590
vn 0.2567 0.1268 -0.9581
vn 0.0000 0.1268 -0.9919
vn -0.0000 0.1268 -0.9919
vn -0.2567 0.1268 -0.9581
vn -0.4960 0.1268 -0.8590
vn -0.7014 0.1268 -0.7014
vn -0.8590 0.1268 -0.4960
vn -0.9581 0.1268 -0.2567
vn -0.9919 0.1268 -0.0000
vn -0.9581 0.1268 0.2567
vn -0.8590 0.1268 0.4960
vn -0.7014 0.1268 0.7014
vn -0.4960 0.1268 0.8590
vn -0.2567 0.1268 0.9581
vn -0.0000 0.1268 0.9919
vn 0.2567 0.1268 0.9581
vn 0.4960 0.1268 0.8590
vn 0.7014 0.1268 0.7014
vn 0.8590 0.1268 0.4960
vn 0.9581 0.1268 0.2567
# 25 vertex normals

vt 0.7500 0.2000 0.8772
vt 0.7917 0.2000 0.8772
vt 0.7917 0.4000 0.7545
vt 0.7500 0.4000 0.7545
vt 0.8333 0.2000 0.8772
vt 0.8333 0.4000 0.7545
vt 0.8750 0.2000 0.8772
vt 0.8750 0.4000 0.7545
vt 0.9167 0.2000 0.8772
vt 0.9167 0.4000 0.7545
vt 0.9583 0.2000 0.8772
vt 0.9583 0.4000 0.7545
vt 1.0000 0.2000 0.8772
vt 1.0000 0.4000 0.7545
vt 0.0000 0.2000 0.8772
vt 0.0417 0.2000 0.8772
vt 0.0417 0.4000 0.7545
vt 0.0000 0.4000 0.7545
vt 0.0833 0.2000 0.8772
vt 0.0833 0.4000 0.7545
vt 0.1250 0.2000 0.8772
vt 0.1250 0.4000 0.7545
vt 0.1667 0.2000 0.8772
vt 0.1667 0.4000 0.7545
vt 0.2083 0.2000 0.8772
vt 0.2083 0.4000 0.7545
vt 0.2500 0.2000 0.8772
vt 0.2500 0.4000 0.7545
vt 0.2917 0.2000 0.8772
vt 0.2917 0.4000 0.7545
vt 0.3333 0.2000 0.8772
vt 0.3333 0.4000 0.7545
vt 0.3750 0.2000 0.8772
vt 0.3750 0.4000 0.7545
vt 0.4167 0.2000 0.8772
vt 0.4167 0.4000 0.7545
vt 0.4583 0.2000 0.8772
vt 0.4583 0.4000 0.7545
vt 0.5000 0.2000 0.8772
vt 0.5000 0.4000 0.7545
vt 0.5417 0.2000 0.8772
vt 0.5417 0.4000 0.7545
vt 0.5833 0.2000 0.8772
vt 0.5833 0.4000 0.7545
vt 0.6250 0.2000 0.8772
vt 0.6250 0.4000 0.7545
vt 0.6667 0.2000 0.8772
vt 0.6667 0.4000 0.7545
vt 0.7083 0.2000 0.8772
vt 0.7083 0.4000 0.7545
vt 0.7917 0.6000 0.6317
vt 0.7500 0.6000 0.6317
vt 0.8333 0.6000 0.6317
vt 0.8750 0.6000 0.6317
vt 0.9167 0.6000 0.6317
vt 0.9583 0.6000 0.6317
vt 1.0000 0.6000 0.6317
vt 0.0417 0.6000 0.6317
vt 0.0000 0.6000 0.6317
vt 0.0833 0.6000 0.6317
vt 0.1250 0.6000 0.6317
vt 0.1667 0.6000 0.6317
vt 0.2083 0.6000 0.6317
vt 0.2500 0.6000 0.6317
vt 0.2917 0.6000 0.6317
vt 0.3333 0.6000 0.6317
vt 0.3750 0.6000 0.6317
vt 0.4167 0.6000 0.6317
vt 0.4583 0.6000 0.6317
vt 0.5000 0.6000 0.6317
vt 0.5417 0.6000 0.6317
vt 0.5833 0.6000 0.6317
vt 0.6250 0.6000 0.6317
vt 0.6667 0.6000 0.6317
vt 0.7083 0.6000 0.6317
# 75 texture coords

o ¶ÔÏó001
g ¶ÔÏó001
usemtl wire_135006006
s 8
f 281/295/132 282/296/133 283/297/133 284/298/132 
f 282/296/133 285/299/134 286/300/134 283/297/133 
f 285/299/134 287/301/135 288/302/135 286/300/134 
f 287/301/135 289/303/136 290/304/136 288/302/135 
f 289/303/136 291/305/137 292/306/137 290/304/136 
f 291/305/137 293/307/138 294/308/139 292/306/137 
f 293/309/138 295/310/140 296/311/140 294/312/139 
f 295/310/140 297/313/141 298/314/141 296/311/140 
f 297/313/141 299/315/142 300/316/142 298/314/141 
f 299/315/142 301/317/143 302/318/143 300/316/142 
f 301/317/143 303/319/144 304/320/144 302/318/143 
f 303/319/144 305/321/145 306/322/145 304/320/144 
f 305/321/145 307/323/146 308/324/146 306/322/145 
f 307/323/146 309/325/147 310/326/147 308/324/146 
f 309/325/147 311/327/148 312/328/148 310/326/147 
f 311/327/148 313/329/149 314/330/149 312/328/148 
f 313/329/149 315/331/150 316/332/150 314/330/149 
f 315/331/150 317/333/151 318/334/151 316/332/150 
f 317/333/151 319/335/152 320/336/152 318/334/151 
f 319/335/152 321/337/153 322/338/153 320/336/152 
f 321/337/153 323/339/154 324/340/154 322/338/153 
f 323/339/154 325/341/155 326/342/155 324/340/154 
f 325/341/155 327/343/156 328/344/156 326/342/155 
f 327/343/156 281/295/132 284/298/132 328/344/156 
f 284/298/132 283/297/133 329/345/133 330/346/132 
f 283/297/133 286/300/134 331/347/134 329/345/133 
f 286/300/134 288/302/135 332/348/135 331/347/134 
f 288/302/135 290/304/136 333/349/136 332/348/135 
f 290/304/136 292/306/137 334/350/137 333/349/136 
f 292/306/137 294/308/139 335/351/138 334/350/137 
f 294/312/139 296/311/140 336/352/140 335/353/138 
f 296/311/140 298/314/141 337/354/141 336/352/140 
f 298/314/141 300/316/142 338/355/142 337/354/141 
f 300/316/142 302/318/143 339/356/143 338/355/142 
f 302/318/143 304/320/144 340/357/144 339/356/143 
f 304/320/144 306/322/145 341/358/145 340/357/144 
f 306/322/145 308/324/146 342/359/146 341/358/145 
f 308/324/146 310/326/147 343/360/147 342/359/146 
f 310/326/147 312/328/148 344/361/148 343/360/147 
f 312/328/148 314/330/149 345/362/149 344/361/148 
f 314/330/149 316/332/150 346/363/150 345/362/149 
f 316/332/150 318/334/151 347/364/151 346/363/150 
f 318/334/151 320/336/152 348/365/152 347/364/151 
f 320/336/152 322/338/153 349/366/153 348/365/152 
f 322/338/153 324/340/154 350/367/154 349/366/153 
f 324/340/154 326/342/155 351/368/155 350/367/154 
f 326/342/155 328/344/156 352/369/156 351/368/155 
f 328/344/156 284/298/132 330/346/132 352/369/156 
# 48 polygons

#
# object ¶ÔÏó002
#

v  29.2535 20.0000 -0.0000
v  28.2567 20.0000 -7.5714
v  24.7879 48.0951 -6.6419
v  25.6624 48.0951 -0.0000
v  25.3342 20.0000 -14.6267
v  22.2243 48.0951 -12.8312
v  20.6853 20.0000 -20.6853
v  18.1460 48.0951 -18.1460
v  14.6267 20.0000 -25.3342
v  12.8312 48.0951 -22.2243
v  7.5714 20.0000 -28.2567
v  6.6419 48.0951 -24.7879
v  0.0000 20.0000 -29.2535
v  0.0000 48.0951 -25.6624
v  -7.5714 20.0000 -28.2567
v  -6.6419 48.0951 -24.7880
v  -14.6267 20.0000 -25.3343
v  -12.8312 48.0951 -22.2243
v  -20.6853 20.0000 -20.6853
v  -18.1460 48.0951 -18.1460
v  -25.3342 20.0000 -14.6267
v  -22.2243 48.0951 -12.8312
v  -28.2567 20.0000 -7.5714
v  -24.7879 48.0951 -6.6419
v  -29.2535 20.0000 -0.0000
v  -25.6624 48.0951 -0.0000
v  -28.2567 20.0000 7.5713
v  -24.7880 48.0951 6.6419
v  -25.3343 20.0000 14.6267
v  -22.2243 48.0951 12.8312
v  -20.6853 20.0000 20.6853
v  -18.1460 48.0951 18.1460
v  -14.6267 20.0000 25.3342
v  -12.8312 48.0951 22.2243
v  -7.5714 20.0000 28.2567
v  -6.6419 48.0951 24.7879
v  -0.0000 20.0000 29.2535
v  -0.0000 48.0951 25.6624
v  7.5713 20.0000 28.2567
v  6.6419 48.0951 24.7880
v  14.6267 20.0000 25.3343
v  12.8312 48.0951 22.2243
v  20.6853 20.0000 20.6853
v  18.1460 48.0951 18.1460
v  25.3342 20.0000 14.6268
v  22.2243 48.0951 12.8312
v  28.2567 20.0000 7.5714
v  24.7879 48.0951 6.6419
# 48 vertices

vn 0.9919 0.1268 0.0000
vn 0.9581 0.1268 -0.2567
vn 0.8590 0.1268 -0.4960
vn 0.7014 0.1268 -0.7014
vn 0.4960 0.1268 -0.8590
vn 0.2567 0.1268 -0.9581
vn -0.0000 0.1268 -0.9919
vn 0.0000 0.1268 -0.9919
vn -0.2567 0.1268 -0.9581
vn -0.4960 0.1268 -0.8590
vn -0.7014 0.1268 -0.7014
vn -0.8590 0.1268 -0.4960
vn -0.9581 0.1268 -0.2567
vn -0.9919 0.1268 -0.0000
vn -0.9581 0.1268 0.2567
vn -0.8590 0.1268 0.4960
vn -0.7014 0.1268 0.7014
vn -0.4960 0.1268 0.8590
vn -0.2567 0.1268 0.9581
vn -0.0000 0.1268 0.9919
vn 0.2567 0.1268 0.9581
vn 0.4960 0.1268 0.8590
vn 0.7014 0.1268 0.7014
vn 0.8590 0.1268 0.4960
vn 0.9581 0.1268 0.2567
# 25 vertex normals

vt 0.7500 0.0000 1.0000
vt 0.7917 0.0000 1.0000
vt 0.7917 0.2000 0.8772
vt 0.7500 0.2000 0.8772
vt 0.8333 0.0000 1.0000
vt 0.8333 0.2000 0.8772
vt 0.8750 0.0000 1.0000
vt 0.8750 0.2000 0.8772
vt 0.9167 0.0000 1.0000
vt 0.9167 0.2000 0.8772
vt 0.9583 0.0000 1.0000
vt 0.9583 0.2000 0.8772
vt 1.0000 0.0000 1.0000
vt 1.0000 0.2000 0.8772
vt 0.0000 0.0000 1.0000
vt 0.0417 0.0000 1.0000
vt 0.0417 0.2000 0.8772
vt 0.0000 0.2000 0.8772
vt 0.0833 0.0000 1.0000
vt 0.0833 0.2000 0.8772
vt 0.1250 0.0000 1.0000
vt 0.1250 0.2000 0.8772
vt 0.1667 0.0000 1.0000
vt 0.1667 0.2000 0.8772
vt 0.2083 0.0000 1.0000
vt 0.2083 0.2000 0.8772
vt 0.2500 0.0000 1.0000
vt 0.2500 0.2000 0.8772
vt 0.2917 0.0000 1.0000
vt 0.2917 0.2000 0.8772
vt 0.3333 0.0000 1.0000
vt 0.3333 0.2000 0.8772
vt 0.3750 0.0000 1.0000
vt 0.3750 0.2000 0.8772
vt 0.4167 0.0000 1.0000
vt 0.4167 0.2000 0.8772
vt 0.4583 0.0000 1.0000
vt 0.4583 0.2000 0.8772
vt 0.5000 0.0000 1.0000
vt 0.5000 0.2000 0.8772
vt 0.5417 0.0000 1.0000
vt 0.5417 0.2000 0.8772
vt 0.5833 0.0000 1.0000
vt 0.5833 0.2000 0.8772
vt 0.6250 0.0000 1.0000
vt 0.6250 0.2000 0.8772
vt 0.6667 0.0000 1.0000
vt 0.6667 0.2000 0.8772
vt 0.7083 0.0000 1.0000
vt 0.7083 0.2000 0.8772
# 50 texture coords

o ¶ÔÏó002
g ¶ÔÏó002
usemtl wire_135006006
s 8
f 353/370/157 354/371/158 355/372/158 356/373/157 
f 354/371/158 357/374/159 358/375/159 355/372/158 
f 357/374/159 359/376/160 360/377/160 358/375/159 
f 359/376/160 361/378/161 362/379/161 360/377/160 
f 361/378/161 363/380/162 364/381/162 362/379/161 
f 363/380/162 365/382/163 366/383/164 364/381/162 
f 365/384/163 367/385/165 368/386/165 366/387/164 
f 367/385/165 369/388/166 370/389/166 368/386/165 
f 369/388/166 371/390/167 372/391/167 370/389/166 
f 371/390/167 373/392/168 374/393/168 372/391/167 
f 373/392/168 375/394/169 376/395/169 374/393/168 
f 375/394/169 377/396/170 378/397/170 376/395/169 
f 377/396/170 379/398/171 380/399/171 378/397/170 
f 379/398/171 381/400/172 382/401/172 380/399/171 
f 381/400/172 383/402/173 384/403/173 382/401/172 
f 383/402/173 385/404/174 386/405/174 384/403/173 
f 385/404/174 387/406/175 388/407/175 386/405/174 
f 387/406/175 389/408/176 390/409/176 388/407/175 
f 389/408/176 391/410/177 392/411/177 390/409/176 
f 391/410/177 393/412/178 394/413/178 392/411/177 
f 393/412/178 395/414/179 396/415/179 394/413/178 
f 395/414/179 397/416/180 398/417/180 396/415/179 
f 397/416/180 399/418/181 400/419/181 398/417/180 
f 399/418/181 353/370/157 356/373/157 400/419/181 
# 24 polygons

#
# object ¶ÔÏó003
#

v  18.4802 104.2852 -0.0000
v  17.8505 104.2852 -4.7830
v  14.3817 132.3802 -3.8536
v  14.8891 132.3802 -0.0000
v  16.0043 104.2852 -9.2401
v  12.8943 132.3802 -7.4445
v  13.0675 104.2852 -13.0675
v  10.5282 132.3802 -10.5282
v  9.2401 104.2852 -16.0043
v  7.4445 132.3802 -12.8943
v  4.7830 104.2852 -17.8505
v  3.8536 132.3802 -14.3817
v  0.0000 104.2852 -18.4802
v  0.0000 132.3802 -14.8891
v  -4.7830 104.2852 -17.8505
v  -3.8536 132.3802 -14.3817
v  -9.2401 104.2852 -16.0043
v  -7.4445 132.3802 -12.8943
v  -13.0675 104.2852 -13.0675
v  -10.5282 132.3802 -10.5282
v  -16.0043 104.2852 -9.2401
v  -12.8943 132.3802 -7.4445
v  -17.8505 104.2852 -4.7830
v  -14.3817 132.3802 -3.8536
v  -18.4802 104.2852 -0.0000
v  -14.8891 132.3802 -0.0000
v  -17.8505 104.2852 4.7830
v  -14.3817 132.3802 3.8536
v  -16.0043 104.2852 9.2401
v  -12.8943 132.3802 7.4445
v  -13.0675 104.2852 13.0675
v  -10.5282 132.3802 10.5282
v  -9.2401 104.2852 16.0043
v  -7.4445 132.3802 12.8943
v  -4.7830 104.2852 17.8505
v  -3.8536 132.3802 14.3817
v  -0.0000 104.2852 18.4802
v  -0.0000 132.3802 14.8891
v  4.7830 104.2852 17.8505
v  3.8536 132.3802 14.3817
v  9.2401 104.2852 16.0043
v  7.4445 132.3802 12.8943
v  13.0674 104.2852 13.0675
v  10.5282 132.3802 10.5282
v  16.0043 104.2852 9.2401
v  12.8943 132.3802 7.4445
v  17.8505 104.2852 4.7830
v  14.3817 132.3802 3.8536
v  10.9130 160.4753 -2.9241
v  11.2980 160.4753 -0.0000
v  9.7843 160.4753 -5.6490
v  7.9889 160.4753 -7.9889
v  5.6490 160.4753 -9.7843
v  2.9241 160.4753 -10.9130
v  0.0000 160.4753 -11.2980
v  -2.9241 160.4753 -10.9130
v  -5.6490 160.4753 -9.7843
v  -7.9889 160.4753 -7.9889
v  -9.7843 160.4753 -5.6490
v  -10.9130 160.4753 -2.9241
v  -11.2980 160.4753 -0.0000
v  -10.9130 160.4753 2.9241
v  -9.7843 160.4753 5.6490
v  -7.9889 160.4753 7.9889
v  -5.6490 160.4753 9.7843
v  -2.9241 160.4753 10.9130
v  -0.0000 160.4753 11.2980
v  2.9241 160.4753 10.9130
v  5.6490 160.4753 9.7843
v  7.9889 160.4753 7.9889
v  9.7843 160.4753 5.6490
v  10.9130 160.4753 2.9241
# 72 vertices

vn 0.9919 0.1268 0.0000
vn 0.9581 0.1268 -0.2567
vn 0.8590 0.1268 -0.4960
vn 0.7014 0.1268 -0.7014
vn 0.4960 0.1268 -0.8590
vn 0.2567 0.1268 -0.9581
vn 0.0000 0.1268 -0.9919
vn -0.2567 0.1268 -0.9581
vn -0.4960 0.1268 -0.8590
vn -0.7014 0.1268 -0.7014
vn -0.8590 0.1268 -0.4960
vn -0.9581 0.1268 -0.2567
vn -0.9919 0.1268 -0.0000
vn -0.9581 0.1268 0.2567
vn -0.8590 0.1268 0.4960
vn -0.7014 0.1268 0.7014
vn -0.4960 0.1268 0.8590
vn -0.2567 0.1268 0.9581
vn -0.0000 0.1268 0.9919
vn 0.2567 0.1268 0.9581
vn 0.4960 0.1268 0.8590
vn 0.7014 0.1268 0.7014
vn 0.8590 0.1268 0.4960
vn 0.9581 0.1268 0.2567
vn 0.6661 0.7242 -0.1785
vn 0.6896 0.7242 -0.0000
vn 0.5972 0.7242 -0.3448
vn 0.4876 0.7242 -0.4876
vn 0.3448 0.7242 -0.5972
vn 0.1785 0.7242 -0.6661
vn 0.0000 0.7242 -0.6896
vn -0.1785 0.7242 -0.6661
vn -0.3448 0.7242 -0.5972
vn -0.4876 0.7242 -0.4876
vn -0.5972 0.7242 -0.3448
vn -0.6661 0.7242 -0.1785
vn -0.6896 0.7242 -0.0000
vn -0.6661 0.7242 0.1785
vn -0.5972 0.7242 0.3448
vn -0.4876 0.7242 0.4876
vn -0.3448 0.7242 0.5972
vn -0.1785 0.7242 0.6661
vn -0.0000 0.7242 0.6896
vn 0.1785 0.7242 0.6661
vn 0.3448 0.7242 0.5972
vn 0.4876 0.7242 0.4876
vn 0.5972 0.7242 0.3448
vn 0.6661 0.7242 0.1785
# 48 vertex normals

vt 0.7500 0.6000 0.6317
vt 0.7917 0.6000 0.6317
vt 0.7917 0.8000 0.5090
vt 0.7500 0.8000 0.5090
vt 0.8333 0.6000 0.6317
vt 0.8333 0.8000 0.5090
vt 0.8750 0.6000 0.6317
vt 0.8750 0.8000 0.5090
vt 0.9167 0.6000 0.6317
vt 0.9167 0.8000 0.5090
vt 0.9583 0.6000 0.6317
vt 0.9583 0.8000 0.5090
vt 1.0000 0.6000 0.6317
vt 1.0000 0.8000 0.5090
vt 0.0000 0.6000 0.6317
vt 0.0417 0.6000 0.6317
vt 0.0417 0.8000 0.5090
vt 0.0000 0.8000 0.5090
vt 0.0833 0.6000 0.6317
vt 0.0833 0.8000 0.5090
vt 0.1250 0.6000 0.6317
vt 0.1250 0.8000 0.5090
vt 0.1667 0.6000 0.6317
vt 0.1667 0.8000 0.5090
vt 0.2083 0.6000 0.6317
vt 0.2083 0.8000 0.5090
vt 0.2500 0.6000 0.6317
vt 0.2500 0.8000 0.5090
vt 0.2917 0.6000 0.6317
vt 0.2917 0.8000 0.5090
vt 0.3333 0.6000 0.6317
vt 0.3333 0.8000 0.5090
vt 0.3750 0.6000 0.6317
vt 0.3750 0.8000 0.5090
vt 0.4167 0.6000 0.6317
vt 0.4167 0.8000 0.5090
vt 0.4583 0.6000 0.6317
vt 0.4583 0.8000 0.5090
vt 0.5000 0.6000 0.6317
vt 0.5000 0.8000 0.5090
vt 0.5417 0.6000 0.6317
vt 0.5417 0.8000 0.5090
vt 0.5833 0.6000 0.6317
vt 0.5833 0.8000 0.5090
vt 0.6250 0.6000 0.6317
vt 0.6250 0.8000 0.5090
vt 0.6667 0.6000 0.6317
vt 0.6667 0.8000 0.5090
vt 0.7083 0.6000 0.6317
vt 0.7083 0.8000 0.5090
vt 0.7917 1.0000 0.3862
vt 0.7500 1.0000 0.3862
vt 0.8333 1.0000 0.3862
vt 0.8750 1.0000 0.3862
vt 0.9167 1.0000 0.3862
vt 0.9583 1.0000 0.3862
vt 1.0000 1.0000 0.3862
vt 0.0417 1.0000 0.3862
vt 0.0000 1.0000 0.3862
vt 0.0833 1.0000 0.3862
vt 0.1250 1.0000 0.3862
vt 0.1667 1.0000 0.3862
vt 0.2083 1.0000 0.3862
vt 0.2500 1.0000 0.3862
vt 0.2917 1.0000 0.3862
vt 0.3333 1.0000 0.3862
vt 0.3750 1.0000 0.3862
vt 0.4167 1.0000 0.3862
vt 0.4583 1.0000 0.3862
vt 0.5000 1.0000 0.3862
vt 0.5417 1.0000 0.3862
vt 0.5833 1.0000 0.3862
vt 0.6250 1.0000 0.3862
vt 0.6667 1.0000 0.3862
vt 0.7083 1.0000 0.3862
vt 1.0076 1.0000 0.3599
vt 0.9806 1.0000 0.3090
vt 0.9208 1.0000 0.2371
vt 0.8324 1.0000 0.1491
vt 0.7213 1.0000 0.0508
vt 0.5952 1.0000 -0.0508
vt 0.4625 1.0000 -0.1491
vt 0.3324 1.0000 -0.2371
vt 0.2137 1.0000 -0.3090
vt 0.1146 1.0000 -0.3599
vt 0.0417 1.0000 -0.3862
vt 0.0000 1.0000 -0.3862
vt -0.0076 1.0000 -0.3599
vt 0.0194 1.0000 -0.3090
vt 0.0792 1.0000 -0.2371
vt 0.1676 1.0000 -0.1491
# 91 texture coords

o ¶ÔÏó003
g ¶ÔÏó003
usemtl wire_000000000
s 8
f 401/420/182 402/421/183 403/422/183 404/423/182 
f 402/421/183 405/424/184 406/425/184 403/422/183 
f 405/424/184 407/426/185 408/427/185 406/425/184 
f 407/426/185 409/428/186 410/429/186 408/427/185 
f 409/428/186 411/430/187 412/431/187 410/429/186 
f 411/430/187 413/432/188 414/433/188 412/431/187 
f 413/434/188 415/435/189 416/436/189 414/437/188 
f 415/435/189 417/438/190 418/439/190 416/436/189 
f 417/438/190 419/440/191 420/441/191 418/439/190 
f 419/440/191 421/442/192 422/443/192 420/441/191 
f 421/442/192 423/444/193 424/445/193 422/443/192 
f 423/444/193 425/446/194 426/447/194 424/445/193 
f 425/446/194 427/448/195 428/449/195 426/447/194 
f 427/448/195 429/450/196 430/451/196 428/449/195 
f 429/450/196 431/452/197 432/453/197 430/451/196 
f 431/452/197 433/454/198 434/455/198 432/453/197 
f 433/454/198 435/456/199 436/457/199 434/455/198 
f 435/456/199 437/458/200 438/459/200 436/457/199 
f 437/458/200 439/460/201 440/461/201 438/459/200 
f 439/460/201 441/462/202 442/463/202 440/461/201 
f 441/462/202 443/464/203 444/465/203 442/463/202 
f 443/464/203 445/466/204 446/467/204 444/465/203 
f 445/466/204 447/468/205 448/469/205 446/467/204 
f 447/468/205 401/420/182 404/423/182 448/469/205 
f 404/423/182 403/422/183 449/470/206 450/471/207 
f 403/422/183 406/425/184 451/472/208 449/470/206 
f 406/425/184 408/427/185 452/473/209 451/472/208 
f 408/427/185 410/429/186 453/474/210 452/473/209 
f 410/429/186 412/431/187 454/475/211 453/474/210 
f 412/431/187 414/433/188 455/476/212 454/475/211 
f 414/437/188 416/436/189 456/477/213 455/478/212 
f 416/436/189 418/439/190 457/479/214 456/477/213 
f 418/439/190 420/441/191 458/480/215 457/479/214 
f 420/441/191 422/443/192 459/481/216 458/480/215 
f 422/443/192 424/445/193 460/482/217 459/481/216 
f 424/445/193 426/447/194 461/483/218 460/482/217 
f 426/447/194 428/449/195 462/484/219 461/483/218 
f 428/449/195 430/451/196 463/485/220 462/484/219 
f 430/451/196 432/453/197 464/486/221 463/485/220 
f 432/453/197 434/455/198 465/487/222 464/486/221 
f 434/455/198 436/457/199 466/488/223 465/487/222 
f 436/457/199 438/459/200 467/489/224 466/488/223 
f 438/459/200 440/461/201 468/490/225 467/489/224 
f 440/461/201 442/463/202 469/491/226 468/490/225 
f 442/463/202 444/465/203 470/492/227 469/491/226 
f 444/465/203 446/467/204 471/493/228 470/492/227 
f 446/467/204 448/469/205 472/494/229 471/493/228 
f 448/469/205 404/423/182 450/471/207 472/494/229 
s 1
f 472/494/229 450/471/207 449/470/206 451/472/208 452/473/209 453/474/210 454/475/211 455/476/212 456/495/213 457/496/214 458/497/215 459/498/216 460/499/217 461/500/218 462/501/219 463/502/220 464/503/221 465/504/222 466/505/223 467/506/224 468/507/225 469/508/226 470/509/227 471/510/228 
# 49 polygons

#
# object Sphere001
#

v  0.0000 277.7737 -0.0000
v  -0.0000 277.2911 -4.8998
v  -0.9559 277.2911 -4.8057
v  -1.8751 277.2911 -4.5268
v  -2.7222 277.2911 -4.0741
v  -3.4647 277.2911 -3.4647
v  -4.0741 277.2911 -2.7222
v  -4.5268 277.2911 -1.8751
v  -4.8057 277.2911 -0.9559
v  -4.8998 277.2911 0.0000
v  -4.8057 277.2911 0.9559
v  -4.5268 277.2911 1.8751
v  -4.0741 277.2911 2.7222
v  -3.4647 277.2911 3.4647
v  -2.7222 277.2911 4.0741
v  -1.8751 277.2911 4.5269
v  -0.9559 277.2911 4.8057
v  0.0000 277.2911 4.8998
v  0.9559 277.2911 4.8057
v  1.8751 277.2911 4.5268
v  2.7222 277.2911 4.0741
v  3.4647 277.2911 3.4647
v  4.0741 277.2911 2.7222
v  4.5269 277.2911 1.8751
v  4.8057 277.2911 0.9559
v  4.8998 277.2911 -0.0000
v  4.8057 277.2911 -0.9559
v  4.5268 277.2911 -1.8751
v  4.0741 277.2911 -2.7222
v  3.4647 277.2911 -3.4647
v  2.7222 277.2911 -4.0741
v  1.8751 277.2911 -4.5269
v  0.9559 277.2911 -4.8057
v  -0.0000 275.8619 -9.6114
v  -1.8751 275.8619 -9.4267
v  -3.6781 275.8619 -8.8797
v  -5.3398 275.8619 -7.9915
v  -6.7963 275.8619 -6.7963
v  -7.9915 275.8619 -5.3398
v  -8.8797 275.8619 -3.6781
v  -9.4267 275.8619 -1.8751
v  -9.6114 275.8619 0.0000
v  -9.4267 275.8619 1.8751
v  -8.8797 275.8619 3.6781
v  -7.9915 275.8619 5.3398
v  -6.7962 275.8619 6.7963
v  -5.3398 275.8619 7.9916
v  -3.6781 275.8619 8.8797
v  -1.8751 275.8619 9.4267
v  0.0000 275.8619 9.6114
v  1.8751 275.8619 9.4267
v  3.6781 275.8619 8.8797
v  5.3398 275.8619 7.9915
v  6.7963 275.8619 6.7962
v  7.9916 275.8619 5.3398
v  8.8797 275.8619 3.6781
v  9.4267 275.8619 1.8751
v  9.6114 275.8619 -0.0000
v  9.4267 275.8619 -1.8751
v  8.8797 275.8619 -3.6781
v  7.9915 275.8619 -5.3398
v  6.7962 275.8619 -6.7963
v  5.3398 275.8619 -7.9916
v  3.6781 275.8619 -8.8797
v  1.8751 275.8619 -9.4267
v  -0.0000 273.5410 -13.9535
v  -2.7222 273.5410 -13.6854
v  -5.3398 273.5410 -12.8914
v  -7.7522 273.5410 -11.6019
v  -9.8666 273.5410 -9.8666
v  -11.6019 273.5410 -7.7522
v  -12.8914 273.5410 -5.3398
v  -13.6854 273.5410 -2.7222
v  -13.9535 273.5410 0.0000
v  -13.6854 273.5410 2.7222
v  -12.8914 273.5410 5.3398
v  -11.6019 273.5410 7.7522
v  -9.8666 273.5410 9.8666
v  -7.7522 273.5410 11.6019
v  -5.3398 273.5410 12.8914
v  -2.7222 273.5410 13.6854
v  0.0000 273.5410 13.9535
v  2.7222 273.5410 13.6854
v  5.3398 273.5410 12.8914
v  7.7522 273.5410 11.6019
v  9.8666 273.5410 9.8666
v  11.6019 273.5410 7.7521
v  12.8914 273.5410 5.3398
v  13.6854 273.5410 2.7222
v  13.9535 273.5410 -0.0000
v  13.6854 273.5410 -2.7222
v  12.8914 273.5410 -5.3398
v  11.6019 273.5410 -7.7522
v  9.8666 273.5410 -9.8666
v  7.7521 273.5410 -11.6019
v  5.3398 273.5410 -12.8914
v  2.7222 273.5410 -13.6854
v  -0.0000 270.4175 -17.7595
v  -3.4647 270.4175 -17.4182
v  -6.7963 270.4175 -16.4076
v  -9.8666 270.4175 -14.7665
v  -12.5578 270.4175 -12.5578
v  -14.7665 270.4175 -9.8666
v  -16.4076 270.4175 -6.7962
v  -17.4182 270.4175 -3.4647
v  -17.7595 270.4175 0.0000
v  -17.4182 270.4175 3.4647
v  -16.4076 270.4175 6.7963
v  -14.7664 270.4175 9.8666
v  -12.5578 270.4175 12.5578
v  -9.8666 270.4175 14.7665
v  -6.7962 270.4175 16.4076
v  -3.4647 270.4175 17.4182
v  0.0000 270.4175 17.7595
v  3.4647 270.4175 17.4182
v  6.7963 270.4175 16.4076
v  9.8666 270.4175 14.7664
v  12.5579 270.4175 12.5578
v  14.7665 270.4175 9.8666
v  16.4076 270.4175 6.7962
v  17.4182 270.4175 3.4647
v  17.7595 270.4175 -0.0000
v  17.4182 270.4175 -3.4647
v  16.4076 270.4175 -6.7963
v  14.7664 270.4175 -9.8667
v  12.5578 270.4175 -12.5579
v  9.8666 270.4175 -14.7665
v  6.7962 270.4175 -16.4076
v  3.4647 270.4175 -17.4182
v  -0.0000 266.6116 -20.8829
v  -4.0741 266.6116 -20.4817
v  -7.9915 266.6116 -19.2933
v  -11.6019 266.6116 -17.3635
v  -14.7665 266.6116 -14.7665
v  -17.3635 266.6116 -11.6019
v  -19.2933 266.6116 -7.9915
v  -20.4817 266.6116 -4.0741
v  -20.8829 266.6116 0.0000
v  -20.4817 266.6116 4.0741
v  -19.2933 266.6116 7.9916
v  -17.3635 266.6116 11.6019
v  -14.7664 266.6116 14.7665
v  -11.6019 266.6116 17.3635
v  -7.9915 266.6116 19.2933
v  -4.0740 266.6116 20.4817
v  0.0000 266.6116 20.8829
v  4.0741 266.6116 20.4817
v  7.9916 266.6116 19.2933
v  11.6020 266.6116 17.3635
v  14.7665 266.6116 14.7664
v  17.3635 266.6116 11.6019
v  19.2933 266.6116 7.9915
v  20.4817 266.6116 4.0740
v  20.8829 266.6116 -0.0000
v  20.4817 266.6116 -4.0741
v  19.2933 266.6116 -7.9916
v  17.3635 266.6116 -11.6020
v  14.7664 266.6116 -14.7665
v  11.6019 266.6116 -17.3635
v  7.9915 266.6116 -19.2933
v  4.0740 266.6116 -20.4817
v  -0.0000 262.2694 -23.2039
v  -4.5268 262.2694 -22.7580
v  -8.8797 262.2694 -21.4376
v  -12.8914 262.2694 -19.2933
v  -16.4076 262.2694 -16.4076
v  -19.2933 262.2694 -12.8914
v  -21.4376 262.2694 -8.8797
v  -22.7580 262.2694 -4.5268
v  -23.2039 262.2694 0.0000
v  -22.7580 262.2694 4.5269
v  -21.4376 262.2694 8.8797
v  -19.2933 262.2694 12.8914
v  -16.4076 262.2694 16.4076
v  -12.8914 262.2694 19.2933
v  -8.8797 262.2694 21.4376
v  -4.5268 262.2694 22.7580
v  0.0000 262.2694 23.2039
v  4.5269 262.2694 22.7580
v  8.8798 262.2694 21.4376
v  12.8914 262.2694 19.2933
v  16.4076 262.2694 16.4076
v  19.2933 262.2694 12.8913
v  21.4376 262.2694 8.8797
v  22.7580 262.2694 4.5268
v  23.2039 262.2694 -0.0000
v  22.7580 262.2694 -4.5269
v  21.4376 262.2694 -8.8798
v  19.2933 262.2694 -12.8914
v  16.4076 262.2694 -16.4076
v  12.8913 262.2694 -19.2933
v  8.8797 262.2694 -21.4376
v  4.5268 262.2694 -22.7580
v  -0.0000 257.5579 -24.6331
v  -4.8057 257.5579 -24.1598
v  -9.4267 257.5579 -22.7580
v  -13.6854 257.5579 -20.4817
v  -17.4182 257.5579 -17.4182
v  -20.4817 257.5579 -13.6854
v  -22.7580 257.5579 -9.4267
v  -24.1598 257.5579 -4.8057
v  -24.6331 257.5579 0.0000
v  -24.1598 257.5579 4.8057
v  -22.7580 257.5579 9.4267
v  -20.4817 257.5579 13.6854
v  -17.4182 257.5579 17.4182
v  -13.6854 257.5579 20.4817
v  -9.4267 257.5579 22.7580
v  -4.8057 257.5579 24.1598
v  0.0000 257.5579 24.6331
v  4.8057 257.5579 24.1598
v  9.4267 257.5579 22.7580
v  13.6854 257.5579 20.4816
v  17.4182 257.5579 17.4182
v  20.4817 257.5579 13.6854
v  22.7580 257.5579 9.4266
v  24.1598 257.5579 4.8056
v  24.6331 257.5579 -0.0000
v  24.1598 257.5579 -4.8057
v  22.7580 257.5579 -9.4267
v  20.4816 257.5579 -13.6854
v  17.4182 257.5579 -17.4183
v  13.6854 257.5579 -20.4817
v  9.4266 257.5579 -22.7580
v  4.8056 257.5579 -24.1598
v  -0.0000 252.6581 -25.1157
v  -4.8998 252.6581 -24.6331
v  -9.6114 252.6581 -23.2039
v  -13.9535 252.6581 -20.8829
v  -17.7595 252.6581 -17.7595
v  -20.8829 252.6581 -13.9535
v  -23.2039 252.6581 -9.6113
v  -24.6331 252.6581 -4.8998
v  -25.1157 252.6581 0.0000
v  -24.6331 252.6581 4.8998
v  -23.2039 252.6581 9.6114
v  -20.8829 252.6581 13.9535
v  -17.7595 252.6581 17.7595
v  -13.9535 252.6581 20.8829
v  -9.6113 252.6581 23.2039
v  -4.8998 252.6581 24.6331
v  0.0000 252.6581 25.1157
v  4.8999 252.6581 24.6331
v  9.6114 252.6581 23.2038
v  13.9535 252.6581 20.8829
v  17.7595 252.6581 17.7594
v  20.8829 252.6581 13.9535
v  23.2039 252.6581 9.6113
v  24.6331 252.6581 4.8998
v  25.1157 252.6581 -0.0000
v  24.6331 252.6581 -4.8999
v  23.2038 252.6581 -9.6114
v  20.8829 252.6581 -13.9536
v  17.7594 252.6581 -17.7595
v  13.9535 252.6581 -20.8829
v  9.6113 252.6581 -23.2039
v  4.8998 252.6581 -24.6331
v  -0.0000 247.7582 -24.6331
v  -4.8057 247.7582 -24.1598
v  -9.4267 247.7582 -22.7580
v  -13.6854 247.7582 -20.4817
v  -17.4182 247.7582 -17.4182
v  -20.4817 247.7582 -13.6854
v  -22.7580 247.7582 -9.4267
v  -24.1598 247.7582 -4.8057
v  -24.6331 247.7582 0.0000
v  -24.1598 247.7582 4.8057
v  -22.7580 247.7582 9.4267
v  -20.4817 247.7582 13.6854
v  -17.4182 247.7582 17.4182
v  -13.6854 247.7582 20.4817
v  -9.4267 247.7582 22.7580
v  -4.8057 247.7582 24.1598
v  0.0000 247.7582 24.6331
v  4.8057 247.7582 24.1598
v  9.4267 247.7582 22.7580
v  13.6854 247.7582 20.4816
v  17.4182 247.7582 17.4182
v  20.4817 247.7582 13.6854
v  22.7580 247.7582 9.4266
v  24.1598 247.7582 4.8056
v  24.6331 247.7582 -0.0000
v  24.1598 247.7582 -4.8057
v  22.7580 247.7582 -9.4267
v  20.4816 247.7582 -13.6854
v  17.4182 247.7582 -17.4183
v  13.6854 247.7582 -20.4817
v  9.4266 247.7582 -22.7580
v  4.8056 247.7582 -24.1598
v  -0.0000 243.0467 -23.2039
v  -4.5268 243.0467 -22.7580
v  -8.8797 243.0467 -21.4376
v  -12.8914 243.0467 -19.2933
v  -16.4076 243.0467 -16.4076
v  -19.2933 243.0467 -12.8914
v  -21.4376 243.0467 -8.8797
v  -22.7580 243.0467 -4.5268
v  -23.2039 243.0467 0.0000
v  -22.7580 243.0467 4.5269
v  -21.4376 243.0467 8.8797
v  -19.2933 243.0467 12.8914
v  -16.4076 243.0467 16.4076
v  -12.8914 243.0467 19.2933
v  -8.8797 243.0467 21.4376
v  -4.5268 243.0467 22.7580
v  0.0000 243.0467 23.2039
v  4.5269 243.0467 22.7580
v  8.8798 243.0467 21.4376
v  12.8914 243.0467 19.2933
v  16.4076 243.0467 16.4076
v  19.2933 243.0467 12.8913
v  21.4376 243.0467 8.8797
v  22.7580 243.0467 4.5268
v  23.2039 243.0467 -0.0000
v  22.7580 243.0467 -4.5269
v  21.4376 243.0467 -8.8798
v  19.2933 243.0467 -12.8914
v  16.4076 243.0467 -16.4076
v  12.8913 243.0467 -19.2933
v  8.8797 243.0467 -21.4376
v  4.5268 243.0467 -22.7580
v  -0.0000 238.7045 -20.8829
v  -4.0741 238.7045 -20.4817
v  -7.9915 238.7045 -19.2933
v  -11.6019 238.7045 -17.3635
v  -14.7665 238.7045 -14.7665
v  -17.3635 238.7045 -11.6019
v  -19.2933 238.7045 -7.9915
v  -20.4817 238.7045 -4.0741
v  -20.8829 238.7045 0.0000
v  -20.4817 238.7045 4.0741
v  -19.2933 238.7045 7.9916
v  -17.3635 238.7045 11.6019
v  -14.7664 238.7045 14.7665
v  -11.6019 238.7045 17.3635
v  -7.9915 238.7045 19.2933
v  -4.0740 238.7045 20.4817
v  0.0000 238.7045 20.8829
v  4.0741 238.7045 20.4817
v  7.9916 238.7045 19.2933
v  11.6020 238.7045 17.3635
v  14.7665 238.7045 14.7664
v  17.3635 238.7045 11.6019
v  19.2933 238.7045 7.9915
v  20.4817 238.7045 4.0740
v  20.8829 238.7045 -0.0000
v  20.4817 238.7045 -4.0741
v  19.2933 238.7045 -7.9916
v  17.3635 238.7045 -11.6020
v  14.7664 238.7045 -14.7665
v  11.6019 238.7045 -17.3635
v  7.9915 238.7045 -19.2933
v  4.0740 238.7045 -20.4817
v  -0.0000 234.8986 -17.7595
v  -3.4647 234.8986 -17.4182
v  -6.7963 234.8986 -16.4076
v  -9.8666 234.8986 -14.7665
v  -12.5578 234.8986 -12.5578
v  -14.7665 234.8986 -9.8666
v  -16.4076 234.8986 -6.7962
v  -17.4182 234.8986 -3.4647
v  -17.7595 234.8986 0.0000
v  -17.4182 234.8986 3.4647
v  -16.4076 234.8986 6.7963
v  -14.7664 234.8986 9.8666
v  -12.5578 234.8986 12.5578
v  -9.8666 234.8986 14.7665
v  -6.7962 234.8986 16.4076
v  -3.4647 234.8986 17.4182
v  0.0000 234.8986 17.7595
v  3.4647 234.8986 17.4182
v  6.7963 234.8986 16.4076
v  9.8666 234.8986 14.7664
v  12.5579 234.8986 12.5578
v  14.7665 234.8986 9.8666
v  16.4076 234.8986 6.7962
v  17.4182 234.8986 3.4647
v  17.7595 234.8986 -0.0000
v  17.4182 234.8986 -3.4647
v  16.4076 234.8986 -6.7963
v  14.7664 234.8986 -9.8667
v  12.5578 234.8986 -12.5579
v  9.8666 234.8986 -14.7665
v  6.7962 234.8986 -16.4076
v  3.4647 234.8986 -17.4182
v  -0.0000 231.7751 -13.9535
v  -2.7222 231.7751 -13.6854
v  -5.3398 231.7751 -12.8914
v  -7.7522 231.7751 -11.6019
v  -9.8666 231.7751 -9.8666
v  -11.6019 231.7751 -7.7522
v  -12.8914 231.7751 -5.3398
v  -13.6854 231.7751 -2.7222
v  -13.9535 231.7751 0.0000
v  -13.6854 231.7751 2.7222
v  -12.8914 231.7751 5.3398
v  -11.6019 231.7751 7.7522
v  -9.8666 231.7751 9.8666
v  -7.7522 231.7751 11.6019
v  -5.3398 231.7751 12.8914
v  -2.7222 231.7751 13.6854
v  0.0000 231.7751 13.9535
v  2.7222 231.7751 13.6854
v  5.3398 231.7751 12.8914
v  7.7522 231.7751 11.6019
v  9.8666 231.7751 9.8666
v  11.6019 231.7751 7.7521
v  12.8914 231.7751 5.3398
v  13.6854 231.7751 2.7222
v  13.9535 231.7751 -0.0000
v  13.6854 231.7751 -2.7222
v  12.8914 231.7751 -5.3398
v  11.6019 231.7751 -7.7522
v  9.8666 231.7751 -9.8666
v  7.7521 231.7751 -11.6019
v  5.3398 231.7751 -12.8914
v  2.7222 231.7751 -13.6854
v  -0.0000 229.4542 -9.6113
v  -1.8751 229.4542 -9.4267
v  -3.6781 229.4542 -8.8797
v  -5.3398 229.4542 -7.9915
v  -6.7962 229.4542 -6.7962
v  -7.9915 229.4542 -5.3398
v  -8.8797 229.4542 -3.6781
v  -9.4267 229.4542 -1.8751
v  -9.6113 229.4542 0.0000
v  -9.4267 229.4542 1.8751
v  -8.8797 229.4542 3.6781
v  -7.9915 229.4542 5.3398
v  -6.7962 229.4542 6.7963
v  -5.3398 229.4542 7.9915
v  -3.6781 229.4542 8.8797
v  -1.8751 229.4542 9.4267
v  0.0000 229.4542 9.6113
v  1.8751 229.4542 9.4267
v  3.6781 229.4542 8.8797
v  5.3398 229.4542 7.9915
v  6.7963 229.4542 6.7962
v  7.9916 229.4542 5.3398
v  8.8797 229.4542 3.6781
v  9.4267 229.4542 1.8751
v  9.6113 229.4542 -0.0000
v  9.4267 229.4542 -1.8751
v  8.8797 229.4542 -3.6781
v  7.9915 229.4542 -5.3398
v  6.7962 229.4542 -6.7963
v  5.3398 229.4542 -7.9916
v  3.6781 229.4542 -8.8797
v  1.8751 229.4542 -9.4267
v  -0.0000 228.0250 -4.8998
v  -0.9559 228.0250 -4.8057
v  -1.8751 228.0250 -4.5268
v  -2.7222 228.0250 -4.0741
v  -3.4647 228.0250 -3.4647
v  -4.0741 228.0250 -2.7222
v  -4.5268 228.0250 -1.8751
v  -4.8057 228.0250 -0.9559
v  -4.8998 228.0250 0.0000
v  -4.8057 228.0250 0.9559
v  -4.5268 228.0250 1.8751
v  -4.0740 228.0250 2.7222
v  -3.4647 228.0250 3.4647
v  -2.7222 228.0250 4.0741
v  -1.8751 228.0250 4.5268
v  -0.9559 228.0250 4.8057
v  0.0000 228.0250 4.8998
v  0.9559 228.0250 4.8057
v  1.8751 228.0250 4.5268
v  2.7222 228.0250 4.0740
v  3.4647 228.0250 3.4647
v  4.0741 228.0250 2.7222
v  4.5268 228.0250 1.8751
v  4.8057 228.0250 0.9559
v  4.8998 228.0250 -0.0000
v  4.8057 228.0250 -0.9559
v  4.5268 228.0250 -1.8751
v  4.0740 228.0250 -2.7222
v  3.4647 228.0250 -3.4647
v  2.7222 228.0250 -4.0741
v  1.8751 228.0250 -4.5268
v  0.9559 228.0250 -4.8057
v  0.0000 227.5424 -0.0000
# 482 vertices

vn -0.0000 1.0000 0.0000
vn -0.0000 0.9796 -0.2010
vn -0.0392 0.9796 -0.1971
vn -0.0769 0.9796 -0.1857
vn -0.1117 0.9796 -0.1671
vn -0.1421 0.9796 -0.1421
vn -0.1671 0.9796 -0.1117
vn -0.1857 0.9796 -0.0769
vn -0.1971 0.9796 -0.0392
vn -0.2010 0.9796 0.0000
vn -0.1971 0.9796 0.0392
vn -0.1857 0.9796 0.0769
vn -0.1671 0.9796 0.1117
vn -0.1421 0.9796 0.1421
vn -0.1117 0.9796 0.1671
vn -0.0769 0.9796 0.1857
vn -0.0392 0.9796 0.1971
vn 0.0000 0.9796 0.2010
vn 0.0392 0.9796 0.1971
vn 0.0769 0.9796 0.1857
vn 0.1117 0.9796 0.1671
vn 0.1421 0.9796 0.1421
vn 0.1671 0.9796 0.1117
vn 0.1857 0.9796 0.0769
vn 0.1971 0.9796 0.0392
vn 0.2010 0.9796 -0.0000
vn 0.1971 0.9796 -0.0392
vn 0.1857 0.9796 -0.0769
vn 0.1671 0.9796 -0.1117
vn 0.1421 0.9796 -0.1421
vn 0.1117 0.9796 -0.1671
vn 0.0769 0.9796 -0.1857
vn 0.0392 0.9796 -0.1971
vn -0.0000 0.9217 -0.3879
vn -0.0757 0.9217 -0.3804
vn -0.1484 0.9217 -0.3584
vn -0.2155 0.9217 -0.3225
vn -0.2743 0.9217 -0.2743
vn -0.3225 0.9217 -0.2155
vn -0.3584 0.9217 -0.1484
vn -0.3804 0.9217 -0.0757
vn -0.3879 0.9217 0.0000
vn -0.3804 0.9217 0.0757
vn -0.3584 0.9217 0.1484
vn -0.3225 0.9217 0.2155
vn -0.2743 0.9217 0.2743
vn -0.2155 0.9217 0.3225
vn -0.1484 0.9217 0.3584
vn -0.0757 0.9217 0.3804
vn 0.0000 0.9217 0.3879
vn 0.0757 0.9217 0.3804
vn 0.1484 0.9217 0.3584
vn 0.2155 0.9217 0.3225
vn 0.2743 0.9217 0.2743
vn 0.3225 0.9217 0.2155
vn 0.3584 0.9217 0.1484
vn 0.3804 0.9217 0.0757
vn 0.3879 0.9217 -0.0000
vn 0.3804 0.9217 -0.0757
vn 0.3584 0.9217 -0.1484
vn 0.3225 0.9217 -0.2155
vn 0.2743 0.9217 -0.2743
vn 0.2155 0.9217 -0.3225
vn 0.1484 0.9217 -0.3584
vn 0.0757 0.9217 -0.3804
vn -0.0000 0.8286 -0.5598
vn -0.1092 0.8286 -0.5490
vn -0.2142 0.8286 -0.5172
vn -0.3110 0.8286 -0.4654
vn -0.3958 0.8286 -0.3958
vn -0.4654 0.8286 -0.3110
vn -0.5172 0.8286 -0.2142
vn -0.5490 0.8286 -0.1092
vn -0.5598 0.8286 0.0000
vn -0.5490 0.8286 0.1092
vn -0.5172 0.8286 0.2142
vn -0.4654 0.8286 0.3110
vn -0.3958 0.8286 0.3958
vn -0.3110 0.8286 0.4654
vn -0.2142 0.8286 0.5172
vn -0.1092 0.8286 0.5490
vn 0.0000 0.8286 0.5598
vn 0.1092 0.8286 0.5490
vn 0.2142 0.8286 0.5172
vn 0.3110 0.8286 0.4654
vn 0.3958 0.8286 0.3958
vn 0.4654 0.8286 0.3110
vn 0.5172 0.8286 0.2142
vn 0.5490 0.8286 0.1092
vn 0.5598 0.8286 -0.0000
vn 0.5490 0.8286 -0.1092
vn 0.5172 0.8286 -0.2142
vn 0.4654 0.8286 -0.3110
vn 0.3958 0.8286 -0.3958
vn 0.3110 0.8286 -0.4654
vn 0.2142 0.8286 -0.5172
vn 0.1092 0.8286 -0.5490
vn -0.0000 0.7041 -0.7101
vn -0.1385 0.7041 -0.6965
vn -0.2718 0.7041 -0.6561
vn -0.3945 0.7041 -0.5905
vn -0.5021 0.7041 -0.5021
vn -0.5905 0.7041 -0.3945
vn -0.6561 0.7041 -0.2718
vn -0.6965 0.7041 -0.1385
vn -0.7101 0.7041 0.0000
vn -0.6965 0.7041 0.1385
vn -0.6561 0.7041 0.2718
vn -0.5905 0.7041 0.3945
vn -0.5021 0.7041 0.5021
vn -0.3945 0.7041 0.5905
vn -0.2718 0.7041 0.6561
vn -0.1385 0.7041 0.6965
vn 0.0000 0.7041 0.7101
vn 0.1385 0.7041 0.6965
vn 0.2718 0.7041 0.6561
vn 0.3945 0.7041 0.5905
vn 0.5021 0.7041 0.5021
vn 0.5905 0.7041 0.3945
vn 0.6561 0.7041 0.2718
vn 0.6965 0.7041 0.1385
vn 0.7101 0.7041 -0.0000
vn 0.6965 0.7041 -0.1385
vn 0.6561 0.7041 -0.2718
vn 0.5905 0.7041 -0.3945
vn 0.5021 0.7041 -0.5021
vn 0.3945 0.7041 -0.5905
vn 0.2718 0.7041 -0.6561
vn 0.1385 0.7041 -0.6965
vn -0.0000 0.5528 -0.8333
vn -0.1626 0.5528 -0.8173
vn -0.3189 0.5528 -0.7699
vn -0.4630 0.5528 -0.6929
vn -0.5893 0.5528 -0.5893
vn -0.6929 0.5528 -0.4630
vn -0.7699 0.5528 -0.3189
vn -0.8173 0.5528 -0.1626
vn -0.8333 0.5528 0.0000
vn -0.8173 0.5528 0.1626
vn -0.7699 0.5528 0.3189
vn -0.6929 0.5528 0.4630
vn -0.5893 0.5528 0.5893
vn -0.4630 0.5528 0.6929
vn -0.3189 0.5528 0.7699
vn -0.1626 0.5528 0.8173
vn 0.0000 0.5528 0.8333
vn 0.1626 0.5528 0.8173
vn 0.3189 0.5528 0.7699
vn 0.4630 0.5528 0.6929
vn 0.5893 0.5528 0.5893
vn 0.6929 0.5528 0.4630
vn 0.7699 0.5528 0.3189
vn 0.8173 0.5528 0.1626
vn 0.8333 0.5528 -0.0000
vn 0.8173 0.5528 -0.1626
vn 0.7699 0.5528 -0.3189
vn 0.6929 0.5528 -0.4630
vn 0.5893 0.5528 -0.5893
vn 0.4630 0.5528 -0.6929
vn 0.3189 0.5528 -0.7699
vn 0.1626 0.5528 -0.8173
vn -0.0000 0.3805 -0.9248
vn -0.1804 0.3805 -0.9070
vn -0.3539 0.3805 -0.8544
vn -0.5138 0.3805 -0.7689
vn -0.6539 0.3805 -0.6539
vn -0.7689 0.3805 -0.5138
vn -0.8544 0.3805 -0.3539
vn -0.9070 0.3805 -0.1804
vn -0.9248 0.3805 0.0000
vn -0.9070 0.3805 0.1804
vn -0.8544 0.3805 0.3539
vn -0.7689 0.3805 0.5138
vn -0.6539 0.3805 0.6539
vn -0.5138 0.3805 0.7689
vn -0.3539 0.3805 0.8544
vn -0.1804 0.3805 0.9070
vn 0.0000 0.3805 0.9248
vn 0.1804 0.3805 0.9070
vn 0.3539 0.3805 0.8544
vn 0.5138 0.3805 0.7689
vn 0.6539 0.3805 0.6539
vn 0.7689 0.3805 0.5138
vn 0.8544 0.3805 0.3539
vn 0.9070 0.3805 0.1804
vn 0.9248 0.3805 -0.0000
vn 0.9070 0.3805 -0.1804
vn 0.8544 0.3805 -0.3539
vn 0.7689 0.3805 -0.5138
vn 0.6539 0.3805 -0.6539
vn 0.5138 0.3805 -0.7689
vn 0.3539 0.3805 -0.8544
vn 0.1804 0.3805 -0.9070
vn -0.0000 0.1939 -0.9810
vn -0.1914 0.1939 -0.9622
vn -0.3754 0.1939 -0.9063
vn -0.5450 0.1939 -0.8157
vn -0.6937 0.1939 -0.6937
vn -0.8157 0.1939 -0.5450
vn -0.9063 0.1939 -0.3754
vn -0.9622 0.1939 -0.1914
vn -0.9810 0.1939 0.0000
vn -0.9622 0.1939 0.1914
vn -0.9063 0.1939 0.3754
vn -0.8157 0.1939 0.5450
vn -0.6937 0.1939 0.6937
vn -0.5450 0.1939 0.8157
vn -0.3754 0.1939 0.9063
vn -0.1914 0.1939 0.9622
vn 0.0000 0.1939 0.9810
vn 0.1914 0.1939 0.9622
vn 0.3754 0.1939 0.9063
vn 0.5450 0.1939 0.8157
vn 0.6937 0.1939 0.6937
vn 0.8157 0.1939 0.5450
vn 0.9063 0.1939 0.3754
vn 0.9622 0.1939 0.1914
vn 0.9810 0.1939 -0.0000
vn 0.9622 0.1939 -0.1914
vn 0.9063 0.1939 -0.3754
vn 0.8157 0.1939 -0.5450
vn 0.6937 0.1939 -0.6937
vn 0.5450 0.1939 -0.8157
vn 0.3754 0.1939 -0.9063
vn 0.1914 0.1939 -0.9622
vn -0.0000 0.0000 -1.0000
vn -0.1951 0.0000 -0.9808
vn -0.3827 0.0000 -0.9239
vn -0.5556 0.0000 -0.8315
vn -0.7071 0.0000 -0.7071
vn -0.8315 0.0000 -0.5556
vn -0.9239 0.0000 -0.3827
vn -0.9808 0.0000 -0.1951
vn -1.0000 0.0000 0.0000
vn -0.9808 0.0000 0.1951
vn -0.9239 0.0000 0.3827
vn -0.8315 0.0000 0.5556
vn -0.7071 0.0000 0.7071
vn -0.5556 0.0000 0.8315
vn -0.3827 0.0000 0.9239
vn -0.1951 0.0000 0.9808
vn 0.0000 0.0000 1.0000
vn 0.1951 0.0000 0.9808
vn 0.3827 0.0000 0.9239
vn 0.5556 0.0000 0.8315
vn 0.7071 0.0000 0.7071
vn 0.8315 0.0000 0.5556
vn 0.9239 0.0000 0.3827
vn 0.9808 0.0000 0.1951
vn 1.0000 0.0000 -0.0000
vn 0.9808 0.0000 -0.1951
vn 0.9239 0.0000 -0.3827
vn 0.8315 0.0000 -0.5556
vn 0.7071 0.0000 -0.7071
vn 0.5556 0.0000 -0.8315
vn 0.3827 0.0000 -0.9239
vn 0.1951 0.0000 -0.9808
vn -0.0000 -0.1939 -0.9810
vn -0.1914 -0.1939 -0.9622
vn -0.3754 -0.1939 -0.9063
vn -0.5450 -0.1939 -0.8157
vn -0.6937 -0.1939 -0.6937
vn -0.8157 -0.1939 -0.5450
vn -0.9063 -0.1939 -0.3754
vn -0.9622 -0.1939 -0.1914
vn -0.9810 -0.1939 0.0000
vn -0.9622 -0.1939 0.1914
vn -0.9063 -0.1939 0.3754
vn -0.8157 -0.1939 0.5450
vn -0.6937 -0.1939 0.6937
vn -0.5450 -0.1939 0.8157
vn -0.3754 -0.1939 0.9063
vn -0.1914 -0.1939 0.9622
vn 0.0000 -0.1939 0.9810
vn 0.1914 -0.1939 0.9622
vn 0.3754 -0.1939 0.9063
vn 0.5450 -0.1939 0.8157
vn 0.6937 -0.1939 0.6937
vn 0.8157 -0.1939 0.5450
vn 0.9063 -0.1939 0.3754
vn 0.9622 -0.1939 0.1914
vn 0.9810 -0.1939 -0.0000
vn 0.9622 -0.1939 -0.1914
vn 0.9063 -0.1939 -0.3754
vn 0.8157 -0.1939 -0.5450
vn 0.6937 -0.1939 -0.6937
vn 0.5450 -0.1939 -0.8157
vn 0.3754 -0.1939 -0.9063
vn 0.1914 -0.1939 -0.9622
vn -0.0000 -0.3805 -0.9248
vn -0.1804 -0.3805 -0.9070
vn -0.3539 -0.3805 -0.8544
vn -0.5138 -0.3805 -0.7689
vn -0.6539 -0.3805 -0.6539
vn -0.7689 -0.3805 -0.5138
vn -0.8544 -0.3805 -0.3539
vn -0.9070 -0.3805 -0.1804
vn -0.9248 -0.3805 0.0000
vn -0.9070 -0.3805 0.1804
vn -0.8544 -0.3805 0.3539
vn -0.7689 -0.3805 0.5138
vn -0.6539 -0.3805 0.6539
vn -0.5138 -0.3805 0.7689
vn -0.3539 -0.3805 0.8544
vn -0.1804 -0.3805 0.9070
vn 0.0000 -0.3805 0.9248
vn 0.1804 -0.3805 0.9070
vn 0.3539 -0.3805 0.8544
vn 0.5138 -0.3805 0.7689
vn 0.6539 -0.3805 0.6539
vn 0.7689 -0.3805 0.5138
vn 0.8544 -0.3805 0.3539
vn 0.9070 -0.3805 0.1804
vn 0.9248 -0.3805 -0.0000
vn 0.9070 -0.3805 -0.1804
vn 0.8544 -0.3805 -0.3539
vn 0.7689 -0.3805 -0.5138
vn 0.6539 -0.3805 -0.6539
vn 0.5138 -0.3805 -0.7689
vn 0.3539 -0.3805 -0.8544
vn 0.1804 -0.3805 -0.9070
vn -0.0000 -0.5528 -0.8333
vn -0.1626 -0.5528 -0.8173
vn -0.3189 -0.5528 -0.7699
vn -0.4630 -0.5528 -0.6929
vn -0.5893 -0.5528 -0.5893
vn -0.6929 -0.5528 -0.4630
vn -0.7699 -0.5528 -0.3189
vn -0.8173 -0.5528 -0.1626
vn -0.8333 -0.5528 0.0000
vn -0.8173 -0.5528 0.1626
vn -0.7699 -0.5528 0.3189
vn -0.6929 -0.5528 0.4630
vn -0.5893 -0.5528 0.5893
vn -0.4630 -0.5528 0.6929
vn -0.3189 -0.5528 0.7699
vn -0.1626 -0.5528 0.8173
vn 0.0000 -0.5528 0.8333
vn 0.1626 -0.5528 0.8173
vn 0.3189 -0.5528 0.7699
vn 0.4630 -0.5528 0.6929
vn 0.5893 -0.5528 0.5893
vn 0.6929 -0.5528 0.4630
vn 0.7699 -0.5528 0.3189
vn 0.8173 -0.5528 0.1626
vn 0.8333 -0.5528 -0.0000
vn 0.8173 -0.5528 -0.1626
vn 0.7699 -0.5528 -0.3189
vn 0.6929 -0.5528 -0.4630
vn 0.5893 -0.5528 -0.5893
vn 0.4630 -0.5528 -0.6929
vn 0.3189 -0.5528 -0.7699
vn 0.1626 -0.5528 -0.8173
vn -0.0000 -0.7041 -0.7101
vn -0.1385 -0.7041 -0.6965
vn -0.2718 -0.7041 -0.6561
vn -0.3945 -0.7041 -0.5905
vn -0.5021 -0.7041 -0.5021
vn -0.5905 -0.7041 -0.3945
vn -0.6561 -0.7041 -0.2718
vn -0.6965 -0.7041 -0.1385
vn -0.7101 -0.7041 0.0000
vn -0.6965 -0.7041 0.1385
vn -0.6561 -0.7041 0.2718
vn -0.5905 -0.7041 0.3945
vn -0.5021 -0.7041 0.5021
vn -0.3945 -0.7041 0.5905
vn -0.2718 -0.7041 0.6561
vn -0.1385 -0.7041 0.6965
vn 0.0000 -0.7041 0.7101
vn 0.1385 -0.7041 0.6965
vn 0.2718 -0.7041 0.6561
vn 0.3945 -0.7041 0.5905
vn 0.5021 -0.7041 0.5021
vn 0.5905 -0.7041 0.3945
vn 0.6561 -0.7041 0.2718
vn 0.6965 -0.7041 0.1385
vn 0.7101 -0.7041 -0.0000
vn 0.6965 -0.7041 -0.1385
vn 0.6561 -0.7041 -0.2718
vn 0.5905 -0.7041 -0.3945
vn 0.5021 -0.7041 -0.5021
vn 0.3945 -0.7041 -0.5905
vn 0.2718 -0.7041 -0.6561
vn 0.1385 -0.7041 -0.6965
vn -0.0000 -0.8286 -0.5598
vn -0.1092 -0.8286 -0.5490
vn -0.2142 -0.8286 -0.5172
vn -0.3110 -0.8286 -0.4654
vn -0.3958 -0.8286 -0.3958
vn -0.4654 -0.8286 -0.3110
vn -0.5172 -0.8286 -0.2142
vn -0.5490 -0.8286 -0.1092
vn -0.5598 -0.8286 0.0000
vn -0.5490 -0.8286 0.1092
vn -0.5172 -0.8286 0.2142
vn -0.4654 -0.8286 0.3110
vn -0.3958 -0.8286 0.3958
vn -0.3110 -0.8286 0.4654
vn -0.2142 -0.8286 0.5172
vn -0.1092 -0.8286 0.5490
vn 0.0000 -0.8286 0.5598
vn 0.1092 -0.8286 0.5490
vn 0.2142 -0.8286 0.5172
vn 0.3110 -0.8286 0.4654
vn 0.3958 -0.8286 0.3958
vn 0.4654 -0.8286 0.3110
vn 0.5172 -0.8286 0.2142
vn 0.5490 -0.8286 0.1092
vn 0.5598 -0.8286 -0.0000
vn 0.5490 -0.8286 -0.1092
vn 0.5172 -0.8286 -0.2142
vn 0.4654 -0.8286 -0.3110
vn 0.3958 -0.8286 -0.3958
vn 0.3110 -0.8286 -0.4654
vn 0.2142 -0.8286 -0.5172
vn 0.1092 -0.8286 -0.5490
vn -0.0000 -0.9217 -0.3879
vn -0.0757 -0.9217 -0.3804
vn -0.1484 -0.9217 -0.3584
vn -0.2155 -0.9217 -0.3225
vn -0.2743 -0.9217 -0.2743
vn -0.3225 -0.9217 -0.2155
vn -0.3584 -0.9217 -0.1484
vn -0.3804 -0.9217 -0.0757
vn -0.3879 -0.9217 0.0000
vn -0.3804 -0.9217 0.0757
vn -0.3584 -0.9217 0.1484
vn -0.3225 -0.9217 0.2155
vn -0.2743 -0.9217 0.2743
vn -0.2155 -0.9217 0.3225
vn -0.1484 -0.9217 0.3584
vn -0.0757 -0.9217 0.3804
vn 0.0000 -0.9217 0.3879
vn 0.0757 -0.9217 0.3804
vn 0.1484 -0.9217 0.3584
vn 0.2155 -0.9217 0.3225
vn 0.2743 -0.9217 0.2743
vn 0.3225 -0.9217 0.2155
vn 0.3584 -0.9217 0.1484
vn 0.3804 -0.9217 0.0757
vn 0.3879 -0.9217 -0.0000
vn 0.3804 -0.9217 -0.0757
vn 0.3584 -0.9217 -0.1484
vn 0.3225 -0.9217 -0.2155
vn 0.2743 -0.9217 -0.2743
vn 0.2155 -0.9217 -0.3225
vn 0.1484 -0.9217 -0.3584
vn 0.0757 -0.9217 -0.3804
vn -0.0000 -0.9796 -0.2010
vn -0.0392 -0.9796 -0.1971
vn -0.0769 -0.9796 -0.1857
vn -0.1117 -0.9796 -0.1671
vn -0.1421 -0.9796 -0.1421
vn -0.1671 -0.9796 -0.1117
vn -0.1857 -0.9796 -0.0769
vn -0.1971 -0.9796 -0.0392
vn -0.2010 -0.9796 0.0000
vn -0.1971 -0.9796 0.0392
vn -0.1857 -0.9796 0.0769
vn -0.1671 -0.9796 0.1117
vn -0.1421 -0.9796 0.1421
vn -0.1117 -0.9796 0.1671
vn -0.0769 -0.9796 0.1857
vn -0.0392 -0.9796 0.1971
vn 0.0000 -0.9796 0.2010
vn 0.0392 -0.9796 0.1971
vn 0.0769 -0.9796 0.1857
vn 0.1117 -0.9796 0.1671
vn 0.1421 -0.9796 0.1421
vn 0.1671 -0.9796 0.1117
vn 0.1857 -0.9796 0.0769
vn 0.1971 -0.9796 0.0392
vn 0.2010 -0.9796 -0.0000
vn 0.1971 -0.9796 -0.0392
vn 0.1857 -0.9796 -0.0769
vn 0.1671 -0.9796 -0.1117
vn 0.1421 -0.9796 -0.1421
vn 0.1117 -0.9796 -0.1671
vn 0.0769 -0.9796 -0.1857
vn 0.0392 -0.9796 -0.1971
vn -0.0000 -1.0000 -0.0000
# 482 vertex normals

vt 0.0000 1.0000 0.0000
vt 0.0000 0.9375 0.0000
vt 0.0313 0.9375 0.0000
vt 0.0313 1.0000 0.0000
vt 0.0625 0.9375 0.0000
vt 0.0625 1.0000 0.0000
vt 0.0938 0.9375 0.0000
vt 0.0938 1.0000 0.0000
vt 0.1250 0.9375 0.0000
vt 0.1250 1.0000 0.0000
vt 0.1563 0.9375 0.0000
vt 0.1563 1.0000 0.0000
vt 0.1875 0.9375 0.0000
vt 0.1875 1.0000 0.0000
vt 0.2187 0.9375 0.0000
vt 0.2187 1.0000 0.0000
vt 0.2500 0.9375 0.0000
vt 0.2500 1.0000 0.0000
vt 0.2812 0.9375 0.0000
vt 0.2812 1.0000 0.0000
vt 0.3125 0.9375 0.0000
vt 0.3125 1.0000 0.0000
vt 0.3437 0.9375 0.0000
vt 0.3437 1.0000 0.0000
vt 0.3750 0.9375 0.0000
vt 0.3750 1.0000 0.0000
vt 0.4063 0.9375 0.0000
vt 0.4063 1.0000 0.0000
vt 0.4375 0.9375 0.0000
vt 0.4375 1.0000 0.0000
vt 0.4688 0.9375 0.0000
vt 0.4688 1.0000 0.0000
vt 0.5000 0.9375 0.0000
vt 0.5000 1.0000 0.0000
vt 0.5313 0.9375 0.0000
vt 0.5313 1.0000 0.0000
vt 0.5625 0.9375 0.0000
vt 0.5625 1.0000 0.0000
vt 0.5938 0.9375 0.0000
vt 0.5938 1.0000 0.0000
vt 0.6250 0.9375 0.0000
vt 0.6250 1.0000 0.0000
vt 0.6563 0.9375 0.0000
vt 0.6563 1.0000 0.0000
vt 0.6875 0.9375 0.0000
vt 0.6875 1.0000 0.0000
vt 0.7188 0.9375 0.0000
vt 0.7188 1.0000 0.0000
vt 0.7500 0.9375 0.0000
vt 0.7500 1.0000 0.0000
vt 0.7813 0.9375 0.0000
vt 0.7813 1.0000 0.0000
vt 0.8125 0.9375 0.0000
vt 0.8125 1.0000 0.0000
vt 0.8438 0.9375 0.0000
vt 0.8438 1.0000 0.0000
vt 0.8750 0.9375 0.0000
vt 0.8750 1.0000 0.0000
vt 0.9063 0.9375 0.0000
vt 0.9063 1.0000 0.0000
vt 0.9375 0.9375 0.0000
vt 0.9375 1.0000 0.0000
vt 0.9688 0.9375 0.0000
vt 0.9688 1.0000 0.0000
vt 1.0000 0.9375 0.0000
vt 0.0000 0.8750 0.0000
vt 0.0313 0.8750 0.0000
vt 0.0625 0.8750 0.0000
vt 0.0938 0.8750 0.0000
vt 0.1250 0.8750 0.0000
vt 0.1563 0.8750 0.0000
vt 0.1875 0.8750 0.0000
vt 0.2187 0.8750 0.0000
vt 0.2500 0.8750 0.0000
vt 0.2812 0.8750 0.0000
vt 0.3125 0.8750 0.0000
vt 0.3437 0.8750 0.0000
vt 0.3750 0.8750 0.0000
vt 0.4063 0.8750 0.0000
vt 0.4375 0.8750 0.0000
vt 0.4688 0.8750 0.0000
vt 0.5000 0.8750 0.0000
vt 0.5313 0.8750 0.0000
vt 0.5625 0.8750 0.0000
vt 0.5938 0.8750 0.0000
vt 0.6250 0.8750 0.0000
vt 0.6563 0.8750 0.0000
vt 0.6875 0.8750 0.0000
vt 0.7188 0.8750 0.0000
vt 0.7500 0.8750 0.0000
vt 0.7813 0.8750 0.0000
vt 0.8125 0.8750 0.0000
vt 0.8438 0.8750 0.0000
vt 0.8750 0.8750 0.0000
vt 0.9063 0.8750 0.0000
vt 0.9375 0.8750 0.0000
vt 0.9688 0.8750 0.0000
vt 1.0000 0.8750 0.0000
vt 0.0000 0.8125 0.0000
vt 0.0313 0.8125 0.0000
vt 0.0625 0.8125 0.0000
vt 0.0938 0.8125 0.0000
vt 0.1250 0.8125 0.0000
vt 0.1563 0.8125 0.0000
vt 0.1875 0.8125 0.0000
vt 0.2187 0.8125 0.0000
vt 0.2500 0.8125 0.0000
vt 0.2812 0.8125 0.0000
vt 0.3125 0.8125 0.0000
vt 0.3437 0.8125 0.0000
vt 0.3750 0.8125 0.0000
vt 0.4063 0.8125 0.0000
vt 0.4375 0.8125 0.0000
vt 0.4688 0.8125 0.0000
vt 0.5000 0.8125 0.0000
vt 0.5313 0.8125 0.0000
vt 0.5625 0.8125 0.0000
vt 0.5938 0.8125 0.0000
vt 0.6250 0.8125 0.0000
vt 0.6563 0.8125 0.0000
vt 0.6875 0.8125 0.0000
vt 0.7188 0.8125 0.0000
vt 0.7500 0.8125 0.0000
vt 0.7813 0.8125 0.0000
vt 0.8125 0.8125 0.0000
vt 0.8438 0.8125 0.0000
vt 0.8750 0.8125 0.0000
vt 0.9063 0.8125 0.0000
vt 0.9375 0.8125 0.0000
vt 0.9688 0.8125 0.0000
vt 1.0000 0.8125 0.0000
vt 0.0000 0.7500 0.0000
vt 0.0313 0.7500 0.0000
vt 0.0625 0.7500 0.0000
vt 0.0938 0.7500 0.0000
vt 0.1250 0.7500 0.0000
vt 0.1563 0.7500 0.0000
vt 0.1875 0.7500 0.0000
vt 0.2187 0.7500 0.0000
vt 0.2500 0.7500 0.0000
vt 0.2812 0.7500 0.0000
vt 0.3125 0.7500 0.0000
vt 0.3437 0.7500 0.0000
vt 0.3750 0.7500 0.0000
vt 0.4063 0.7500 0.0000
vt 0.4375 0.7500 0.0000
vt 0.4688 0.7500 0.0000
vt 0.5000 0.7500 0.0000
vt 0.5313 0.7500 0.0000
vt 0.5625 0.7500 0.0000
vt 0.5938 0.7500 0.0000
vt 0.6250 0.7500 0.0000
vt 0.6563 0.7500 0.0000
vt 0.6875 0.7500 0.0000
vt 0.7188 0.7500 0.0000
vt 0.7500 0.7500 0.0000
vt 0.7813 0.7500 0.0000
vt 0.8125 0.7500 0.0000
vt 0.8438 0.7500 0.0000
vt 0.8750 0.7500 0.0000
vt 0.9063 0.7500 0.0000
vt 0.9375 0.7500 0.0000
vt 0.9688 0.7500 0.0000
vt 1.0000 0.7500 0.0000
vt 0.0000 0.6875 0.0000
vt 0.0313 0.6875 0.0000
vt 0.0625 0.6875 0.0000
vt 0.0938 0.6875 0.0000
vt 0.1250 0.6875 0.0000
vt 0.1563 0.6875 0.0000
vt 0.1875 0.6875 0.0000
vt 0.2187 0.6875 0.0000
vt 0.2500 0.6875 0.0000
vt 0.2812 0.6875 0.0000
vt 0.3125 0.6875 0.0000
vt 0.3437 0.6875 0.0000
vt 0.3750 0.6875 0.0000
vt 0.4063 0.6875 0.0000
vt 0.4375 0.6875 0.0000
vt 0.4688 0.6875 0.0000
vt 0.5000 0.6875 0.0000
vt 0.5313 0.6875 0.0000
vt 0.5625 0.6875 0.0000
vt 0.5938 0.6875 0.0000
vt 0.6250 0.6875 0.0000
vt 0.6563 0.6875 0.0000
vt 0.6875 0.6875 0.0000
vt 0.7188 0.6875 0.0000
vt 0.7500 0.6875 0.0000
vt 0.7813 0.6875 0.0000
vt 0.8125 0.6875 0.0000
vt 0.8438 0.6875 0.0000
vt 0.8750 0.6875 0.0000
vt 0.9063 0.6875 0.0000
vt 0.9375 0.6875 0.0000
vt 0.9688 0.6875 0.0000
vt 1.0000 0.6875 0.0000
vt 0.0000 0.6250 0.0000
vt 0.0313 0.6250 0.0000
vt 0.0625 0.6250 0.0000
vt 0.0938 0.6250 0.0000
vt 0.1250 0.6250 0.0000
vt 0.1563 0.6250 0.0000
vt 0.1875 0.6250 0.0000
vt 0.2187 0.6250 0.0000
vt 0.2500 0.6250 0.0000
vt 0.2812 0.6250 0.0000
vt 0.3125 0.6250 0.0000
vt 0.3437 0.6250 0.0000
vt 0.3750 0.6250 0.0000
vt 0.4063 0.6250 0.0000
vt 0.4375 0.6250 0.0000
vt 0.4688 0.6250 0.0000
vt 0.5000 0.6250 0.0000
vt 0.5313 0.6250 0.0000
vt 0.5625 0.6250 0.0000
vt 0.5938 0.6250 0.0000
vt 0.6250 0.6250 0.0000
vt 0.6563 0.6250 0.0000
vt 0.6875 0.6250 0.0000
vt 0.7188 0.6250 0.0000
vt 0.7500 0.6250 0.0000
vt 0.7813 0.6250 0.0000
vt 0.8125 0.6250 0.0000
vt 0.8438 0.6250 0.0000
vt 0.8750 0.6250 0.0000
vt 0.9063 0.6250 0.0000
vt 0.9375 0.6250 0.0000
vt 0.9688 0.6250 0.0000
vt 1.0000 0.6250 0.0000
vt 0.0000 0.5625 0.0000
vt 0.0313 0.5625 0.0000
vt 0.0625 0.5625 0.0000
vt 0.0938 0.5625 0.0000
vt 0.1250 0.5625 0.0000
vt 0.1563 0.5625 0.0000
vt 0.1875 0.5625 0.0000
vt 0.2187 0.5625 0.0000
vt 0.2500 0.5625 0.0000
vt 0.2812 0.5625 0.0000
vt 0.3125 0.5625 0.0000
vt 0.3437 0.5625 0.0000
vt 0.3750 0.5625 0.0000
vt 0.4063 0.5625 0.0000
vt 0.4375 0.5625 0.0000
vt 0.4688 0.5625 0.0000
vt 0.5000 0.5625 0.0000
vt 0.5313 0.5625 0.0000
vt 0.5625 0.5625 0.0000
vt 0.5938 0.5625 0.0000
vt 0.6250 0.5625 0.0000
vt 0.6563 0.5625 0.0000
vt 0.6875 0.5625 0.0000
vt 0.7188 0.5625 0.0000
vt 0.7500 0.5625 0.0000
vt 0.7813 0.5625 0.0000
vt 0.8125 0.5625 0.0000
vt 0.8438 0.5625 0.0000
vt 0.8750 0.5625 0.0000
vt 0.9063 0.5625 0.0000
vt 0.9375 0.5625 0.0000
vt 0.9688 0.5625 0.0000
vt 1.0000 0.5625 0.0000
vt 0.0000 0.5000 0.0000
vt 0.0313 0.5000 0.0000
vt 0.0625 0.5000 0.0000
vt 0.0938 0.5000 0.0000
vt 0.1250 0.5000 0.0000
vt 0.1563 0.5000 0.0000
vt 0.1875 0.5000 0.0000
vt 0.2187 0.5000 0.0000
vt 0.2500 0.5000 0.0000
vt 0.2812 0.5000 0.0000
vt 0.3125 0.5000 0.0000
vt 0.3437 0.5000 0.0000
vt 0.3750 0.5000 0.0000
vt 0.4063 0.5000 0.0000
vt 0.4375 0.5000 0.0000
vt 0.4688 0.5000 0.0000
vt 0.5000 0.5000 0.0000
vt 0.5313 0.5000 0.0000
vt 0.5625 0.5000 0.0000
vt 0.5938 0.5000 0.0000
vt 0.6250 0.5000 0.0000
vt 0.6563 0.5000 0.0000
vt 0.6875 0.5000 0.0000
vt 0.7188 0.5000 0.0000
vt 0.7500 0.5000 0.0000
vt 0.7813 0.5000 0.0000
vt 0.8125 0.5000 0.0000
vt 0.8438 0.5000 0.0000
vt 0.8750 0.5000 0.0000
vt 0.9063 0.5000 0.0000
vt 0.9375 0.5000 0.0000
vt 0.9688 0.5000 0.0000
vt 1.0000 0.5000 0.0000
vt 0.0000 0.4375 0.0000
vt 0.0313 0.4375 0.0000
vt 0.0625 0.4375 0.0000
vt 0.0938 0.4375 0.0000
vt 0.1250 0.4375 0.0000
vt 0.1563 0.4375 0.0000
vt 0.1875 0.4375 0.0000
vt 0.2187 0.4375 0.0000
vt 0.2500 0.4375 0.0000
vt 0.2812 0.4375 0.0000
vt 0.3125 0.4375 0.0000
vt 0.3437 0.4375 0.0000
vt 0.3750 0.4375 0.0000
vt 0.4063 0.4375 0.0000
vt 0.4375 0.4375 0.0000
vt 0.4688 0.4375 0.0000
vt 0.5000 0.4375 0.0000
vt 0.5313 0.4375 0.0000
vt 0.5625 0.4375 0.0000
vt 0.5938 0.4375 0.0000
vt 0.6250 0.4375 0.0000
vt 0.6563 0.4375 0.0000
vt 0.6875 0.4375 0.0000
vt 0.7188 0.4375 0.0000
vt 0.7500 0.4375 0.0000
vt 0.7813 0.4375 0.0000
vt 0.8125 0.4375 0.0000
vt 0.8438 0.4375 0.0000
vt 0.8750 0.4375 0.0000
vt 0.9063 0.4375 0.0000
vt 0.9375 0.4375 0.0000
vt 0.9688 0.4375 0.0000
vt 1.0000 0.4375 0.0000
vt 0.0000 0.3750 0.0000
vt 0.0313 0.3750 0.0000
vt 0.0625 0.3750 0.0000
vt 0.0938 0.3750 0.0000
vt 0.1250 0.3750 0.0000
vt 0.1563 0.3750 0.0000
vt 0.1875 0.3750 0.0000
vt 0.2187 0.3750 0.0000
vt 0.2500 0.3750 0.0000
vt 0.2812 0.3750 0.0000
vt 0.3125 0.3750 0.0000
vt 0.3437 0.3750 0.0000
vt 0.3750 0.3750 0.0000
vt 0.4063 0.3750 0.0000
vt 0.4375 0.3750 0.0000
vt 0.4688 0.3750 0.0000
vt 0.5000 0.3750 0.0000
vt 0.5313 0.3750 0.0000
vt 0.5625 0.3750 0.0000
vt 0.5938 0.3750 0.0000
vt 0.6250 0.3750 0.0000
vt 0.6563 0.3750 0.0000
vt 0.6875 0.3750 0.0000
vt 0.7188 0.3750 0.0000
vt 0.7500 0.3750 0.0000
vt 0.7813 0.3750 0.0000
vt 0.8125 0.3750 0.0000
vt 0.8438 0.3750 0.0000
vt 0.8750 0.3750 0.0000
vt 0.9063 0.3750 0.0000
vt 0.9375 0.3750 0.0000
vt 0.9688 0.3750 0.0000
vt 1.0000 0.3750 0.0000
vt 0.0000 0.3125 0.0000
vt 0.0313 0.3125 0.0000
vt 0.0625 0.3125 0.0000
vt 0.0938 0.3125 0.0000
vt 0.1250 0.3125 0.0000
vt 0.1563 0.3125 0.0000
vt 0.1875 0.3125 0.0000
vt 0.2187 0.3125 0.0000
vt 0.2500 0.3125 0.0000
vt 0.2812 0.3125 0.0000
vt 0.3125 0.3125 0.0000
vt 0.3437 0.3125 0.0000
vt 0.3750 0.3125 0.0000
vt 0.4063 0.3125 0.0000
vt 0.4375 0.3125 0.0000
vt 0.4688 0.3125 0.0000
vt 0.5000 0.3125 0.0000
vt 0.5313 0.3125 0.0000
vt 0.5625 0.3125 0.0000
vt 0.5938 0.3125 0.0000
vt 0.6250 0.3125 0.0000
vt 0.6563 0.3125 0.0000
vt 0.6875 0.3125 0.0000
vt 0.7188 0.3125 0.0000
vt 0.7500 0.3125 0.0000
vt 0.7813 0.3125 0.0000
vt 0.8125 0.3125 0.0000
vt 0.8438 0.3125 0.0000
vt 0.8750 0.3125 0.0000
vt 0.9063 0.3125 0.0000
vt 0.9375 0.3125 0.0000
vt 0.9688 0.3125 0.0000
vt 1.0000 0.3125 0.0000
vt 0.0000 0.2500 0.0000
vt 0.0313 0.2500 0.0000
vt 0.0625 0.2500 0.0000
vt 0.0938 0.2500 0.0000
vt 0.1250 0.2500 0.0000
vt 0.1563 0.2500 0.0000
vt 0.1875 0.2500 0.0000
vt 0.2187 0.2500 0.0000
vt 0.2500 0.2500 0.0000
vt 0.2812 0.2500 0.0000
vt 0.3125 0.2500 0.0000
vt 0.3437 0.2500 0.0000
vt 0.3750 0.2500 0.0000
vt 0.4063 0.2500 0.0000
vt 0.4375 0.2500 0.0000
vt 0.4688 0.2500 0.0000
vt 0.5000 0.2500 0.0000
vt 0.5313 0.2500 0.0000
vt 0.5625 0.2500 0.0000
vt 0.5938 0.2500 0.0000
vt 0.6250 0.2500 0.0000
vt 0.6563 0.2500 0.0000
vt 0.6875 0.2500 0.0000
vt 0.7188 0.2500 0.0000
vt 0.7500 0.2500 0.0000
vt 0.7813 0.2500 0.0000
vt 0.8125 0.2500 0.0000
vt 0.8438 0.2500 0.0000
vt 0.8750 0.2500 0.0000
vt 0.9063 0.2500 0.0000
vt 0.9375 0.2500 0.0000
vt 0.9688 0.2500 0.0000
vt 1.0000 0.2500 0.0000
vt 0.0000 0.1875 0.0000
vt 0.0313 0.1875 0.0000
vt 0.0625 0.1875 0.0000
vt 0.0938 0.1875 0.0000
vt 0.1250 0.1875 0.0000
vt 0.1563 0.1875 0.0000
vt 0.1875 0.1875 0.0000
vt 0.2187 0.1875 0.0000
vt 0.2500 0.1875 0.0000
vt 0.2812 0.1875 0.0000
vt 0.3125 0.1875 0.0000
vt 0.3437 0.1875 0.0000
vt 0.3750 0.1875 0.0000
vt 0.4063 0.1875 0.0000
vt 0.4375 0.1875 0.0000
vt 0.4688 0.1875 0.0000
vt 0.5000 0.1875 0.0000
vt 0.5313 0.1875 0.0000
vt 0.5625 0.1875 0.0000
vt 0.5938 0.1875 0.0000
vt 0.6250 0.1875 0.0000
vt 0.6563 0.1875 0.0000
vt 0.6875 0.1875 0.0000
vt 0.7188 0.1875 0.0000
vt 0.7500 0.1875 0.0000
vt 0.7813 0.1875 0.0000
vt 0.8125 0.1875 0.0000
vt 0.8438 0.1875 0.0000
vt 0.8750 0.1875 0.0000
vt 0.9063 0.1875 0.0000
vt 0.9375 0.1875 0.0000
vt 0.9688 0.1875 0.0000
vt 1.0000 0.1875 0.0000
vt 0.0000 0.1250 0.0000
vt 0.0313 0.1250 0.0000
vt 0.0625 0.1250 0.0000
vt 0.0938 0.1250 0.0000
vt 0.1250 0.1250 0.0000
vt 0.1563 0.1250 0.0000
vt 0.1875 0.1250 0.0000
vt 0.2187 0.1250 0.0000
vt 0.2500 0.1250 0.0000
vt 0.2812 0.1250 0.0000
vt 0.3125 0.1250 0.0000
vt 0.3437 0.1250 0.0000
vt 0.3750 0.1250 0.0000
vt 0.4063 0.1250 0.0000
vt 0.4375 0.1250 0.0000
vt 0.4688 0.1250 0.0000
vt 0.5000 0.1250 0.0000
vt 0.5313 0.1250 0.0000
vt 0.5625 0.1250 0.0000
vt 0.5938 0.1250 0.0000
vt 0.6250 0.1250 0.0000
vt 0.6563 0.1250 0.0000
vt 0.6875 0.1250 0.0000
vt 0.7188 0.1250 0.0000
vt 0.7500 0.1250 0.0000
vt 0.7813 0.1250 0.0000
vt 0.8125 0.1250 0.0000
vt 0.8438 0.1250 0.0000
vt 0.8750 0.1250 0.0000
vt 0.9063 0.1250 0.0000
vt 0.9375 0.1250 0.0000
vt 0.9688 0.1250 0.0000
vt 1.0000 0.1250 0.0000
vt 0.0000 0.0625 0.0000
vt 0.0313 0.0625 0.0000
vt 0.0625 0.0625 0.0000
vt 0.0938 0.0625 0.0000
vt 0.1250 0.0625 0.0000
vt 0.1563 0.0625 0.0000
vt 0.1875 0.0625 0.0000
vt 0.2187 0.0625 0.0000
vt 0.2500 0.0625 0.0000
vt 0.2812 0.0625 0.0000
vt 0.3125 0.0625 0.0000
vt 0.3437 0.0625 0.0000
vt 0.3750 0.0625 0.0000
vt 0.4063 0.0625 0.0000
vt 0.4375 0.0625 0.0000
vt 0.4688 0.0625 0.0000
vt 0.5000 0.0625 0.0000
vt 0.5313 0.0625 0.0000
vt 0.5625 0.0625 0.0000
vt 0.5938 0.0625 0.0000
vt 0.6250 0.0625 0.0000
vt 0.6563 0.0625 0.0000
vt 0.6875 0.0625 0.0000
vt 0.7188 0.0625 0.0000
vt 0.7500 0.0625 0.0000
vt 0.7813 0.0625 0.0000
vt 0.8125 0.0625 0.0000
vt 0.8438 0.0625 0.0000
vt 0.8750 0.0625 0.0000
vt 0.9063 0.0625 0.0000
vt 0.9375 0.0625 0.0000
vt 0.9688 0.0625 0.0000
vt 1.0000 0.0625 0.0000
vt 0.0000 -0.0000 0.0000
vt 0.0313 -0.0000 0.0000
vt 0.0625 -0.0000 0.0000
vt 0.0938 -0.0000 0.0000
vt 0.1250 -0.0000 0.0000
vt 0.1563 -0.0000 0.0000
vt 0.1875 -0.0000 0.0000
vt 0.2187 -0.0000 0.0000
vt 0.2500 -0.0000 0.0000
vt 0.2812 -0.0000 0.0000
vt 0.3125 -0.0000 0.0000
vt 0.3437 -0.0000 0.0000
vt 0.3750 -0.0000 0.0000
vt 0.4063 -0.0000 0.0000
vt 0.4375 -0.0000 0.0000
vt 0.4688 -0.0000 0.0000
vt 0.5000 -0.0000 0.0000
vt 0.5313 -0.0000 0.0000
vt 0.5625 -0.0000 0.0000
vt 0.5938 -0.0000 0.0000
vt 0.6250 -0.0000 0.0000
vt 0.6563 -0.0000 0.0000
vt 0.6875 -0.0000 0.0000
vt 0.7188 -0.0000 0.0000
vt 0.7500 -0.0000 0.0000
vt 0.7813 -0.0000 0.0000
vt 0.8125 -0.0000 0.0000
vt 0.8438 -0.0000 0.0000
vt 0.8750 -0.0000 0.0000
vt 0.9063 -0.0000 0.0000
vt 0.9375 -0.0000 0.0000
vt 0.9688 -0.0000 0.0000
# 559 texture coords

o Sphere001
g Sphere001
usemtl wire_000000000
s 1
f 473/511/230 474/512/231 475/513/232 
f 473/514/230 475/513/232 476/515/233 
f 473/516/230 476/515/233 477/517/234 
f 473/518/230 477/517/234 478/519/235 
f 473/520/230 478/519/235 479/521/236 
f 473/522/230 479/521/236 480/523/237 
f 473/524/230 480/523/237 481/525/238 
f 473/526/230 481/525/238 482/527/239 
f 473/528/230 482/527/239 483/529/240 
f 473/530/230 483/529/240 484/531/241 
f 473/532/230 484/531/241 485/533/242 
f 473/534/230 485/533/242 486/535/243 
f 473/536/230 486/535/243 487/537/244 
f 473/538/230 487/537/244 488/539/245 
f 473/540/230 488/539/245 489/541/246 
f 473/542/230 489/541/246 490/543/247 
f 473/544/230 490/543/247 491/545/248 
f 473/546/230 491/545/248 492/547/249 
f 473/548/230 492/547/249 493/549/250 
f 473/550/230 493/549/250 494/551/251 
f 473/552/230 494/551/251 495/553/252 
f 473/554/230 495/553/252 496/555/253 
f 473/556/230 496/555/253 497/557/254 
f 473/558/230 497/557/254 498/559/255 
f 473/560/230 498/559/255 499/561/256 
f 473/562/230 499/561/256 500/563/257 
f 473/564/230 500/563/257 501/565/258 
f 473/566/230 501/565/258 502/567/259 
f 473/568/230 502/567/259 503/569/260 
f 473/570/230 503/569/260 504/571/261 
f 473/572/230 504/571/261 505/573/262 
f 473/574/230 505/573/262 474/575/231 
f 474/512/231 506/576/263 507/577/264 475/513/232 
f 475/513/232 507/577/264 508/578/265 476/515/233 
f 476/515/233 508/578/265 509/579/266 477/517/234 
f 477/517/234 509/579/266 510/580/267 478/519/235 
f 478/519/235 510/580/267 511/581/268 479/521/236 
f 479/521/236 511/581/268 512/582/269 480/523/237 
f 480/523/237 512/582/269 513/583/270 481/525/238 
f 481/525/238 513/583/270 514/584/271 482/527/239 
f 482/527/239 514/584/271 515/585/272 483/529/240 
f 483/529/240 515/585/272 516/586/273 484/531/241 
f 484/531/241 516/586/273 517/587/274 485/533/242 
f 485/533/242 517/587/274 518/588/275 486/535/243 
f 486/535/243 518/588/275 519/589/276 487/537/244 
f 487/537/244 519/589/276 520/590/277 488/539/245 
f 488/539/245 520/590/277 521/591/278 489/541/246 
f 489/541/246 521/591/278 522/592/279 490/543/247 
f 490/543/247 522/592/279 523/593/280 491/545/248 
f 491/545/248 523/593/280 524/594/281 492/547/249 
f 492/547/249 524/594/281 525/595/282 493/549/250 
f 493/549/250 525/595/282 526/596/283 494/551/251 
f 494/551/251 526/596/283 527/597/284 495/553/252 
f 495/553/252 527/597/284 528/598/285 496/555/253 
f 496/555/253 528/598/285 529/599/286 497/557/254 
f 497/557/254 529/599/286 530/600/287 498/559/255 
f 498/559/255 530/600/287 531/601/288 499/561/256 
f 499/561/256 531/601/288 532/602/289 500/563/257 
f 500/563/257 532/602/289 533/603/290 501/565/258 
f 501/565/258 533/603/290 534/604/291 502/567/259 
f 502/567/259 534/604/291 535/605/292 503/569/260 
f 503/569/260 535/605/292 536/606/293 504/571/261 
f 504/571/261 536/606/293 537/607/294 505/573/262 
f 505/573/262 537/607/294 506/608/263 474/575/231 
f 506/576/263 538/609/295 539/610/296 507/577/264 
f 507/577/264 539/610/296 540/611/297 508/578/265 
f 508/578/265 540/611/297 541/612/298 509/579/266 
f 509/579/266 541/612/298 542/613/299 510/580/267 
f 510/580/267 542/613/299 543/614/300 511/581/268 
f 511/581/268 543/614/300 544/615/301 512/582/269 
f 512/582/269 544/615/301 545/616/302 513/583/270 
f 513/583/270 545/616/302 546/617/303 514/584/271 
f 514/584/271 546/617/303 547/618/304 515/585/272 
f 515/585/272 547/618/304 548/619/305 516/586/273 
f 516/586/273 548/619/305 549/620/306 517/587/274 
f 517/587/274 549/620/306 550/621/307 518/588/275 
f 518/588/275 550/621/307 551/622/308 519/589/276 
f 519/589/276 551/622/308 552/623/309 520/590/277 
f 520/590/277 552/623/309 553/624/310 521/591/278 
f 521/591/278 553/624/310 554/625/311 522/592/279 
f 522/592/279 554/625/311 555/626/312 523/593/280 
f 523/593/280 555/626/312 556/627/313 524/594/281 
f 524/594/281 556/627/313 557/628/314 525/595/282 
f 525/595/282 557/628/314 558/629/315 526/596/283 
f 526/596/283 558/629/315 559/630/316 527/597/284 
f 527/597/284 559/630/316 560/631/317 528/598/285 
f 528/598/285 560/631/317 561/632/318 529/599/286 
f 529/599/286 561/632/318 562/633/319 530/600/287 
f 530/600/287 562/633/319 563/634/320 531/601/288 
f 531/601/288 563/634/320 564/635/321 532/602/289 
f 532/602/289 564/635/321 565/636/322 533/603/290 
f 533/603/290 565/636/322 566/637/323 534/604/291 
f 534/604/291 566/637/323 567/638/324 535/605/292 
f 535/605/292 567/638/324 568/639/325 536/606/293 
f 536/606/293 568/639/325 569/640/326 537/607/294 
f 537/607/294 569/640/326 538/641/295 506/608/263 
f 538/609/295 570/642/327 571/643/328 539/610/296 
f 539/610/296 571/643/328 572/644/329 540/611/297 
f 540/611/297 572/644/329 573/645/330 541/612/298 
f 541/612/298 573/645/330 574/646/331 542/613/299 
f 542/613/299 574/646/331 575/647/332 543/614/300 
f 543/614/300 575/647/332 576/648/333 544/615/301 
f 544/615/301 576/648/333 577/649/334 545/616/302 
f 545/616/302 577/649/334 578/650/335 546/617/303 
f 546/617/303 578/650/335 579/651/336 547/618/304 
f 547/618/304 579/651/336 580/652/337 548/619/305 
f 548/619/305 580/652/337 581/653/338 549/620/306 
f 549/620/306 581/653/338 582/654/339 550/621/307 
f 550/621/307 582/654/339 583/655/340 551/622/308 
f 551/622/308 583/655/340 584/656/341 552/623/309 
f 552/623/309 584/656/341 585/657/342 553/624/310 
f 553/624/310 585/657/342 586/658/343 554/625/311 
f 554/625/311 586/658/343 587/659/344 555/626/312 
f 555/626/312 587/659/344 588/660/345 556/627/313 
f 556/627/313 588/660/345 589/661/346 557/628/314 
f 557/628/314 589/661/346 590/662/347 558/629/315 
f 558/629/315 590/662/347 591/663/348 559/630/316 
f 559/630/316 591/663/348 592/664/349 560/631/317 
f 560/631/317 592/664/349 593/665/350 561/632/318 
f 561/632/318 593/665/350 594/666/351 562/633/319 
f 562/633/319 594/666/351 595/667/352 563/634/320 
f 563/634/320 595/667/352 596/668/353 564/635/321 
f 564/635/321 596/668/353 597/669/354 565/636/322 
f 565/636/322 597/669/354 598/670/355 566/637/323 
f 566/637/323 598/670/355 599/671/356 567/638/324 
f 567/638/324 599/671/356 600/672/357 568/639/325 
f 568/639/325 600/672/357 601/673/358 569/640/326 
f 569/640/326 601/673/358 570/674/327 538/641/295 
f 570/642/327 602/675/359 603/676/360 571/643/328 
f 571/643/328 603/676/360 604/677/361 572/644/329 
f 572/644/329 604/677/361 605/678/362 573/645/330 
f 573/645/330 605/678/362 606/679/363 574/646/331 
f 574/646/331 606/679/363 607/680/364 575/647/332 
f 575/647/332 607/680/364 608/681/365 576/648/333 
f 576/648/333 608/681/365 609/682/366 577/649/334 
f 577/649/334 609/682/366 610/683/367 578/650/335 
f 578/650/335 610/683/367 611/684/368 579/651/336 
f 579/651/336 611/684/368 612/685/369 580/652/337 
f 580/652/337 612/685/369 613/686/370 581/653/338 
f 581/653/338 613/686/370 614/687/371 582/654/339 
f 582/654/339 614/687/371 615/688/372 583/655/340 
f 583/655/340 615/688/372 616/689/373 584/656/341 
f 584/656/341 616/689/373 617/690/374 585/657/342 
f 585/657/342 617/690/374 618/691/375 586/658/343 
f 586/658/343 618/691/375 619/692/376 587/659/344 
f 587/659/344 619/692/376 620/693/377 588/660/345 
f 588/660/345 620/693/377 621/694/378 589/661/346 
f 589/661/346 621/694/378 622/695/379 590/662/347 
f 590/662/347 622/695/379 623/696/380 591/663/348 
f 591/663/348 623/696/380 624/697/381 592/664/349 
f 592/664/349 624/697/381 625/698/382 593/665/350 
f 593/665/350 625/698/382 626/699/383 594/666/351 
f 594/666/351 626/699/383 627/700/384 595/667/352 
f 595/667/352 627/700/384 628/701/385 596/668/353 
f 596/668/353 628/701/385 629/702/386 597/669/354 
f 597/669/354 629/702/386 630/703/387 598/670/355 
f 598/670/355 630/703/387 631/704/388 599/671/356 
f 599/671/356 631/704/388 632/705/389 600/672/357 
f 600/672/357 632/705/389 633/706/390 601/673/358 
f 601/673/358 633/706/390 602/707/359 570/674/327 
f 602/675/359 634/708/391 635/709/392 603/676/360 
f 603/676/360 635/709/392 636/710/393 604/677/361 
f 604/677/361 636/710/393 637/711/394 605/678/362 
f 605/678/362 637/711/394 638/712/395 606/679/363 
f 606/679/363 638/712/395 639/713/396 607/680/364 
f 607/680/364 639/713/396 640/714/397 608/681/365 
f 608/681/365 640/714/397 641/715/398 609/682/366 
f 609/682/366 641/715/398 642/716/399 610/683/367 
f 610/683/367 642/716/399 643/717/400 611/684/368 
f 611/684/368 643/717/400 644/718/401 612/685/369 
f 612/685/369 644/718/401 645/719/402 613/686/370 
f 613/686/370 645/719/402 646/720/403 614/687/371 
f 614/687/371 646/720/403 647/721/404 615/688/372 
f 615/688/372 647/721/404 648/722/405 616/689/373 
f 616/689/373 648/722/405 649/723/406 617/690/374 
f 617/690/374 649/723/406 650/724/407 618/691/375 
f 618/691/375 650/724/407 651/725/408 619/692/376 
f 619/692/376 651/725/408 652/726/409 620/693/377 
f 620/693/377 652/726/409 653/727/410 621/694/378 
f 621/694/378 653/727/410 654/728/411 622/695/379 
f 622/695/379 654/728/411 655/729/412 623/696/380 
f 623/696/380 655/729/412 656/730/413 624/697/381 
f 624/697/381 656/730/413 657/731/414 625/698/382 
f 625/698/382 657/731/414 658/732/415 626/699/383 
f 626/699/383 658/732/415 659/733/416 627/700/384 
f 627/700/384 659/733/416 660/734/417 628/701/385 
f 628/701/385 660/734/417 661/735/418 629/702/386 
f 629/702/386 661/735/418 662/736/419 630/703/387 
f 630/703/387 662/736/419 663/737/420 631/704/388 
f 631/704/388 663/737/420 664/738/421 632/705/389 
f 632/705/389 664/738/421 665/739/422 633/706/390 
f 633/706/390 665/739/422 634/740/391 602/707/359 
f 634/708/391 666/741/423 667/742/424 635/709/392 
f 635/709/392 667/742/424 668/743/425 636/710/393 
f 636/710/393 668/743/425 669/744/426 637/711/394 
f 637/711/394 669/744/426 670/745/427 638/712/395 
f 638/712/395 670/745/427 671/746/428 639/713/396 
f 639/713/396 671/746/428 672/747/429 640/714/397 
f 640/714/397 672/747/429 673/748/430 641/715/398 
f 641/715/398 673/748/430 674/749/431 642/716/399 
f 642/716/399 674/749/431 675/750/432 643/717/400 
f 643/717/400 675/750/432 676/751/433 644/718/401 
f 644/718/401 676/751/433 677/752/434 645/719/402 
f 645/719/402 677/752/434 678/753/435 646/720/403 
f 646/720/403 678/753/435 679/754/436 647/721/404 
f 647/721/404 679/754/436 680/755/437 648/722/405 
f 648/722/405 680/755/437 681/756/438 649/723/406 
f 649/723/406 681/756/438 682/757/439 650/724/407 
f 650/724/407 682/757/439 683/758/440 651/725/408 
f 651/725/408 683/758/440 684/759/441 652/726/409 
f 652/726/409 684/759/441 685/760/442 653/727/410 
f 653/727/410 685/760/442 686/761/443 654/728/411 
f 654/728/411 686/761/443 687/762/444 655/729/412 
f 655/729/412 687/762/444 688/763/445 656/730/413 
f 656/730/413 688/763/445 689/764/446 657/731/414 
f 657/731/414 689/764/446 690/765/447 658/732/415 
f 658/732/415 690/765/447 691/766/448 659/733/416 
f 659/733/416 691/766/448 692/767/449 660/734/417 
f 660/734/417 692/767/449 693/768/450 661/735/418 
f 661/735/418 693/768/450 694/769/451 662/736/419 
f 662/736/419 694/769/451 695/770/452 663/737/420 
f 663/737/420 695/770/452 696/771/453 664/738/421 
f 664/738/421 696/771/453 697/772/454 665/739/422 
f 665/739/422 697/772/454 666/773/423 634/740/391 
f 666/741/423 698/774/455 699/775/456 667/742/424 
f 667/742/424 699/775/456 700/776/457 668/743/425 
f 668/743/425 700/776/457 701/777/458 669/744/426 
f 669/744/426 701/777/458 702/778/459 670/745/427 
f 670/745/427 702/778/459 703/779/460 671/746/428 
f 671/746/428 703/779/460 704/780/461 672/747/429 
f 672/747/429 704/780/461 705/781/462 673/748/430 
f 673/748/430 705/781/462 706/782/463 674/749/431 
f 674/749/431 706/782/463 707/783/464 675/750/432 
f 675/750/432 707/783/464 708/784/465 676/751/433 
f 676/751/433 708/784/465 709/785/466 677/752/434 
f 677/752/434 709/785/466 710/786/467 678/753/435 
f 678/753/435 710/786/467 711/787/468 679/754/436 
f 679/754/436 711/787/468 712/788/469 680/755/437 
f 680/755/437 712/788/469 713/789/470 681/756/438 
f 681/756/438 713/789/470 714/790/471 682/757/439 
f 682/757/439 714/790/471 715/791/472 683/758/440 
f 683/758/440 715/791/472 716/792/473 684/759/441 
f 684/759/441 716/792/473 717/793/474 685/760/442 
f 685/760/442 717/793/474 718/794/475 686/761/443 
f 686/761/443 718/794/475 719/795/476 687/762/444 
f 687/762/444 719/795/476 720/796/477 688/763/445 
f 688/763/445 720/796/477 721/797/478 689/764/446 
f 689/764/446 721/797/478 722/798/479 690/765/447 
f 690/765/447 722/798/479 723/799/480 691/766/448 
f 691/766/448 723/799/480 724/800/481 692/767/449 
f 692/767/449 724/800/481 725/801/482 693/768/450 
f 693/768/450 725/801/482 726/802/483 694/769/451 
f 694/769/451 726/802/483 727/803/484 695/770/452 
f 695/770/452 727/803/484 728/804/485 696/771/453 
f 696/771/453 728/804/485 729/805/486 697/772/454 
f 697/772/454 729/805/486 698/806/455 666/773/423 
f 698/774/455 730/807/487 731/808/488 699/775/456 
f 699/775/456 731/808/488 732/809/489 700/776/457 
f 700/776/457 732/809/489 733/810/490 701/777/458 
f 701/777/458 733/810/490 734/811/491 702/778/459 
f 702/778/459 734/811/491 735/812/492 703/779/460 
f 703/779/460 735/812/492 736/813/493 704/780/461 
f 704/780/461 736/813/493 737/814/494 705/781/462 
f 705/781/462 737/814/494 738/815/495 706/782/463 
f 706/782/463 738/815/495 739/816/496 707/783/464 
f 707/783/464 739/816/496 740/817/497 708/784/465 
f 708/784/465 740/817/497 741/818/498 709/785/466 
f 709/785/466 741/818/498 742/819/499 710/786/467 
f 710/786/467 742/819/499 743/820/500 711/787/468 
f 711/787/468 743/820/500 744/821/501 712/788/469 
f 712/788/469 744/821/501 745/822/502 713/789/470 
f 713/789/470 745/822/502 746/823/503 714/790/471 
f 714/790/471 746/823/503 747/824/504 715/791/472 
f 715/791/472 747/824/504 748/825/505 716/792/473 
f 716/792/473 748/825/505 749/826/506 717/793/474 
f 717/793/474 749/826/506 750/827/507 718/794/475 
f 718/794/475 750/827/507 751/828/508 719/795/476 
f 719/795/476 751/828/508 752/829/509 720/796/477 
f 720/796/477 752/829/509 753/830/510 721/797/478 
f 721/797/478 753/830/510 754/831/511 722/798/479 
f 722/798/479 754/831/511 755/832/512 723/799/480 
f 723/799/480 755/832/512 756/833/513 724/800/481 
f 724/800/481 756/833/513 757/834/514 725/801/482 
f 725/801/482 757/834/514 758/835/515 726/802/483 
f 726/802/483 758/835/515 759/836/516 727/803/484 
f 727/803/484 759/836/516 760/837/517 728/804/485 
f 728/804/485 760/837/517 761/838/518 729/805/486 
f 729/805/486 761/838/518 730/839/487 698/806/455 
f 730/807/487 762/840/519 763/841/520 731/808/488 
f 731/808/488 763/841/520 764/842/521 732/809/489 
f 732/809/489 764/842/521 765/843/522 733/810/490 
f 733/810/490 765/843/522 766/844/523 734/811/491 
f 734/811/491 766/844/523 767/845/524 735/812/492 
f 735/812/492 767/845/524 768/846/525 736/813/493 
f 736/813/493 768/846/525 769/847/526 737/814/494 
f 737/814/494 769/847/526 770/848/527 738/815/495 
f 738/815/495 770/848/527 771/849/528 739/816/496 
f 739/816/496 771/849/528 772/850/529 740/817/497 
f 740/817/497 772/850/529 773/851/530 741/818/498 
f 741/818/498 773/851/530 774/852/531 742/819/499 
f 742/819/499 774/852/531 775/853/532 743/820/500 
f 743/820/500 775/853/532 776/854/533 744/821/501 
f 744/821/501 776/854/533 777/855/534 745/822/502 
f 745/822/502 777/855/534 778/856/535 746/823/503 
f 746/823/503 778/856/535 779/857/536 747/824/504 
f 747/824/504 779/857/536 780/858/537 748/825/505 
f 748/825/505 780/858/537 781/859/538 749/826/506 
f 749/826/506 781/859/538 782/860/539 750/827/507 
f 750/827/507 782/860/539 783/861/540 751/828/508 
f 751/828/508 783/861/540 784/862/541 752/829/509 
f 752/829/509 784/862/541 785/863/542 753/830/510 
f 753/830/510 785/863/542 786/864/543 754/831/511 
f 754/831/511 786/864/543 787/865/544 755/832/512 
f 755/832/512 787/865/544 788/866/545 756/833/513 
f 756/833/513 788/866/545 789/867/546 757/834/514 
f 757/834/514 789/867/546 790/868/547 758/835/515 
f 758/835/515 790/868/547 791/869/548 759/836/516 
f 759/836/516 791/869/548 792/870/549 760/837/517 
f 760/837/517 792/870/549 793/871/550 761/838/518 
f 761/838/518 793/871/550 762/872/519 730/839/487 
f 762/840/519 794/873/551 795/874/552 763/841/520 
f 763/841/520 795/874/552 796/875/553 764/842/521 
f 764/842/521 796/875/553 797/876/554 765/843/522 
f 765/843/522 797/876/554 798/877/555 766/844/523 
f 766/844/523 798/877/555 799/878/556 767/845/524 
f 767/845/524 799/878/556 800/879/557 768/846/525 
f 768/846/525 800/879/557 801/880/558 769/847/526 
f 769/847/526 801/880/558 802/881/559 770/848/527 
f 770/848/527 802/881/559 803/882/560 771/849/528 
f 771/849/528 803/882/560 804/883/561 772/850/529 
f 772/850/529 804/883/561 805/884/562 773/851/530 
f 773/851/530 805/884/562 806/885/563 774/852/531 
f 774/852/531 806/885/563 807/886/564 775/853/532 
f 775/853/532 807/886/564 808/887/565 776/854/533 
f 776/854/533 808/887/565 809/888/566 777/855/534 
f 777/855/534 809/888/566 810/889/567 778/856/535 
f 778/856/535 810/889/567 811/890/568 779/857/536 
f 779/857/536 811/890/568 812/891/569 780/858/537 
f 780/858/537 812/891/569 813/892/570 781/859/538 
f 781/859/538 813/892/570 814/893/571 782/860/539 
f 782/860/539 814/893/571 815/894/572 783/861/540 
f 783/861/540 815/894/572 816/895/573 784/862/541 
f 784/862/541 816/895/573 817/896/574 785/863/542 
f 785/863/542 817/896/574 818/897/575 786/864/543 
f 786/864/543 818/897/575 819/898/576 787/865/544 
f 787/865/544 819/898/576 820/899/577 788/866/545 
f 788/866/545 820/899/577 821/900/578 789/867/546 
f 789/867/546 821/900/578 822/901/579 790/868/547 
f 790/868/547 822/901/579 823/902/580 791/869/548 
f 791/869/548 823/902/580 824/903/581 792/870/549 
f 792/870/549 824/903/581 825/904/582 793/871/550 
f 793/871/550 825/904/582 794/905/551 762/872/519 
f 794/873/551 826/906/583 827/907/584 795/874/552 
f 795/874/552 827/907/584 828/908/585 796/875/553 
f 796/875/553 828/908/585 829/909/586 797/876/554 
f 797/876/554 829/909/586 830/910/587 798/877/555 
f 798/877/555 830/910/587 831/911/588 799/878/556 
f 799/878/556 831/911/588 832/912/589 800/879/557 
f 800/879/557 832/912/589 833/913/590 801/880/558 
f 801/880/558 833/913/590 834/914/591 802/881/559 
f 802/881/559 834/914/591 835/915/592 803/882/560 
f 803/882/560 835/915/592 836/916/593 804/883/561 
f 804/883/561 836/916/593 837/917/594 805/884/562 
f 805/884/562 837/917/594 838/918/595 806/885/563 
f 806/885/563 838/918/595 839/919/596 807/886/564 
f 807/886/564 839/919/596 840/920/597 808/887/565 
f 808/887/565 840/920/597 841/921/598 809/888/566 
f 809/888/566 841/921/598 842/922/599 810/889/567 
f 810/889/567 842/922/599 843/923/600 811/890/568 
f 811/890/568 843/923/600 844/924/601 812/891/569 
f 812/891/569 844/924/601 845/925/602 813/892/570 
f 813/892/570 845/925/602 846/926/603 814/893/571 
f 814/893/571 846/926/603 847/927/604 815/894/572 
f 815/894/572 847/927/604 848/928/605 816/895/573 
f 816/895/573 848/928/605 849/929/606 817/896/574 
f 817/896/574 849/929/606 850/930/607 818/897/575 
f 818/897/575 850/930/607 851/931/608 819/898/576 
f 819/898/576 851/931/608 852/932/609 820/899/577 
f 820/899/577 852/932/609 853/933/610 821/900/578 
f 821/900/578 853/933/610 854/934/611 822/901/579 
f 822/901/579 854/934/611 855/935/612 823/902/580 
f 823/902/580 855/935/612 856/936/613 824/903/581 
f 824/903/581 856/936/613 857/937/614 825/904/582 
f 825/904/582 857/937/614 826/938/583 794/905/551 
f 826/906/583 858/939/615 859/940/616 827/907/584 
f 827/907/584 859/940/616 860/941/617 828/908/585 
f 828/908/585 860/941/617 861/942/618 829/909/586 
f 829/909/586 861/942/618 862/943/619 830/910/587 
f 830/910/587 862/943/619 863/944/620 831/911/588 
f 831/911/588 863/944/620 864/945/621 832/912/589 
f 832/912/589 864/945/621 865/946/622 833/913/590 
f 833/913/590 865/946/622 866/947/623 834/914/591 
f 834/914/591 866/947/623 867/948/624 835/915/592 
f 835/915/592 867/948/624 868/949/625 836/916/593 
f 836/916/593 868/949/625 869/950/626 837/917/594 
f 837/917/594 869/950/626 870/951/627 838/918/595 
f 838/918/595 870/951/627 871/952/628 839/919/596 
f 839/919/596 871/952/628 872/953/629 840/920/597 
f 840/920/597 872/953/629 873/954/630 841/921/598 
f 841/921/598 873/954/630 874/955/631 842/922/599 
f 842/922/599 874/955/631 875/956/632 843/923/600 
f 843/923/600 875/956/632 876/957/633 844/924/601 
f 844/924/601 876/957/633 877/958/634 845/925/602 
f 845/925/602 877/958/634 878/959/635 846/926/603 
f 846/926/603 878/959/635 879/960/636 847/927/604 
f 847/927/604 879/960/636 880/961/637 848/928/605 
f 848/928/605 880/961/637 881/962/638 849/929/606 
f 849/929/606 881/962/638 882/963/639 850/930/607 
f 850/930/607 882/963/639 883/964/640 851/931/608 
f 851/931/608 883/964/640 884/965/641 852/932/609 
f 852/932/609 884/965/641 885/966/642 853/933/610 
f 853/933/610 885/966/642 886/967/643 854/934/611 
f 854/934/611 886/967/643 887/968/644 855/935/612 
f 855/935/612 887/968/644 888/969/645 856/936/613 
f 856/936/613 888/969/645 889/970/646 857/937/614 
f 857/937/614 889/970/646 858/971/615 826/938/583 
f 858/939/615 890/972/647 891/973/648 859/940/616 
f 859/940/616 891/973/648 892/974/649 860/941/617 
f 860/941/617 892/974/649 893/975/650 861/942/618 
f 861/942/618 893/975/650 894/976/651 862/943/619 
f 862/943/619 894/976/651 895/977/652 863/944/620 
f 863/944/620 895/977/652 896/978/653 864/945/621 
f 864/945/621 896/978/653 897/979/654 865/946/622 
f 865/946/622 897/979/654 898/980/655 866/947/623 
f 866/947/623 898/980/655 899/981/656 867/948/624 
f 867/948/624 899/981/656 900/982/657 868/949/625 
f 868/949/625 900/982/657 901/983/658 869/950/626 
f 869/950/626 901/983/658 902/984/659 870/951/627 
f 870/951/627 902/984/659 903/985/660 871/952/628 
f 871/952/628 903/985/660 904/986/661 872/953/629 
f 872/953/629 904/986/661 905/987/662 873/954/630 
f 873/954/630 905/987/662 906/988/663 874/955/631 
f 874/955/631 906/988/663 907/989/664 875/956/632 
f 875/956/632 907/989/664 908/990/665 876/957/633 
f 876/957/633 908/990/665 909/991/666 877/958/634 
f 877/958/634 909/991/666 910/992/667 878/959/635 
f 878/959/635 910/992/667 911/993/668 879/960/636 
f 879/960/636 911/993/668 912/994/669 880/961/637 
f 880/961/637 912/994/669 913/995/670 881/962/638 
f 881/962/638 913/995/670 914/996/671 882/963/639 
f 882/963/639 914/996/671 915/997/672 883/964/640 
f 883/964/640 915/997/672 916/998/673 884/965/641 
f 884/965/641 916/998/673 917/999/674 885/966/642 
f 885/966/642 917/999/674 918/1000/675 886/967/643 
f 886/967/643 918/1000/675 919/1001/676 887/968/644 
f 887/968/644 919/1001/676 920/1002/677 888/969/645 
f 888/969/645 920/1002/677 921/1003/678 889/970/646 
f 889/970/646 921/1003/678 890/1004/647 858/971/615 
f 890/972/647 922/1005/679 923/1006/680 891/973/648 
f 891/973/648 923/1006/680 924/1007/681 892/974/649 
f 892/974/649 924/1007/681 925/1008/682 893/975/650 
f 893/975/650 925/1008/682 926/1009/683 894/976/651 
f 894/976/651 926/1009/683 927/1010/684 895/977/652 
f 895/977/652 927/1010/684 928/1011/685 896/978/653 
f 896/978/653 928/1011/685 929/1012/686 897/979/654 
f 897/979/654 929/1012/686 930/1013/687 898/980/655 
f 898/980/655 930/1013/687 931/1014/688 899/981/656 
f 899/981/656 931/1014/688 932/1015/689 900/982/657 
f 900/982/657 932/1015/689 933/1016/690 901/983/658 
f 901/983/658 933/1016/690 934/1017/691 902/984/659 
f 902/984/659 934/1017/691 935/1018/692 903/985/660 
f 903/985/660 935/1018/692 936/1019/693 904/986/661 
f 904/986/661 936/1019/693 937/1020/694 905/987/662 
f 905/987/662 937/1020/694 938/1021/695 906/988/663 
f 906/988/663 938/1021/695 939/1022/696 907/989/664 
f 907/989/664 939/1022/696 940/1023/697 908/990/665 
f 908/990/665 940/1023/697 941/1024/698 909/991/666 
f 909/991/666 941/1024/698 942/1025/699 910/992/667 
f 910/992/667 942/1025/699 943/1026/700 911/993/668 
f 911/993/668 943/1026/700 944/1027/701 912/994/669 
f 912/994/669 944/1027/701 945/1028/702 913/995/670 
f 913/995/670 945/1028/702 946/1029/703 914/996/671 
f 914/996/671 946/1029/703 947/1030/704 915/997/672 
f 915/997/672 947/1030/704 948/1031/705 916/998/673 
f 916/998/673 948/1031/705 949/1032/706 917/999/674 
f 917/999/674 949/1032/706 950/1033/707 918/1000/675 
f 918/1000/675 950/1033/707 951/1034/708 919/1001/676 
f 919/1001/676 951/1034/708 952/1035/709 920/1002/677 
f 920/1002/677 952/1035/709 953/1036/710 921/1003/678 
f 921/1003/678 953/1036/710 922/1037/679 890/1004/647 
f 954/1038/711 923/1006/680 922/1005/679 
f 954/1039/711 924/1007/681 923/1006/680 
f 954/1040/711 925/1008/682 924/1007/681 
f 954/1041/711 926/1009/683 925/1008/682 
f 954/1042/711 927/1010/684 926/1009/683 
f 954/1043/711 928/1011/685 927/1010/684 
f 954/1044/711 929/1012/686 928/1011/685 
f 954/1045/711 930/1013/687 929/1012/686 
f 954/1046/711 931/1014/688 930/1013/687 
f 954/1047/711 932/1015/689 931/1014/688 
f 954/1048/711 933/1016/690 932/1015/689 
f 954/1049/711 934/1017/691 933/1016/690 
f 954/1050/711 935/1018/692 934/1017/691 
f 954/1051/711 936/1019/693 935/1018/692 
f 954/1052/711 937/1020/694 936/1019/693 
f 954/1053/711 938/1021/695 937/1020/694 
f 954/1054/711 939/1022/696 938/1021/695 
f 954/1055/711 940/1023/697 939/1022/696 
f 954/1056/711 941/1024/698 940/1023/697 
f 954/1057/711 942/1025/699 941/1024/698 
f 954/1058/711 943/1026/700 942/1025/699 
f 954/1059/711 944/1027/701 943/1026/700 
f 954/1060/711 945/1028/702 944/1027/701 
f 954/1061/711 946/1029/703 945/1028/702 
f 954/1062/711 947/1030/704 946/1029/703 
f 954/1063/711 948/1031/705 947/1030/704 
f 954/1064/711 949/1032/706 948/1031/705 
f 954/1065/711 950/1033/707 949/1032/706 
f 954/1066/711 951/1034/708 950/1033/707 
f 954/1067/711 952/1035/709 951/1034/708 
f 954/1068/711 953/1036/710 952/1035/709 
f 954/1069/711 922/1037/679 953/1036/710 
# 448 polygons - 64 triangles

#
# object Sphere002
#

v  0.0000 225.1157 -0.0000
v  -0.0000 224.6331 -4.8998
v  -0.9559 224.6331 -4.8057
v  -1.8751 224.6331 -4.5268
v  -2.7222 224.6331 -4.0741
v  -3.4647 224.6331 -3.4647
v  -4.0741 224.6331 -2.7222
v  -4.5268 224.6331 -1.8751
v  -4.8057 224.6331 -0.9559
v  -4.8998 224.6331 0.0000
v  -4.8057 224.6331 0.9559
v  -4.5268 224.6331 1.8751
v  -4.0741 224.6331 2.7222
v  -3.4647 224.6331 3.4647
v  -2.7222 224.6331 4.0741
v  -1.8751 224.6331 4.5269
v  -0.9559 224.6331 4.8057
v  0.0000 224.6331 4.8998
v  0.9559 224.6331 4.8057
v  1.8751 224.6331 4.5268
v  2.7222 224.6331 4.0741
v  3.4647 224.6331 3.4647
v  4.0741 224.6331 2.7222
v  4.5269 224.6331 1.8751
v  4.8057 224.6331 0.9559
v  4.8998 224.6331 -0.0000
v  4.8057 224.6331 -0.9559
v  4.5268 224.6331 -1.8751
v  4.0741 224.6331 -2.7222
v  3.4647 224.6331 -3.4647
v  2.7222 224.6331 -4.0741
v  1.8751 224.6331 -4.5269
v  0.9559 224.6331 -4.8057
v  -0.0000 223.2039 -9.6114
v  -1.8751 223.2039 -9.4267
v  -3.6781 223.2039 -8.8797
v  -5.3398 223.2039 -7.9915
v  -6.7963 223.2039 -6.7963
v  -7.9915 223.2039 -5.3398
v  -8.8797 223.2039 -3.6781
v  -9.4267 223.2039 -1.8751
v  -9.6114 223.2039 0.0000
v  -9.4267 223.2039 1.8751
v  -8.8797 223.2039 3.6781
v  -7.9915 223.2039 5.3398
v  -6.7962 223.2039 6.7963
v  -5.3398 223.2039 7.9916
v  -3.6781 223.2039 8.8797
v  -1.8751 223.2039 9.4267
v  0.0000 223.2039 9.6114
v  1.8751 223.2039 9.4267
v  3.6781 223.2039 8.8797
v  5.3398 223.2039 7.9915
v  6.7963 223.2039 6.7962
v  7.9916 223.2039 5.3398
v  8.8797 223.2039 3.6781
v  9.4267 223.2039 1.8751
v  9.6114 223.2039 -0.0000
v  9.4267 223.2039 -1.8751
v  8.8797 223.2039 -3.6781
v  7.9915 223.2039 -5.3398
v  6.7962 223.2039 -6.7963
v  5.3398 223.2039 -7.9916
v  3.6781 223.2039 -8.8797
v  1.8751 223.2039 -9.4267
v  -0.0000 220.8829 -13.9535
v  -2.7222 220.8829 -13.6854
v  -5.3398 220.8829 -12.8914
v  -7.7522 220.8829 -11.6019
v  -9.8666 220.8829 -9.8666
v  -11.6019 220.8829 -7.7522
v  -12.8914 220.8829 -5.3398
v  -13.6854 220.8829 -2.7222
v  -13.9535 220.8829 0.0000
v  -13.6854 220.8829 2.7222
v  -12.8914 220.8829 5.3398
v  -11.6019 220.8829 7.7522
v  -9.8666 220.8829 9.8666
v  -7.7522 220.8829 11.6019
v  -5.3398 220.8829 12.8914
v  -2.7222 220.8829 13.6854
v  0.0000 220.8829 13.9535
v  2.7222 220.8829 13.6854
v  5.3398 220.8829 12.8914
v  7.7522 220.8829 11.6019
v  9.8666 220.8829 9.8666
v  11.6019 220.8829 7.7521
v  12.8914 220.8829 5.3398
v  13.6854 220.8829 2.7222
v  13.9535 220.8829 -0.0000
v  13.6854 220.8829 -2.7222
v  12.8914 220.8829 -5.3398
v  11.6019 220.8829 -7.7522
v  9.8666 220.8829 -9.8666
v  7.7521 220.8829 -11.6019
v  5.3398 220.8829 -12.8914
v  2.7222 220.8829 -13.6854
v  -0.0000 217.7595 -17.7595
v  -3.4647 217.7595 -17.4182
v  -6.7963 217.7595 -16.4076
v  -9.8666 217.7595 -14.7665
v  -12.5578 217.7595 -12.5578
v  -14.7665 217.7595 -9.8666
v  -16.4076 217.7595 -6.7962
v  -17.4182 217.7595 -3.4647
v  -17.7595 217.7595 0.0000
v  -17.4182 217.7595 3.4647
v  -16.4076 217.7595 6.7963
v  -14.7664 217.7595 9.8666
v  -12.5578 217.7595 12.5578
v  -9.8666 217.7595 14.7665
v  -6.7962 217.7595 16.4076
v  -3.4647 217.7595 17.4182
v  0.0000 217.7595 17.7595
v  3.4647 217.7595 17.4182
v  6.7963 217.7595 16.4076
v  9.8666 217.7595 14.7664
v  12.5579 217.7595 12.5578
v  14.7665 217.7595 9.8666
v  16.4076 217.7595 6.7962
v  17.4182 217.7595 3.4647
v  17.7595 217.7595 -0.0000
v  17.4182 217.7595 -3.4647
v  16.4076 217.7595 -6.7963
v  14.7664 217.7595 -9.8667
v  12.5578 217.7595 -12.5579
v  9.8666 217.7595 -14.7665
v  6.7962 217.7595 -16.4076
v  3.4647 217.7595 -17.4182
v  -0.0000 213.9535 -20.8829
v  -4.0741 213.9535 -20.4817
v  -7.9915 213.9535 -19.2933
v  -11.6019 213.9535 -17.3635
v  -14.7665 213.9535 -14.7665
v  -17.3635 213.9535 -11.6019
v  -19.2933 213.9535 -7.9915
v  -20.4817 213.9535 -4.0741
v  -20.8829 213.9535 0.0000
v  -20.4817 213.9535 4.0741
v  -19.2933 213.9535 7.9916
v  -17.3635 213.9535 11.6019
v  -14.7664 213.9535 14.7665
v  -11.6019 213.9535 17.3635
v  -7.9915 213.9535 19.2933
v  -4.0740 213.9535 20.4817
v  0.0000 213.9535 20.8829
v  4.0741 213.9535 20.4817
v  7.9916 213.9535 19.2933
v  11.6020 213.9535 17.3635
v  14.7665 213.9535 14.7664
v  17.3635 213.9535 11.6019
v  19.2933 213.9535 7.9915
v  20.4817 213.9535 4.0740
v  20.8829 213.9535 -0.0000
v  20.4817 213.9535 -4.0741
v  19.2933 213.9535 -7.9916
v  17.3635 213.9535 -11.6020
v  14.7664 213.9535 -14.7665
v  11.6019 213.9535 -17.3635
v  7.9915 213.9535 -19.2933
v  4.0740 213.9535 -20.4817
v  -0.0000 209.6114 -23.2039
v  -4.5268 209.6114 -22.7580
v  -8.8797 209.6114 -21.4376
v  -12.8914 209.6114 -19.2933
v  -16.4076 209.6114 -16.4076
v  -19.2933 209.6114 -12.8914
v  -21.4376 209.6114 -8.8797
v  -22.7580 209.6114 -4.5268
v  -23.2039 209.6114 0.0000
v  -22.7580 209.6114 4.5269
v  -21.4376 209.6114 8.8797
v  -19.2933 209.6114 12.8914
v  -16.4076 209.6114 16.4076
v  -12.8914 209.6114 19.2933
v  -8.8797 209.6114 21.4376
v  -4.5268 209.6114 22.7580
v  0.0000 209.6114 23.2039
v  4.5269 209.6114 22.7580
v  8.8798 209.6114 21.4376
v  12.8914 209.6114 19.2933
v  16.4076 209.6114 16.4076
v  19.2933 209.6114 12.8913
v  21.4376 209.6114 8.8797
v  22.7580 209.6114 4.5268
v  23.2039 209.6114 -0.0000
v  22.7580 209.6114 -4.5269
v  21.4376 209.6114 -8.8798
v  19.2933 209.6114 -12.8914
v  16.4076 209.6114 -16.4076
v  12.8913 209.6114 -19.2933
v  8.8797 209.6114 -21.4376
v  4.5268 209.6114 -22.7580
v  -0.0000 204.8998 -24.6331
v  -4.8057 204.8998 -24.1598
v  -9.4267 204.8998 -22.7580
v  -13.6854 204.8998 -20.4817
v  -17.4182 204.8998 -17.4182
v  -20.4817 204.8998 -13.6854
v  -22.7580 204.8998 -9.4267
v  -24.1598 204.8998 -4.8057
v  -24.6331 204.8998 0.0000
v  -24.1598 204.8998 4.8057
v  -22.7580 204.8998 9.4267
v  -20.4817 204.8998 13.6854
v  -17.4182 204.8998 17.4182
v  -13.6854 204.8998 20.4817
v  -9.4267 204.8998 22.7580
v  -4.8057 204.8998 24.1598
v  0.0000 204.8998 24.6331
v  4.8057 204.8998 24.1598
v  9.4267 204.8998 22.7580
v  13.6854 204.8998 20.4816
v  17.4182 204.8998 17.4182
v  20.4817 204.8998 13.6854
v  22.7580 204.8998 9.4266
v  24.1598 204.8998 4.8056
v  24.6331 204.8998 -0.0000
v  24.1598 204.8998 -4.8057
v  22.7580 204.8998 -9.4267
v  20.4816 204.8998 -13.6854
v  17.4182 204.8998 -17.4183
v  13.6854 204.8998 -20.4817
v  9.4266 204.8998 -22.7580
v  4.8056 204.8998 -24.1598
v  -0.0000 200.0000 -25.1157
v  -4.8998 200.0000 -24.6331
v  -9.6114 200.0000 -23.2039
v  -13.9535 200.0000 -20.8829
v  -17.7595 200.0000 -17.7595
v  -20.8829 200.0000 -13.9535
v  -23.2039 200.0000 -9.6113
v  -24.6331 200.0000 -4.8998
v  -25.1157 200.0000 0.0000
v  -24.6331 200.0000 4.8998
v  -23.2039 200.0000 9.6114
v  -20.8829 200.0000 13.9535
v  -17.7595 200.0000 17.7595
v  -13.9535 200.0000 20.8829
v  -9.6113 200.0000 23.2039
v  -4.8998 200.0000 24.6331
v  0.0000 200.0000 25.1157
v  4.8999 200.0000 24.6331
v  9.6114 200.0000 23.2038
v  13.9535 200.0000 20.8829
v  17.7595 200.0000 17.7594
v  20.8829 200.0000 13.9535
v  23.2039 200.0000 9.6113
v  24.6331 200.0000 4.8998
v  25.1157 200.0000 -0.0000
v  24.6331 200.0000 -4.8999
v  23.2038 200.0000 -9.6114
v  20.8829 200.0000 -13.9536
v  17.7594 200.0000 -17.7595
v  13.9535 200.0000 -20.8829
v  9.6113 200.0000 -23.2039
v  4.8998 200.0000 -24.6331
v  -0.0000 195.1002 -24.6331
v  -4.8057 195.1002 -24.1598
v  -9.4267 195.1002 -22.7580
v  -13.6854 195.1002 -20.4817
v  -17.4182 195.1002 -17.4182
v  -20.4817 195.1002 -13.6854
v  -22.7580 195.1002 -9.4267
v  -24.1598 195.1002 -4.8057
v  -24.6331 195.1002 0.0000
v  -24.1598 195.1002 4.8057
v  -22.7580 195.1002 9.4267
v  -20.4817 195.1002 13.6854
v  -17.4182 195.1002 17.4182
v  -13.6854 195.1002 20.4817
v  -9.4267 195.1002 22.7580
v  -4.8057 195.1002 24.1598
v  0.0000 195.1002 24.6331
v  4.8057 195.1002 24.1598
v  9.4267 195.1002 22.7580
v  13.6854 195.1002 20.4816
v  17.4182 195.1002 17.4182
v  20.4817 195.1002 13.6854
v  22.7580 195.1002 9.4266
v  24.1598 195.1002 4.8056
v  24.6331 195.1002 -0.0000
v  24.1598 195.1002 -4.8057
v  22.7580 195.1002 -9.4267
v  20.4816 195.1002 -13.6854
v  17.4182 195.1002 -17.4183
v  13.6854 195.1002 -20.4817
v  9.4266 195.1002 -22.7580
v  4.8056 195.1002 -24.1598
v  -0.0000 190.3887 -23.2039
v  -4.5268 190.3887 -22.7580
v  -8.8797 190.3887 -21.4376
v  -12.8914 190.3887 -19.2933
v  -16.4076 190.3887 -16.4076
v  -19.2933 190.3887 -12.8914
v  -21.4376 190.3887 -8.8797
v  -22.7580 190.3887 -4.5268
v  -23.2039 190.3887 0.0000
v  -22.7580 190.3887 4.5269
v  -21.4376 190.3887 8.8797
v  -19.2933 190.3887 12.8914
v  -16.4076 190.3887 16.4076
v  -12.8914 190.3887 19.2933
v  -8.8797 190.3887 21.4376
v  -4.5268 190.3887 22.7580
v  0.0000 190.3887 23.2039
v  4.5269 190.3887 22.7580
v  8.8798 190.3887 21.4376
v  12.8914 190.3887 19.2933
v  16.4076 190.3887 16.4076
v  19.2933 190.3887 12.8913
v  21.4376 190.3887 8.8797
v  22.7580 190.3887 4.5268
v  23.2039 190.3887 -0.0000
v  22.7580 190.3887 -4.5269
v  21.4376 190.3887 -8.8798
v  19.2933 190.3887 -12.8914
v  16.4076 190.3887 -16.4076
v  12.8913 190.3887 -19.2933
v  8.8797 190.3887 -21.4376
v  4.5268 190.3887 -22.7580
v  -0.0000 186.0465 -20.8829
v  -4.0741 186.0465 -20.4817
v  -7.9915 186.0465 -19.2933
v  -11.6019 186.0465 -17.3635
v  -14.7665 186.0465 -14.7665
v  -17.3635 186.0465 -11.6019
v  -19.2933 186.0465 -7.9915
v  -20.4817 186.0465 -4.0741
v  -20.8829 186.0465 0.0000
v  -20.4817 186.0465 4.0741
v  -19.2933 186.0465 7.9916
v  -17.3635 186.0465 11.6019
v  -14.7664 186.0465 14.7665
v  -11.6019 186.0465 17.3635
v  -7.9915 186.0465 19.2933
v  -4.0740 186.0465 20.4817
v  0.0000 186.0465 20.8829
v  4.0741 186.0465 20.4817
v  7.9916 186.0465 19.2933
v  11.6020 186.0465 17.3635
v  14.7665 186.0465 14.7664
v  17.3635 186.0465 11.6019
v  19.2933 186.0465 7.9915
v  20.4817 186.0465 4.0740
v  20.8829 186.0465 -0.0000
v  20.4817 186.0465 -4.0741
v  19.2933 186.0465 -7.9916
v  17.3635 186.0465 -11.6020
v  14.7664 186.0465 -14.7665
v  11.6019 186.0465 -17.3635
v  7.9915 186.0465 -19.2933
v  4.0740 186.0465 -20.4817
v  -0.0000 182.2405 -17.7595
v  -3.4647 182.2405 -17.4182
v  -6.7963 182.2405 -16.4076
v  -9.8666 182.2405 -14.7665
v  -12.5578 182.2405 -12.5578
v  -14.7665 182.2405 -9.8666
v  -16.4076 182.2405 -6.7962
v  -17.4182 182.2405 -3.4647
v  -17.7595 182.2405 0.0000
v  -17.4182 182.2405 3.4647
v  -16.4076 182.2405 6.7963
v  -14.7664 182.2405 9.8666
v  -12.5578 182.2405 12.5578
v  -9.8666 182.2405 14.7665
v  -6.7962 182.2405 16.4076
v  -3.4647 182.2405 17.4182
v  0.0000 182.2405 17.7595
v  3.4647 182.2405 17.4182
v  6.7963 182.2405 16.4076
v  9.8666 182.2405 14.7664
v  12.5579 182.2405 12.5578
v  14.7665 182.2405 9.8666
v  16.4076 182.2405 6.7962
v  17.4182 182.2405 3.4647
v  17.7595 182.2405 -0.0000
v  17.4182 182.2405 -3.4647
v  16.4076 182.2405 -6.7963
v  14.7664 182.2405 -9.8667
v  12.5578 182.2405 -12.5579
v  9.8666 182.2405 -14.7665
v  6.7962 182.2405 -16.4076
v  3.4647 182.2405 -17.4182
v  -0.0000 179.1171 -13.9535
v  -2.7222 179.1171 -13.6854
v  -5.3398 179.1171 -12.8914
v  -7.7522 179.1171 -11.6019
v  -9.8666 179.1171 -9.8666
v  -11.6019 179.1171 -7.7522
v  -12.8914 179.1171 -5.3398
v  -13.6854 179.1171 -2.7222
v  -13.9535 179.1171 0.0000
v  -13.6854 179.1171 2.7222
v  -12.8914 179.1171 5.3398
v  -11.6019 179.1171 7.7522
v  -9.8666 179.1171 9.8666
v  -7.7522 179.1171 11.6019
v  -5.3398 179.1171 12.8914
v  -2.7222 179.1171 13.6854
v  0.0000 179.1171 13.9535
v  2.7222 179.1171 13.6854
v  5.3398 179.1171 12.8914
v  7.7522 179.1171 11.6019
v  9.8666 179.1171 9.8666
v  11.6019 179.1171 7.7521
v  12.8914 179.1171 5.3398
v  13.6854 179.1171 2.7222
v  13.9535 179.1171 -0.0000
v  13.6854 179.1171 -2.7222
v  12.8914 179.1171 -5.3398
v  11.6019 179.1171 -7.7522
v  9.8666 179.1171 -9.8666
v  7.7521 179.1171 -11.6019
v  5.3398 179.1171 -12.8914
v  2.7222 179.1171 -13.6854
v  -0.0000 176.7961 -9.6113
v  -1.8751 176.7961 -9.4267
v  -3.6781 176.7961 -8.8797
v  -5.3398 176.7961 -7.9915
v  -6.7962 176.7961 -6.7962
v  -7.9915 176.7961 -5.3398
v  -8.8797 176.7961 -3.6781
v  -9.4267 176.7961 -1.8751
v  -9.6113 176.7961 0.0000
v  -9.4267 176.7961 1.8751
v  -8.8797 176.7961 3.6781
v  -7.9915 176.7961 5.3398
v  -6.7962 176.7961 6.7963
v  -5.3398 176.7961 7.9915
v  -3.6781 176.7961 8.8797
v  -1.8751 176.7961 9.4267
v  0.0000 176.7961 9.6113
v  1.8751 176.7961 9.4267
v  3.6781 176.7961 8.8797
v  5.3398 176.7961 7.9915
v  6.7963 176.7961 6.7962
v  7.9916 176.7961 5.3398
v  8.8797 176.7961 3.6781
v  9.4267 176.7961 1.8751
v  9.6113 176.7961 -0.0000
v  9.4267 176.7961 -1.8751
v  8.8797 176.7961 -3.6781
v  7.9915 176.7961 -5.3398
v  6.7962 176.7961 -6.7963
v  5.3398 176.7961 -7.9916
v  3.6781 176.7961 -8.8797
v  1.8751 176.7961 -9.4267
v  -0.0000 175.3669 -4.8998
v  -0.9559 175.3669 -4.8057
v  -1.8751 175.3669 -4.5268
v  -2.7222 175.3669 -4.0741
v  -3.4647 175.3669 -3.4647
v  -4.0741 175.3669 -2.7222
v  -4.5268 175.3669 -1.8751
v  -4.8057 175.3669 -0.9559
v  -4.8998 175.3669 0.0000
v  -4.8057 175.3669 0.9559
v  -4.5268 175.3669 1.8751
v  -4.0740 175.3669 2.7222
v  -3.4647 175.3669 3.4647
v  -2.7222 175.3669 4.0741
v  -1.8751 175.3669 4.5268
v  -0.9559 175.3669 4.8057
v  0.0000 175.3669 4.8998
v  0.9559 175.3669 4.8057
v  1.8751 175.3669 4.5268
v  2.7222 175.3669 4.0740
v  3.4647 175.3669 3.4647
v  4.0741 175.3669 2.7222
v  4.5268 175.3669 1.8751
v  4.8057 175.3669 0.9559
v  4.8998 175.3669 -0.0000
v  4.8057 175.3669 -0.9559
v  4.5268 175.3669 -1.8751
v  4.0740 175.3669 -2.7222
v  3.4647 175.3669 -3.4647
v  2.7222 175.3669 -4.0741
v  1.8751 175.3669 -4.5268
v  0.9559 175.3669 -4.8057
v  0.0000 174.8843 -0.0000
# 482 vertices

vn -0.0000 1.0000 0.0000
vn -0.0000 0.9796 -0.2010
vn -0.0392 0.9796 -0.1971
vn -0.0769 0.9796 -0.1857
vn -0.1117 0.9796 -0.1671
vn -0.1421 0.9796 -0.1421
vn -0.1671 0.9796 -0.1117
vn -0.1857 0.9796 -0.0769
vn -0.1971 0.9796 -0.0392
vn -0.2010 0.9796 0.0000
vn -0.1971 0.9796 0.0392
vn -0.1857 0.9796 0.0769
vn -0.1671 0.9796 0.1117
vn -0.1421 0.9796 0.1421
vn -0.1117 0.9796 0.1671
vn -0.0769 0.9796 0.1857
vn -0.0392 0.9796 0.1971
vn 0.0000 0.9796 0.2010
vn 0.0392 0.9796 0.1971
vn 0.0769 0.9796 0.1857
vn 0.1117 0.9796 0.1671
vn 0.1421 0.9796 0.1421
vn 0.1671 0.9796 0.1117
vn 0.1857 0.9796 0.0769
vn 0.1971 0.9796 0.0392
vn 0.2010 0.9796 -0.0000
vn 0.1971 0.9796 -0.0392
vn 0.1857 0.9796 -0.0769
vn 0.1671 0.9796 -0.1117
vn 0.1421 0.9796 -0.1421
vn 0.1117 0.9796 -0.1671
vn 0.0769 0.9796 -0.1857
vn 0.0392 0.9796 -0.1971
vn -0.0000 0.9217 -0.3879
vn -0.0757 0.9217 -0.3804
vn -0.1484 0.9217 -0.3584
vn -0.2155 0.9217 -0.3225
vn -0.2743 0.9217 -0.2743
vn -0.3225 0.9217 -0.2155
vn -0.3584 0.9217 -0.1484
vn -0.3804 0.9217 -0.0757
vn -0.3879 0.9217 0.0000
vn -0.3804 0.9217 0.0757
vn -0.3584 0.9217 0.1484
vn -0.3225 0.9217 0.2155
vn -0.2743 0.9217 0.2743
vn -0.2155 0.9217 0.3225
vn -0.1484 0.9217 0.3584
vn -0.0757 0.9217 0.3804
vn 0.0000 0.9217 0.3879
vn 0.0757 0.9217 0.3804
vn 0.1484 0.9217 0.3584
vn 0.2155 0.9217 0.3225
vn 0.2743 0.9217 0.2743
vn 0.3225 0.9217 0.2155
vn 0.3584 0.9217 0.1484
vn 0.3804 0.9217 0.0757
vn 0.3879 0.9217 -0.0000
vn 0.3804 0.9217 -0.0757
vn 0.3584 0.9217 -0.1484
vn 0.3225 0.9217 -0.2155
vn 0.2743 0.9217 -0.2743
vn 0.2155 0.9217 -0.3225
vn 0.1484 0.9217 -0.3584
vn 0.0757 0.9217 -0.3804
vn -0.0000 0.8286 -0.5598
vn -0.1092 0.8286 -0.5490
vn -0.2142 0.8286 -0.5172
vn -0.3110 0.8286 -0.4654
vn -0.3958 0.8286 -0.3958
vn -0.4654 0.8286 -0.3110
vn -0.5172 0.8286 -0.2142
vn -0.5490 0.8286 -0.1092
vn -0.5598 0.8286 0.0000
vn -0.5490 0.8286 0.1092
vn -0.5172 0.8286 0.2142
vn -0.4654 0.8286 0.3110
vn -0.3958 0.8286 0.3958
vn -0.3110 0.8286 0.4654
vn -0.2142 0.8286 0.5172
vn -0.1092 0.8286 0.5490
vn 0.0000 0.8286 0.5598
vn 0.1092 0.8286 0.5490
vn 0.2142 0.8286 0.5172
vn 0.3110 0.8286 0.4654
vn 0.3958 0.8286 0.3958
vn 0.4654 0.8286 0.3110
vn 0.5172 0.8286 0.2142
vn 0.5490 0.8286 0.1092
vn 0.5598 0.8286 -0.0000
vn 0.5490 0.8286 -0.1092
vn 0.5172 0.8286 -0.2142
vn 0.4654 0.8286 -0.3110
vn 0.3958 0.8286 -0.3958
vn 0.3110 0.8286 -0.4654
vn 0.2142 0.8286 -0.5172
vn 0.1092 0.8286 -0.5490
vn -0.0000 0.7041 -0.7101
vn -0.1385 0.7041 -0.6965
vn -0.2718 0.7041 -0.6561
vn -0.3945 0.7041 -0.5905
vn -0.5021 0.7041 -0.5021
vn -0.5905 0.7041 -0.3945
vn -0.6561 0.7041 -0.2718
vn -0.6965 0.7041 -0.1385
vn -0.7101 0.7041 0.0000
vn -0.6965 0.7041 0.1385
vn -0.6561 0.7041 0.2718
vn -0.5905 0.7041 0.3945
vn -0.5021 0.7041 0.5021
vn -0.3945 0.7041 0.5905
vn -0.2718 0.7041 0.6561
vn -0.1385 0.7041 0.6965
vn 0.0000 0.7041 0.7101
vn 0.1385 0.7041 0.6965
vn 0.2718 0.7041 0.6561
vn 0.3945 0.7041 0.5905
vn 0.5021 0.7041 0.5021
vn 0.5905 0.7041 0.3945
vn 0.6561 0.7041 0.2718
vn 0.6965 0.7041 0.1385
vn 0.7101 0.7041 -0.0000
vn 0.6965 0.7041 -0.1385
vn 0.6561 0.7041 -0.2718
vn 0.5905 0.7041 -0.3945
vn 0.5021 0.7041 -0.5021
vn 0.3945 0.7041 -0.5905
vn 0.2718 0.7041 -0.6561
vn 0.1385 0.7041 -0.6965
vn -0.0000 0.5528 -0.8333
vn -0.1626 0.5528 -0.8173
vn -0.3189 0.5528 -0.7699
vn -0.4630 0.5528 -0.6929
vn -0.5893 0.5528 -0.5893
vn -0.6929 0.5528 -0.4630
vn -0.7699 0.5528 -0.3189
vn -0.8173 0.5528 -0.1626
vn -0.8333 0.5528 0.0000
vn -0.8173 0.5528 0.1626
vn -0.7699 0.5528 0.3189
vn -0.6929 0.5528 0.4630
vn -0.5893 0.5528 0.5893
vn -0.4630 0.5528 0.6929
vn -0.3189 0.5528 0.7699
vn -0.1626 0.5528 0.8173
vn 0.0000 0.5528 0.8333
vn 0.1626 0.5528 0.8173
vn 0.3189 0.5528 0.7699
vn 0.4630 0.5528 0.6929
vn 0.5893 0.5528 0.5893
vn 0.6929 0.5528 0.4630
vn 0.7699 0.5528 0.3189
vn 0.8173 0.5528 0.1626
vn 0.8333 0.5528 -0.0000
vn 0.8173 0.5528 -0.1626
vn 0.7699 0.5528 -0.3189
vn 0.6929 0.5528 -0.4630
vn 0.5893 0.5528 -0.5893
vn 0.4630 0.5528 -0.6929
vn 0.3189 0.5528 -0.7699
vn 0.1626 0.5528 -0.8173
vn -0.0000 0.3805 -0.9248
vn -0.1804 0.3805 -0.9070
vn -0.3539 0.3805 -0.8544
vn -0.5138 0.3805 -0.7689
vn -0.6539 0.3805 -0.6539
vn -0.7689 0.3805 -0.5138
vn -0.8544 0.3805 -0.3539
vn -0.9070 0.3805 -0.1804
vn -0.9248 0.3805 0.0000
vn -0.9070 0.3805 0.1804
vn -0.8544 0.3805 0.3539
vn -0.7689 0.3805 0.5138
vn -0.6539 0.3805 0.6539
vn -0.5138 0.3805 0.7689
vn -0.3539 0.3805 0.8544
vn -0.1804 0.3805 0.9070
vn 0.0000 0.3805 0.9248
vn 0.1804 0.3805 0.9070
vn 0.3539 0.3805 0.8544
vn 0.5138 0.3805 0.7689
vn 0.6539 0.3805 0.6539
vn 0.7689 0.3805 0.5138
vn 0.8544 0.3805 0.3539
vn 0.9070 0.3805 0.1804
vn 0.9248 0.3805 -0.0000
vn 0.9070 0.3805 -0.1804
vn 0.8544 0.3805 -0.3539
vn 0.7689 0.3805 -0.5138
vn 0.6539 0.3805 -0.6539
vn 0.5138 0.3805 -0.7689
vn 0.3539 0.3805 -0.8544
vn 0.1804 0.3805 -0.9070
vn -0.0000 0.1939 -0.9810
vn -0.1914 0.1939 -0.9622
vn -0.3754 0.1939 -0.9063
vn -0.5450 0.1939 -0.8157
vn -0.6937 0.1939 -0.6937
vn -0.8157 0.1939 -0.5450
vn -0.9063 0.1939 -0.3754
vn -0.9622 0.1939 -0.1914
vn -0.9810 0.1939 0.0000
vn -0.9622 0.1939 0.1914
vn -0.9063 0.1939 0.3754
vn -0.8157 0.1939 0.5450
vn -0.6937 0.1939 0.6937
vn -0.5450 0.1939 0.8157
vn -0.3754 0.1939 0.9063
vn -0.1914 0.1939 0.9622
vn 0.0000 0.1939 0.9810
vn 0.1914 0.1939 0.9622
vn 0.3754 0.1939 0.9063
vn 0.5450 0.1939 0.8157
vn 0.6937 0.1939 0.6937
vn 0.8157 0.1939 0.5450
vn 0.9063 0.1939 0.3754
vn 0.9622 0.1939 0.1914
vn 0.9810 0.1939 -0.0000
vn 0.9622 0.1939 -0.1914
vn 0.9063 0.1939 -0.3754
vn 0.8157 0.1939 -0.5450
vn 0.6937 0.1939 -0.6937
vn 0.5450 0.1939 -0.8157
vn 0.3754 0.1939 -0.9063
vn 0.1914 0.1939 -0.9622
vn -0.0000 0.0000 -1.0000
vn -0.1951 0.0000 -0.9808
vn -0.3827 0.0000 -0.9239
vn -0.5556 0.0000 -0.8315
vn -0.7071 0.0000 -0.7071
vn -0.8315 0.0000 -0.5556
vn -0.9239 0.0000 -0.3827
vn -0.9808 0.0000 -0.1951
vn -1.0000 0.0000 0.0000
vn -0.9808 0.0000 0.1951
vn -0.9239 0.0000 0.3827
vn -0.8315 0.0000 0.5556
vn -0.7071 0.0000 0.7071
vn -0.5556 0.0000 0.8315
vn -0.3827 0.0000 0.9239
vn -0.1951 0.0000 0.9808
vn 0.0000 0.0000 1.0000
vn 0.1951 0.0000 0.9808
vn 0.3827 0.0000 0.9239
vn 0.5556 0.0000 0.8315
vn 0.7071 0.0000 0.7071
vn 0.8315 0.0000 0.5556
vn 0.9239 0.0000 0.3827
vn 0.9808 0.0000 0.1951
vn 1.0000 0.0000 -0.0000
vn 0.9808 0.0000 -0.1951
vn 0.9239 0.0000 -0.3827
vn 0.8315 0.0000 -0.5556
vn 0.7071 0.0000 -0.7071
vn 0.5556 0.0000 -0.8315
vn 0.3827 0.0000 -0.9239
vn 0.1951 0.0000 -0.9808
vn -0.0000 -0.1939 -0.9810
vn -0.1914 -0.1939 -0.9622
vn -0.3754 -0.1939 -0.9063
vn -0.5450 -0.1939 -0.8157
vn -0.6937 -0.1939 -0.6937
vn -0.8157 -0.1939 -0.5450
vn -0.9063 -0.1939 -0.3754
vn -0.9622 -0.1939 -0.1914
vn -0.9810 -0.1939 0.0000
vn -0.9622 -0.1939 0.1914
vn -0.9063 -0.1939 0.3754
vn -0.8157 -0.1939 0.5450
vn -0.6937 -0.1939 0.6937
vn -0.5450 -0.1939 0.8157
vn -0.3754 -0.1939 0.9063
vn -0.1914 -0.1939 0.9622
vn 0.0000 -0.1939 0.9810
vn 0.1914 -0.1939 0.9622
vn 0.3754 -0.1939 0.9063
vn 0.5450 -0.1939 0.8157
vn 0.6937 -0.1939 0.6937
vn 0.8157 -0.1939 0.5450
vn 0.9063 -0.1939 0.3754
vn 0.9622 -0.1939 0.1914
vn 0.9810 -0.1939 -0.0000
vn 0.9622 -0.1939 -0.1914
vn 0.9063 -0.1939 -0.3754
vn 0.8157 -0.1939 -0.5450
vn 0.6937 -0.1939 -0.6937
vn 0.5450 -0.1939 -0.8157
vn 0.3754 -0.1939 -0.9063
vn 0.1914 -0.1939 -0.9622
vn -0.0000 -0.3805 -0.9248
vn -0.1804 -0.3805 -0.9070
vn -0.3539 -0.3805 -0.8544
vn -0.5138 -0.3805 -0.7689
vn -0.6539 -0.3805 -0.6539
vn -0.7689 -0.3805 -0.5138
vn -0.8544 -0.3805 -0.3539
vn -0.9070 -0.3805 -0.1804
vn -0.9248 -0.3805 0.0000
vn -0.9070 -0.3805 0.1804
vn -0.8544 -0.3805 0.3539
vn -0.7689 -0.3805 0.5138
vn -0.6539 -0.3805 0.6539
vn -0.5138 -0.3805 0.7689
vn -0.3539 -0.3805 0.8544
vn -0.1804 -0.3805 0.9070
vn 0.0000 -0.3805 0.9248
vn 0.1804 -0.3805 0.9070
vn 0.3539 -0.3805 0.8544
vn 0.5138 -0.3805 0.7689
vn 0.6539 -0.3805 0.6539
vn 0.7689 -0.3805 0.5138
vn 0.8544 -0.3805 0.3539
vn 0.9070 -0.3805 0.1804
vn 0.9248 -0.3805 -0.0000
vn 0.9070 -0.3805 -0.1804
vn 0.8544 -0.3805 -0.3539
vn 0.7689 -0.3805 -0.5138
vn 0.6539 -0.3805 -0.6539
vn 0.5138 -0.3805 -0.7689
vn 0.3539 -0.3805 -0.8544
vn 0.1804 -0.3805 -0.9070
vn -0.0000 -0.5528 -0.8333
vn -0.1626 -0.5528 -0.8173
vn -0.3189 -0.5528 -0.7699
vn -0.4630 -0.5528 -0.6929
vn -0.5893 -0.5528 -0.5893
vn -0.6929 -0.5528 -0.4630
vn -0.7699 -0.5528 -0.3189
vn -0.8173 -0.5528 -0.1626
vn -0.8333 -0.5528 0.0000
vn -0.8173 -0.5528 0.1626
vn -0.7699 -0.5528 0.3189
vn -0.6929 -0.5528 0.4630
vn -0.5893 -0.5528 0.5893
vn -0.4630 -0.5528 0.6929
vn -0.3189 -0.5528 0.7699
vn -0.1626 -0.5528 0.8173
vn 0.0000 -0.5528 0.8333
vn 0.1626 -0.5528 0.8173
vn 0.3189 -0.5528 0.7699
vn 0.4630 -0.5528 0.6929
vn 0.5893 -0.5528 0.5893
vn 0.6929 -0.5528 0.4630
vn 0.7699 -0.5528 0.3189
vn 0.8173 -0.5528 0.1626
vn 0.8333 -0.5528 -0.0000
vn 0.8173 -0.5528 -0.1626
vn 0.7699 -0.5528 -0.3189
vn 0.6929 -0.5528 -0.4630
vn 0.5893 -0.5528 -0.5893
vn 0.4630 -0.5528 -0.6929
vn 0.3189 -0.5528 -0.7699
vn 0.1626 -0.5528 -0.8173
vn -0.0000 -0.7041 -0.7101
vn -0.1385 -0.7041 -0.6965
vn -0.2718 -0.7041 -0.6561
vn -0.3945 -0.7041 -0.5905
vn -0.5021 -0.7041 -0.5021
vn -0.5905 -0.7041 -0.3945
vn -0.6561 -0.7041 -0.2718
vn -0.6965 -0.7041 -0.1385
vn -0.7101 -0.7041 0.0000
vn -0.6965 -0.7041 0.1385
vn -0.6561 -0.7041 0.2718
vn -0.5905 -0.7041 0.3945
vn -0.5021 -0.7041 0.5021
vn -0.3945 -0.7041 0.5905
vn -0.2718 -0.7041 0.6561
vn -0.1385 -0.7041 0.6965
vn 0.0000 -0.7041 0.7101
vn 0.1385 -0.7041 0.6965
vn 0.2718 -0.7041 0.6561
vn 0.3945 -0.7041 0.5905
vn 0.5021 -0.7041 0.5021
vn 0.5905 -0.7041 0.3945
vn 0.6561 -0.7041 0.2718
vn 0.6965 -0.7041 0.1385
vn 0.7101 -0.7041 -0.0000
vn 0.6965 -0.7041 -0.1385
vn 0.6561 -0.7041 -0.2718
vn 0.5905 -0.7041 -0.3945
vn 0.5021 -0.7041 -0.5021
vn 0.3945 -0.7041 -0.5905
vn 0.2718 -0.7041 -0.6561
vn 0.1385 -0.7041 -0.6965
vn -0.0000 -0.8286 -0.5598
vn -0.1092 -0.8286 -0.5490
vn -0.2142 -0.8286 -0.5172
vn -0.3110 -0.8286 -0.4654
vn -0.3958 -0.8286 -0.3958
vn -0.4654 -0.8286 -0.3110
vn -0.5172 -0.8286 -0.2142
vn -0.5490 -0.8286 -0.1092
vn -0.5598 -0.8286 0.0000
vn -0.5490 -0.8286 0.1092
vn -0.5172 -0.8286 0.2142
vn -0.4654 -0.8286 0.3110
vn -0.3958 -0.8286 0.3958
vn -0.3110 -0.8286 0.4654
vn -0.2142 -0.8286 0.5172
vn -0.1092 -0.8286 0.5490
vn 0.0000 -0.8286 0.5598
vn 0.1092 -0.8286 0.5490
vn 0.2142 -0.8286 0.5172
vn 0.3110 -0.8286 0.4654
vn 0.3958 -0.8286 0.3958
vn 0.4654 -0.8286 0.3110
vn 0.5172 -0.8286 0.2142
vn 0.5490 -0.8286 0.1092
vn 0.5598 -0.8286 -0.0000
vn 0.5490 -0.8286 -0.1092
vn 0.5172 -0.8286 -0.2142
vn 0.4654 -0.8286 -0.3110
vn 0.3958 -0.8286 -0.3958
vn 0.3110 -0.8286 -0.4654
vn 0.2142 -0.8286 -0.5172
vn 0.1092 -0.8286 -0.5490
vn -0.0000 -0.9217 -0.3879
vn -0.0757 -0.9217 -0.3804
vn -0.1484 -0.9217 -0.3584
vn -0.2155 -0.9217 -0.3225
vn -0.2743 -0.9217 -0.2743
vn -0.3225 -0.9217 -0.2155
vn -0.3584 -0.9217 -0.1484
vn -0.3804 -0.9217 -0.0757
vn -0.3879 -0.9217 0.0000
vn -0.3804 -0.9217 0.0757
vn -0.3584 -0.9217 0.1484
vn -0.3225 -0.9217 0.2155
vn -0.2743 -0.9217 0.2743
vn -0.2155 -0.9217 0.3225
vn -0.1484 -0.9217 0.3584
vn -0.0757 -0.9217 0.3804
vn 0.0000 -0.9217 0.3879
vn 0.0757 -0.9217 0.3804
vn 0.1484 -0.9217 0.3584
vn 0.2155 -0.9217 0.3225
vn 0.2743 -0.9217 0.2743
vn 0.3225 -0.9217 0.2155
vn 0.3584 -0.9217 0.1484
vn 0.3804 -0.9217 0.0757
vn 0.3879 -0.9217 -0.0000
vn 0.3804 -0.9217 -0.0757
vn 0.3584 -0.9217 -0.1484
vn 0.3225 -0.9217 -0.2155
vn 0.2743 -0.9217 -0.2743
vn 0.2155 -0.9217 -0.3225
vn 0.1484 -0.9217 -0.3584
vn 0.0757 -0.9217 -0.3804
vn -0.0000 -0.9796 -0.2010
vn -0.0392 -0.9796 -0.1971
vn -0.0769 -0.9796 -0.1857
vn -0.1117 -0.9796 -0.1671
vn -0.1421 -0.9796 -0.1421
vn -0.1671 -0.9796 -0.1117
vn -0.1857 -0.9796 -0.0769
vn -0.1971 -0.9796 -0.0392
vn -0.2010 -0.9796 0.0000
vn -0.1971 -0.9796 0.0392
vn -0.1857 -0.9796 0.0769
vn -0.1671 -0.9796 0.1117
vn -0.1421 -0.9796 0.1421
vn -0.1117 -0.9796 0.1671
vn -0.0769 -0.9796 0.1857
vn -0.0392 -0.9796 0.1971
vn 0.0000 -0.9796 0.2010
vn 0.0392 -0.9796 0.1971
vn 0.0769 -0.9796 0.1857
vn 0.1117 -0.9796 0.1671
vn 0.1421 -0.9796 0.1421
vn 0.1671 -0.9796 0.1117
vn 0.1857 -0.9796 0.0769
vn 0.1971 -0.9796 0.0392
vn 0.2010 -0.9796 -0.0000
vn 0.1971 -0.9796 -0.0392
vn 0.1857 -0.9796 -0.0769
vn 0.1671 -0.9796 -0.1117
vn 0.1421 -0.9796 -0.1421
vn 0.1117 -0.9796 -0.1671
vn 0.0769 -0.9796 -0.1857
vn 0.0392 -0.9796 -0.1971
vn -0.0000 -1.0000 -0.0000
# 482 vertex normals

vt 0.0000 1.0000 0.0000
vt 0.0000 0.9375 0.0000
vt 0.0313 0.9375 0.0000
vt 0.0313 1.0000 0.0000
vt 0.0625 0.9375 0.0000
vt 0.0625 1.0000 0.0000
vt 0.0938 0.9375 0.0000
vt 0.0938 1.0000 0.0000
vt 0.1250 0.9375 0.0000
vt 0.1250 1.0000 0.0000
vt 0.1563 0.9375 0.0000
vt 0.1563 1.0000 0.0000
vt 0.1875 0.9375 0.0000
vt 0.1875 1.0000 0.0000
vt 0.2187 0.9375 0.0000
vt 0.2187 1.0000 0.0000
vt 0.2500 0.9375 0.0000
vt 0.2500 1.0000 0.0000
vt 0.2812 0.9375 0.0000
vt 0.2812 1.0000 0.0000
vt 0.3125 0.9375 0.0000
vt 0.3125 1.0000 0.0000
vt 0.3437 0.9375 0.0000
vt 0.3437 1.0000 0.0000
vt 0.3750 0.9375 0.0000
vt 0.3750 1.0000 0.0000
vt 0.4063 0.9375 0.0000
vt 0.4063 1.0000 0.0000
vt 0.4375 0.9375 0.0000
vt 0.4375 1.0000 0.0000
vt 0.4688 0.9375 0.0000
vt 0.4688 1.0000 0.0000
vt 0.5000 0.9375 0.0000
vt 0.5000 1.0000 0.0000
vt 0.5313 0.9375 0.0000
vt 0.5313 1.0000 0.0000
vt 0.5625 0.9375 0.0000
vt 0.5625 1.0000 0.0000
vt 0.5938 0.9375 0.0000
vt 0.5938 1.0000 0.0000
vt 0.6250 0.9375 0.0000
vt 0.6250 1.0000 0.0000
vt 0.6563 0.9375 0.0000
vt 0.6563 1.0000 0.0000
vt 0.6875 0.9375 0.0000
vt 0.6875 1.0000 0.0000
vt 0.7188 0.9375 0.0000
vt 0.7188 1.0000 0.0000
vt 0.7500 0.9375 0.0000
vt 0.7500 1.0000 0.0000
vt 0.7813 0.9375 0.0000
vt 0.7813 1.0000 0.0000
vt 0.8125 0.9375 0.0000
vt 0.8125 1.0000 0.0000
vt 0.8438 0.9375 0.0000
vt 0.8438 1.0000 0.0000
vt 0.8750 0.9375 0.0000
vt 0.8750 1.0000 0.0000
vt 0.9063 0.9375 0.0000
vt 0.9063 1.0000 0.0000
vt 0.9375 0.9375 0.0000
vt 0.9375 1.0000 0.0000
vt 0.9688 0.9375 0.0000
vt 0.9688 1.0000 0.0000
vt 1.0000 0.9375 0.0000
vt 0.0000 0.8750 0.0000
vt 0.0313 0.8750 0.0000
vt 0.0625 0.8750 0.0000
vt 0.0938 0.8750 0.0000
vt 0.1250 0.8750 0.0000
vt 0.1563 0.8750 0.0000
vt 0.1875 0.8750 0.0000
vt 0.2187 0.8750 0.0000
vt 0.2500 0.8750 0.0000
vt 0.2812 0.8750 0.0000
vt 0.3125 0.8750 0.0000
vt 0.3437 0.8750 0.0000
vt 0.3750 0.8750 0.0000
vt 0.4063 0.8750 0.0000
vt 0.4375 0.8750 0.0000
vt 0.4688 0.8750 0.0000
vt 0.5000 0.8750 0.0000
vt 0.5313 0.8750 0.0000
vt 0.5625 0.8750 0.0000
vt 0.5938 0.8750 0.0000
vt 0.6250 0.8750 0.0000
vt 0.6563 0.8750 0.0000
vt 0.6875 0.8750 0.0000
vt 0.7188 0.8750 0.0000
vt 0.7500 0.8750 0.0000
vt 0.7813 0.8750 0.0000
vt 0.8125 0.8750 0.0000
vt 0.8438 0.8750 0.0000
vt 0.8750 0.8750 0.0000
vt 0.9063 0.8750 0.0000
vt 0.9375 0.8750 0.0000
vt 0.9688 0.8750 0.0000
vt 1.0000 0.8750 0.0000
vt 0.0000 0.8125 0.0000
vt 0.0313 0.8125 0.0000
vt 0.0625 0.8125 0.0000
vt 0.0938 0.8125 0.0000
vt 0.1250 0.8125 0.0000
vt 0.1563 0.8125 0.0000
vt 0.1875 0.8125 0.0000
vt 0.2187 0.8125 0.0000
vt 0.2500 0.8125 0.0000
vt 0.2812 0.8125 0.0000
vt 0.3125 0.8125 0.0000
vt 0.3437 0.8125 0.0000
vt 0.3750 0.8125 0.0000
vt 0.4063 0.8125 0.0000
vt 0.4375 0.8125 0.0000
vt 0.4688 0.8125 0.0000
vt 0.5000 0.8125 0.0000
vt 0.5313 0.8125 0.0000
vt 0.5625 0.8125 0.0000
vt 0.5938 0.8125 0.0000
vt 0.6250 0.8125 0.0000
vt 0.6563 0.8125 0.0000
vt 0.6875 0.8125 0.0000
vt 0.7188 0.8125 0.0000
vt 0.7500 0.8125 0.0000
vt 0.7813 0.8125 0.0000
vt 0.8125 0.8125 0.0000
vt 0.8438 0.8125 0.0000
vt 0.8750 0.8125 0.0000
vt 0.9063 0.8125 0.0000
vt 0.9375 0.8125 0.0000
vt 0.9688 0.8125 0.0000
vt 1.0000 0.8125 0.0000
vt 0.0000 0.7500 0.0000
vt 0.0313 0.7500 0.0000
vt 0.0625 0.7500 0.0000
vt 0.0938 0.7500 0.0000
vt 0.1250 0.7500 0.0000
vt 0.1563 0.7500 0.0000
vt 0.1875 0.7500 0.0000
vt 0.2187 0.7500 0.0000
vt 0.2500 0.7500 0.0000
vt 0.2812 0.7500 0.0000
vt 0.3125 0.7500 0.0000
vt 0.3437 0.7500 0.0000
vt 0.3750 0.7500 0.0000
vt 0.4063 0.7500 0.0000
vt 0.4375 0.7500 0.0000
vt 0.4688 0.7500 0.0000
vt 0.5000 0.7500 0.0000
vt 0.5313 0.7500 0.0000
vt 0.5625 0.7500 0.0000
vt 0.5938 0.7500 0.0000
vt 0.6250 0.7500 0.0000
vt 0.6563 0.7500 0.0000
vt 0.6875 0.7500 0.0000
vt 0.7188 0.7500 0.0000
vt 0.7500 0.7500 0.0000
vt 0.7813 0.7500 0.0000
vt 0.8125 0.7500 0.0000
vt 0.8438 0.7500 0.0000
vt 0.8750 0.7500 0.0000
vt 0.9063 0.7500 0.0000
vt 0.9375 0.7500 0.0000
vt 0.9688 0.7500 0.0000
vt 1.0000 0.7500 0.0000
vt 0.0000 0.6875 0.0000
vt 0.0313 0.6875 0.0000
vt 0.0625 0.6875 0.0000
vt 0.0938 0.6875 0.0000
vt 0.1250 0.6875 0.0000
vt 0.1563 0.6875 0.0000
vt 0.1875 0.6875 0.0000
vt 0.2187 0.6875 0.0000
vt 0.2500 0.6875 0.0000
vt 0.2812 0.6875 0.0000
vt 0.3125 0.6875 0.0000
vt 0.3437 0.6875 0.0000
vt 0.3750 0.6875 0.0000
vt 0.4063 0.6875 0.0000
vt 0.4375 0.6875 0.0000
vt 0.4688 0.6875 0.0000
vt 0.5000 0.6875 0.0000
vt 0.5313 0.6875 0.0000
vt 0.5625 0.6875 0.0000
vt 0.5938 0.6875 0.0000
vt 0.6250 0.6875 0.0000
vt 0.6563 0.6875 0.0000
vt 0.6875 0.6875 0.0000
vt 0.7188 0.6875 0.0000
vt 0.7500 0.6875 0.0000
vt 0.7813 0.6875 0.0000
vt 0.8125 0.6875 0.0000
vt 0.8438 0.6875 0.0000
vt 0.8750 0.6875 0.0000
vt 0.9063 0.6875 0.0000
vt 0.9375 0.6875 0.0000
vt 0.9688 0.6875 0.0000
vt 1.0000 0.6875 0.0000
vt 0.0000 0.6250 0.0000
vt 0.0313 0.6250 0.0000
vt 0.0625 0.6250 0.0000
vt 0.0938 0.6250 0.0000
vt 0.1250 0.6250 0.0000
vt 0.1563 0.6250 0.0000
vt 0.1875 0.6250 0.0000
vt 0.2187 0.6250 0.0000
vt 0.2500 0.6250 0.0000
vt 0.2812 0.6250 0.0000
vt 0.3125 0.6250 0.0000
vt 0.3437 0.6250 0.0000
vt 0.3750 0.6250 0.0000
vt 0.4063 0.6250 0.0000
vt 0.4375 0.6250 0.0000
vt 0.4688 0.6250 0.0000
vt 0.5000 0.6250 0.0000
vt 0.5313 0.6250 0.0000
vt 0.5625 0.6250 0.0000
vt 0.5938 0.6250 0.0000
vt 0.6250 0.6250 0.0000
vt 0.6563 0.6250 0.0000
vt 0.6875 0.6250 0.0000
vt 0.7188 0.6250 0.0000
vt 0.7500 0.6250 0.0000
vt 0.7813 0.6250 0.0000
vt 0.8125 0.6250 0.0000
vt 0.8438 0.6250 0.0000
vt 0.8750 0.6250 0.0000
vt 0.9063 0.6250 0.0000
vt 0.9375 0.6250 0.0000
vt 0.9688 0.6250 0.0000
vt 1.0000 0.6250 0.0000
vt 0.0000 0.5625 0.0000
vt 0.0313 0.5625 0.0000
vt 0.0625 0.5625 0.0000
vt 0.0938 0.5625 0.0000
vt 0.1250 0.5625 0.0000
vt 0.1563 0.5625 0.0000
vt 0.1875 0.5625 0.0000
vt 0.2187 0.5625 0.0000
vt 0.2500 0.5625 0.0000
vt 0.2812 0.5625 0.0000
vt 0.3125 0.5625 0.0000
vt 0.3437 0.5625 0.0000
vt 0.3750 0.5625 0.0000
vt 0.4063 0.5625 0.0000
vt 0.4375 0.5625 0.0000
vt 0.4688 0.5625 0.0000
vt 0.5000 0.5625 0.0000
vt 0.5313 0.5625 0.0000
vt 0.5625 0.5625 0.0000
vt 0.5938 0.5625 0.0000
vt 0.6250 0.5625 0.0000
vt 0.6563 0.5625 0.0000
vt 0.6875 0.5625 0.0000
vt 0.7188 0.5625 0.0000
vt 0.7500 0.5625 0.0000
vt 0.7813 0.5625 0.0000
vt 0.8125 0.5625 0.0000
vt 0.8438 0.5625 0.0000
vt 0.8750 0.5625 0.0000
vt 0.9063 0.5625 0.0000
vt 0.9375 0.5625 0.0000
vt 0.9688 0.5625 0.0000
vt 1.0000 0.5625 0.0000
vt 0.0000 0.5000 0.0000
vt 0.0313 0.5000 0.0000
vt 0.0625 0.5000 0.0000
vt 0.0938 0.5000 0.0000
vt 0.1250 0.5000 0.0000
vt 0.1563 0.5000 0.0000
vt 0.1875 0.5000 0.0000
vt 0.2187 0.5000 0.0000
vt 0.2500 0.5000 0.0000
vt 0.2812 0.5000 0.0000
vt 0.3125 0.5000 0.0000
vt 0.3437 0.5000 0.0000
vt 0.3750 0.5000 0.0000
vt 0.4063 0.5000 0.0000
vt 0.4375 0.5000 0.0000
vt 0.4688 0.5000 0.0000
vt 0.5000 0.5000 0.0000
vt 0.5313 0.5000 0.0000
vt 0.5625 0.5000 0.0000
vt 0.5938 0.5000 0.0000
vt 0.6250 0.5000 0.0000
vt 0.6563 0.5000 0.0000
vt 0.6875 0.5000 0.0000
vt 0.7188 0.5000 0.0000
vt 0.7500 0.5000 0.0000
vt 0.7813 0.5000 0.0000
vt 0.8125 0.5000 0.0000
vt 0.8438 0.5000 0.0000
vt 0.8750 0.5000 0.0000
vt 0.9063 0.5000 0.0000
vt 0.9375 0.5000 0.0000
vt 0.9688 0.5000 0.0000
vt 1.0000 0.5000 0.0000
vt 0.0000 0.4375 0.0000
vt 0.0313 0.4375 0.0000
vt 0.0625 0.4375 0.0000
vt 0.0938 0.4375 0.0000
vt 0.1250 0.4375 0.0000
vt 0.1563 0.4375 0.0000
vt 0.1875 0.4375 0.0000
vt 0.2187 0.4375 0.0000
vt 0.2500 0.4375 0.0000
vt 0.2812 0.4375 0.0000
vt 0.3125 0.4375 0.0000
vt 0.3437 0.4375 0.0000
vt 0.3750 0.4375 0.0000
vt 0.4063 0.4375 0.0000
vt 0.4375 0.4375 0.0000
vt 0.4688 0.4375 0.0000
vt 0.5000 0.4375 0.0000
vt 0.5313 0.4375 0.0000
vt 0.5625 0.4375 0.0000
vt 0.5938 0.4375 0.0000
vt 0.6250 0.4375 0.0000
vt 0.6563 0.4375 0.0000
vt 0.6875 0.4375 0.0000
vt 0.7188 0.4375 0.0000
vt 0.7500 0.4375 0.0000
vt 0.7813 0.4375 0.0000
vt 0.8125 0.4375 0.0000
vt 0.8438 0.4375 0.0000
vt 0.8750 0.4375 0.0000
vt 0.9063 0.4375 0.0000
vt 0.9375 0.4375 0.0000
vt 0.9688 0.4375 0.0000
vt 1.0000 0.4375 0.0000
vt 0.0000 0.3750 0.0000
vt 0.0313 0.3750 0.0000
vt 0.0625 0.3750 0.0000
vt 0.0938 0.3750 0.0000
vt 0.1250 0.3750 0.0000
vt 0.1563 0.3750 0.0000
vt 0.1875 0.3750 0.0000
vt 0.2187 0.3750 0.0000
vt 0.2500 0.3750 0.0000
vt 0.2812 0.3750 0.0000
vt 0.3125 0.3750 0.0000
vt 0.3437 0.3750 0.0000
vt 0.3750 0.3750 0.0000
vt 0.4063 0.3750 0.0000
vt 0.4375 0.3750 0.0000
vt 0.4688 0.3750 0.0000
vt 0.5000 0.3750 0.0000
vt 0.5313 0.3750 0.0000
vt 0.5625 0.3750 0.0000
vt 0.5938 0.3750 0.0000
vt 0.6250 0.3750 0.0000
vt 0.6563 0.3750 0.0000
vt 0.6875 0.3750 0.0000
vt 0.7188 0.3750 0.0000
vt 0.7500 0.3750 0.0000
vt 0.7813 0.3750 0.0000
vt 0.8125 0.3750 0.0000
vt 0.8438 0.3750 0.0000
vt 0.8750 0.3750 0.0000
vt 0.9063 0.3750 0.0000
vt 0.9375 0.3750 0.0000
vt 0.9688 0.3750 0.0000
vt 1.0000 0.3750 0.0000
vt 0.0000 0.3125 0.0000
vt 0.0313 0.3125 0.0000
vt 0.0625 0.3125 0.0000
vt 0.0938 0.3125 0.0000
vt 0.1250 0.3125 0.0000
vt 0.1563 0.3125 0.0000
vt 0.1875 0.3125 0.0000
vt 0.2187 0.3125 0.0000
vt 0.2500 0.3125 0.0000
vt 0.2812 0.3125 0.0000
vt 0.3125 0.3125 0.0000
vt 0.3437 0.3125 0.0000
vt 0.3750 0.3125 0.0000
vt 0.4063 0.3125 0.0000
vt 0.4375 0.3125 0.0000
vt 0.4688 0.3125 0.0000
vt 0.5000 0.3125 0.0000
vt 0.5313 0.3125 0.0000
vt 0.5625 0.3125 0.0000
vt 0.5938 0.3125 0.0000
vt 0.6250 0.3125 0.0000
vt 0.6563 0.3125 0.0000
vt 0.6875 0.3125 0.0000
vt 0.7188 0.3125 0.0000
vt 0.7500 0.3125 0.0000
vt 0.7813 0.3125 0.0000
vt 0.8125 0.3125 0.0000
vt 0.8438 0.3125 0.0000
vt 0.8750 0.3125 0.0000
vt 0.9063 0.3125 0.0000
vt 0.9375 0.3125 0.0000
vt 0.9688 0.3125 0.0000
vt 1.0000 0.3125 0.0000
vt 0.0000 0.2500 0.0000
vt 0.0313 0.2500 0.0000
vt 0.0625 0.2500 0.0000
vt 0.0938 0.2500 0.0000
vt 0.1250 0.2500 0.0000
vt 0.1563 0.2500 0.0000
vt 0.1875 0.2500 0.0000
vt 0.2187 0.2500 0.0000
vt 0.2500 0.2500 0.0000
vt 0.2812 0.2500 0.0000
vt 0.3125 0.2500 0.0000
vt 0.3437 0.2500 0.0000
vt 0.3750 0.2500 0.0000
vt 0.4063 0.2500 0.0000
vt 0.4375 0.2500 0.0000
vt 0.4688 0.2500 0.0000
vt 0.5000 0.2500 0.0000
vt 0.5313 0.2500 0.0000
vt 0.5625 0.2500 0.0000
vt 0.5938 0.2500 0.0000
vt 0.6250 0.2500 0.0000
vt 0.6563 0.2500 0.0000
vt 0.6875 0.2500 0.0000
vt 0.7188 0.2500 0.0000
vt 0.7500 0.2500 0.0000
vt 0.7813 0.2500 0.0000
vt 0.8125 0.2500 0.0000
vt 0.8438 0.2500 0.0000
vt 0.8750 0.2500 0.0000
vt 0.9063 0.2500 0.0000
vt 0.9375 0.2500 0.0000
vt 0.9688 0.2500 0.0000
vt 1.0000 0.2500 0.0000
vt 0.0000 0.1875 0.0000
vt 0.0313 0.1875 0.0000
vt 0.0625 0.1875 0.0000
vt 0.0938 0.1875 0.0000
vt 0.1250 0.1875 0.0000
vt 0.1563 0.1875 0.0000
vt 0.1875 0.1875 0.0000
vt 0.2187 0.1875 0.0000
vt 0.2500 0.1875 0.0000
vt 0.2812 0.1875 0.0000
vt 0.3125 0.1875 0.0000
vt 0.3437 0.1875 0.0000
vt 0.3750 0.1875 0.0000
vt 0.4063 0.1875 0.0000
vt 0.4375 0.1875 0.0000
vt 0.4688 0.1875 0.0000
vt 0.5000 0.1875 0.0000
vt 0.5313 0.1875 0.0000
vt 0.5625 0.1875 0.0000
vt 0.5938 0.1875 0.0000
vt 0.6250 0.1875 0.0000
vt 0.6563 0.1875 0.0000
vt 0.6875 0.1875 0.0000
vt 0.7188 0.1875 0.0000
vt 0.7500 0.1875 0.0000
vt 0.7813 0.1875 0.0000
vt 0.8125 0.1875 0.0000
vt 0.8438 0.1875 0.0000
vt 0.8750 0.1875 0.0000
vt 0.9063 0.1875 0.0000
vt 0.9375 0.1875 0.0000
vt 0.9688 0.1875 0.0000
vt 1.0000 0.1875 0.0000
vt 0.0000 0.1250 0.0000
vt 0.0313 0.1250 0.0000
vt 0.0625 0.1250 0.0000
vt 0.0938 0.1250 0.0000
vt 0.1250 0.1250 0.0000
vt 0.1563 0.1250 0.0000
vt 0.1875 0.1250 0.0000
vt 0.2187 0.1250 0.0000
vt 0.2500 0.1250 0.0000
vt 0.2812 0.1250 0.0000
vt 0.3125 0.1250 0.0000
vt 0.3437 0.1250 0.0000
vt 0.3750 0.1250 0.0000
vt 0.4063 0.1250 0.0000
vt 0.4375 0.1250 0.0000
vt 0.4688 0.1250 0.0000
vt 0.5000 0.1250 0.0000
vt 0.5313 0.1250 0.0000
vt 0.5625 0.1250 0.0000
vt 0.5938 0.1250 0.0000
vt 0.6250 0.1250 0.0000
vt 0.6563 0.1250 0.0000
vt 0.6875 0.1250 0.0000
vt 0.7188 0.1250 0.0000
vt 0.7500 0.1250 0.0000
vt 0.7813 0.1250 0.0000
vt 0.8125 0.1250 0.0000
vt 0.8438 0.1250 0.0000
vt 0.8750 0.1250 0.0000
vt 0.9063 0.1250 0.0000
vt 0.9375 0.1250 0.0000
vt 0.9688 0.1250 0.0000
vt 1.0000 0.1250 0.0000
vt 0.0000 0.0625 0.0000
vt 0.0313 0.0625 0.0000
vt 0.0625 0.0625 0.0000
vt 0.0938 0.0625 0.0000
vt 0.1250 0.0625 0.0000
vt 0.1563 0.0625 0.0000
vt 0.1875 0.0625 0.0000
vt 0.2187 0.0625 0.0000
vt 0.2500 0.0625 0.0000
vt 0.2812 0.0625 0.0000
vt 0.3125 0.0625 0.0000
vt 0.3437 0.0625 0.0000
vt 0.3750 0.0625 0.0000
vt 0.4063 0.0625 0.0000
vt 0.4375 0.0625 0.0000
vt 0.4688 0.0625 0.0000
vt 0.5000 0.0625 0.0000
vt 0.5313 0.0625 0.0000
vt 0.5625 0.0625 0.0000
vt 0.5938 0.0625 0.0000
vt 0.6250 0.0625 0.0000
vt 0.6563 0.0625 0.0000
vt 0.6875 0.0625 0.0000
vt 0.7188 0.0625 0.0000
vt 0.7500 0.0625 0.0000
vt 0.7813 0.0625 0.0000
vt 0.8125 0.0625 0.0000
vt 0.8438 0.0625 0.0000
vt 0.8750 0.0625 0.0000
vt 0.9063 0.0625 0.0000
vt 0.9375 0.0625 0.0000
vt 0.9688 0.0625 0.0000
vt 1.0000 0.0625 0.0000
vt 0.0000 -0.0000 0.0000
vt 0.0313 -0.0000 0.0000
vt 0.0625 -0.0000 0.0000
vt 0.0938 -0.0000 0.0000
vt 0.1250 -0.0000 0.0000
vt 0.1563 -0.0000 0.0000
vt 0.1875 -0.0000 0.0000
vt 0.2187 -0.0000 0.0000
vt 0.2500 -0.0000 0.0000
vt 0.2812 -0.0000 0.0000
vt 0.3125 -0.0000 0.0000
vt 0.3437 -0.0000 0.0000
vt 0.3750 -0.0000 0.0000
vt 0.4063 -0.0000 0.0000
vt 0.4375 -0.0000 0.0000
vt 0.4688 -0.0000 0.0000
vt 0.5000 -0.0000 0.0000
vt 0.5313 -0.0000 0.0000
vt 0.5625 -0.0000 0.0000
vt 0.5938 -0.0000 0.0000
vt 0.6250 -0.0000 0.0000
vt 0.6563 -0.0000 0.0000
vt 0.6875 -0.0000 0.0000
vt 0.7188 -0.0000 0.0000
vt 0.7500 -0.0000 0.0000
vt 0.7813 -0.0000 0.0000
vt 0.8125 -0.0000 0.0000
vt 0.8438 -0.0000 0.0000
vt 0.8750 -0.0000 0.0000
vt 0.9063 -0.0000 0.0000
vt 0.9375 -0.0000 0.0000
vt 0.9688 -0.0000 0.0000
# 559 texture coords

o Sphere002
g Sphere002
usemtl wire_000000000
s 1
f 955/1070/712 956/1071/713 957/1072/714 
f 955/1073/712 957/1072/714 958/1074/715 
f 955/1075/712 958/1074/715 959/1076/716 
f 955/1077/712 959/1076/716 960/1078/717 
f 955/1079/712 960/1078/717 961/1080/718 
f 955/1081/712 961/1080/718 962/1082/719 
f 955/1083/712 962/1082/719 963/1084/720 
f 955/1085/712 963/1084/720 964/1086/721 
f 955/1087/712 964/1086/721 965/1088/722 
f 955/1089/712 965/1088/722 966/1090/723 
f 955/1091/712 966/1090/723 967/1092/724 
f 955/1093/712 967/1092/724 968/1094/725 
f 955/1095/712 968/1094/725 969/1096/726 
f 955/1097/712 969/1096/726 970/1098/727 
f 955/1099/712 970/1098/727 971/1100/728 
f 955/1101/712 971/1100/728 972/1102/729 
f 955/1103/712 972/1102/729 973/1104/730 
f 955/1105/712 973/1104/730 974/1106/731 
f 955/1107/712 974/1106/731 975/1108/732 
f 955/1109/712 975/1108/732 976/1110/733 
f 955/1111/712 976/1110/733 977/1112/734 
f 955/1113/712 977/1112/734 978/1114/735 
f 955/1115/712 978/1114/735 979/1116/736 
f 955/1117/712 979/1116/736 980/1118/737 
f 955/1119/712 980/1118/737 981/1120/738 
f 955/1121/712 981/1120/738 982/1122/739 
f 955/1123/712 982/1122/739 983/1124/740 
f 955/1125/712 983/1124/740 984/1126/741 
f 955/1127/712 984/1126/741 985/1128/742 
f 955/1129/712 985/1128/742 986/1130/743 
f 955/1131/712 986/1130/743 987/1132/744 
f 955/1133/712 987/1132/744 956/1134/713 
f 956/1071/713 988/1135/745 989/1136/746 957/1072/714 
f 957/1072/714 989/1136/746 990/1137/747 958/1074/715 
f 958/1074/715 990/1137/747 991/1138/748 959/1076/716 
f 959/1076/716 991/1138/748 992/1139/749 960/1078/717 
f 960/1078/717 992/1139/749 993/1140/750 961/1080/718 
f 961/1080/718 993/1140/750 994/1141/751 962/1082/719 
f 962/1082/719 994/1141/751 995/1142/752 963/1084/720 
f 963/1084/720 995/1142/752 996/1143/753 964/1086/721 
f 964/1086/721 996/1143/753 997/1144/754 965/1088/722 
f 965/1088/722 997/1144/754 998/1145/755 966/1090/723 
f 966/1090/723 998/1145/755 999/1146/756 967/1092/724 
f 967/1092/724 999/1146/756 1000/1147/757 968/1094/725 
f 968/1094/725 1000/1147/757 1001/1148/758 969/1096/726 
f 969/1096/726 1001/1148/758 1002/1149/759 970/1098/727 
f 970/1098/727 1002/1149/759 1003/1150/760 971/1100/728 
f 971/1100/728 1003/1150/760 1004/1151/761 972/1102/729 
f 972/1102/729 1004/1151/761 1005/1152/762 973/1104/730 
f 973/1104/730 1005/1152/762 1006/1153/763 974/1106/731 
f 974/1106/731 1006/1153/763 1007/1154/764 975/1108/732 
f 975/1108/732 1007/1154/764 1008/1155/765 976/1110/733 
f 976/1110/733 1008/1155/765 1009/1156/766 977/1112/734 
f 977/1112/734 1009/1156/766 1010/1157/767 978/1114/735 
f 978/1114/735 1010/1157/767 1011/1158/768 979/1116/736 
f 979/1116/736 1011/1158/768 1012/1159/769 980/1118/737 
f 980/1118/737 1012/1159/769 1013/1160/770 981/1120/738 
f 981/1120/738 1013/1160/770 1014/1161/771 982/1122/739 
f 982/1122/739 1014/1161/771 1015/1162/772 983/1124/740 
f 983/1124/740 1015/1162/772 1016/1163/773 984/1126/741 
f 984/1126/741 1016/1163/773 1017/1164/774 985/1128/742 
f 985/1128/742 1017/1164/774 1018/1165/775 986/1130/743 
f 986/1130/743 1018/1165/775 1019/1166/776 987/1132/744 
f 987/1132/744 1019/1166/776 988/1167/745 956/1134/713 
f 988/1135/745 1020/1168/777 1021/1169/778 989/1136/746 
f 989/1136/746 1021/1169/778 1022/1170/779 990/1137/747 
f 990/1137/747 1022/1170/779 1023/1171/780 991/1138/748 
f 991/1138/748 1023/1171/780 1024/1172/781 992/1139/749 
f 992/1139/749 1024/1172/781 1025/1173/782 993/1140/750 
f 993/1140/750 1025/1173/782 1026/1174/783 994/1141/751 
f 994/1141/751 1026/1174/783 1027/1175/784 995/1142/752 
f 995/1142/752 1027/1175/784 1028/1176/785 996/1143/753 
f 996/1143/753 1028/1176/785 1029/1177/786 997/1144/754 
f 997/1144/754 1029/1177/786 1030/1178/787 998/1145/755 
f 998/1145/755 1030/1178/787 1031/1179/788 999/1146/756 
f 999/1146/756 1031/1179/788 1032/1180/789 1000/1147/757 
f 1000/1147/757 1032/1180/789 1033/1181/790 1001/1148/758 
f 1001/1148/758 1033/1181/790 1034/1182/791 1002/1149/759 
f 1002/1149/759 1034/1182/791 1035/1183/792 1003/1150/760 
f 1003/1150/760 1035/1183/792 1036/1184/793 1004/1151/761 
f 1004/1151/761 1036/1184/793 1037/1185/794 1005/1152/762 
f 1005/1152/762 1037/1185/794 1038/1186/795 1006/1153/763 
f 1006/1153/763 1038/1186/795 1039/1187/796 1007/1154/764 
f 1007/1154/764 1039/1187/796 1040/1188/797 1008/1155/765 
f 1008/1155/765 1040/1188/797 1041/1189/798 1009/1156/766 
f 1009/1156/766 1041/1189/798 1042/1190/799 1010/1157/767 
f 1010/1157/767 1042/1190/799 1043/1191/800 1011/1158/768 
f 1011/1158/768 1043/1191/800 1044/1192/801 1012/1159/769 
f 1012/1159/769 1044/1192/801 1045/1193/802 1013/1160/770 
f 1013/1160/770 1045/1193/802 1046/1194/803 1014/1161/771 
f 1014/1161/771 1046/1194/803 1047/1195/804 1015/1162/772 
f 1015/1162/772 1047/1195/804 1048/1196/805 1016/1163/773 
f 1016/1163/773 1048/1196/805 1049/1197/806 1017/1164/774 
f 1017/1164/774 1049/1197/806 1050/1198/807 1018/1165/775 
f 1018/1165/775 1050/1198/807 1051/1199/808 1019/1166/776 
f 1019/1166/776 1051/1199/808 1020/1200/777 988/1167/745 
f 1020/1168/777 1052/1201/809 1053/1202/810 1021/1169/778 
f 1021/1169/778 1053/1202/810 1054/1203/811 1022/1170/779 
f 1022/1170/779 1054/1203/811 1055/1204/812 1023/1171/780 
f 1023/1171/780 1055/1204/812 1056/1205/813 1024/1172/781 
f 1024/1172/781 1056/1205/813 1057/1206/814 1025/1173/782 
f 1025/1173/782 1057/1206/814 1058/1207/815 1026/1174/783 
f 1026/1174/783 1058/1207/815 1059/1208/816 1027/1175/784 
f 1027/1175/784 1059/1208/816 1060/1209/817 1028/1176/785 
f 1028/1176/785 1060/1209/817 1061/1210/818 1029/1177/786 
f 1029/1177/786 1061/1210/818 1062/1211/819 1030/1178/787 
f 1030/1178/787 1062/1211/819 1063/1212/820 1031/1179/788 
f 1031/1179/788 1063/1212/820 1064/1213/821 1032/1180/789 
f 1032/1180/789 1064/1213/821 1065/1214/822 1033/1181/790 
f 1033/1181/790 1065/1214/822 1066/1215/823 1034/1182/791 
f 1034/1182/791 1066/1215/823 1067/1216/824 1035/1183/792 
f 1035/1183/792 1067/1216/824 1068/1217/825 1036/1184/793 
f 1036/1184/793 1068/1217/825 1069/1218/826 1037/1185/794 
f 1037/1185/794 1069/1218/826 1070/1219/827 1038/1186/795 
f 1038/1186/795 1070/1219/827 1071/1220/828 1039/1187/796 
f 1039/1187/796 1071/1220/828 1072/1221/829 1040/1188/797 
f 1040/1188/797 1072/1221/829 1073/1222/830 1041/1189/798 
f 1041/1189/798 1073/1222/830 1074/1223/831 1042/1190/799 
f 1042/1190/799 1074/1223/831 1075/1224/832 1043/1191/800 
f 1043/1191/800 1075/1224/832 1076/1225/833 1044/1192/801 
f 1044/1192/801 1076/1225/833 1077/1226/834 1045/1193/802 
f 1045/1193/802 1077/1226/834 1078/1227/835 1046/1194/803 
f 1046/1194/803 1078/1227/835 1079/1228/836 1047/1195/804 
f 1047/1195/804 1079/1228/836 1080/1229/837 1048/1196/805 
f 1048/1196/805 1080/1229/837 1081/1230/838 1049/1197/806 
f 1049/1197/806 1081/1230/838 1082/1231/839 1050/1198/807 
f 1050/1198/807 1082/1231/839 1083/1232/840 1051/1199/808 
f 1051/1199/808 1083/1232/840 1052/1233/809 1020/1200/777 
f 1052/1201/809 1084/1234/841 1085/1235/842 1053/1202/810 
f 1053/1202/810 1085/1235/842 1086/1236/843 1054/1203/811 
f 1054/1203/811 1086/1236/843 1087/1237/844 1055/1204/812 
f 1055/1204/812 1087/1237/844 1088/1238/845 1056/1205/813 
f 1056/1205/813 1088/1238/845 1089/1239/846 1057/1206/814 
f 1057/1206/814 1089/1239/846 1090/1240/847 1058/1207/815 
f 1058/1207/815 1090/1240/847 1091/1241/848 1059/1208/816 
f 1059/1208/816 1091/1241/848 1092/1242/849 1060/1209/817 
f 1060/1209/817 1092/1242/849 1093/1243/850 1061/1210/818 
f 1061/1210/818 1093/1243/850 1094/1244/851 1062/1211/819 
f 1062/1211/819 1094/1244/851 1095/1245/852 1063/1212/820 
f 1063/1212/820 1095/1245/852 1096/1246/853 1064/1213/821 
f 1064/1213/821 1096/1246/853 1097/1247/854 1065/1214/822 
f 1065/1214/822 1097/1247/854 1098/1248/855 1066/1215/823 
f 1066/1215/823 1098/1248/855 1099/1249/856 1067/1216/824 
f 1067/1216/824 1099/1249/856 1100/1250/857 1068/1217/825 
f 1068/1217/825 1100/1250/857 1101/1251/858 1069/1218/826 
f 1069/1218/826 1101/1251/858 1102/1252/859 1070/1219/827 
f 1070/1219/827 1102/1252/859 1103/1253/860 1071/1220/828 
f 1071/1220/828 1103/1253/860 1104/1254/861 1072/1221/829 
f 1072/1221/829 1104/1254/861 1105/1255/862 1073/1222/830 
f 1073/1222/830 1105/1255/862 1106/1256/863 1074/1223/831 
f 1074/1223/831 1106/1256/863 1107/1257/864 1075/1224/832 
f 1075/1224/832 1107/1257/864 1108/1258/865 1076/1225/833 
f 1076/1225/833 1108/1258/865 1109/1259/866 1077/1226/834 
f 1077/1226/834 1109/1259/866 1110/1260/867 1078/1227/835 
f 1078/1227/835 1110/1260/867 1111/1261/868 1079/1228/836 
f 1079/1228/836 1111/1261/868 1112/1262/869 1080/1229/837 
f 1080/1229/837 1112/1262/869 1113/1263/870 1081/1230/838 
f 1081/1230/838 1113/1263/870 1114/1264/871 1082/1231/839 
f 1082/1231/839 1114/1264/871 1115/1265/872 1083/1232/840 
f 1083/1232/840 1115/1265/872 1084/1266/841 1052/1233/809 
f 1084/1234/841 1116/1267/873 1117/1268/874 1085/1235/842 
f 1085/1235/842 1117/1268/874 1118/1269/875 1086/1236/843 
f 1086/1236/843 1118/1269/875 1119/1270/876 1087/1237/844 
f 1087/1237/844 1119/1270/876 1120/1271/877 1088/1238/845 
f 1088/1238/845 1120/1271/877 1121/1272/878 1089/1239/846 
f 1089/1239/846 1121/1272/878 1122/1273/879 1090/1240/847 
f 1090/1240/847 1122/1273/879 1123/1274/880 1091/1241/848 
f 1091/1241/848 1123/1274/880 1124/1275/881 1092/1242/849 
f 1092/1242/849 1124/1275/881 1125/1276/882 1093/1243/850 
f 1093/1243/850 1125/1276/882 1126/1277/883 1094/1244/851 
f 1094/1244/851 1126/1277/883 1127/1278/884 1095/1245/852 
f 1095/1245/852 1127/1278/884 1128/1279/885 1096/1246/853 
f 1096/1246/853 1128/1279/885 1129/1280/886 1097/1247/854 
f 1097/1247/854 1129/1280/886 1130/1281/887 1098/1248/855 
f 1098/1248/855 1130/1281/887 1131/1282/888 1099/1249/856 
f 1099/1249/856 1131/1282/888 1132/1283/889 1100/1250/857 
f 1100/1250/857 1132/1283/889 1133/1284/890 1101/1251/858 
f 1101/1251/858 1133/1284/890 1134/1285/891 1102/1252/859 
f 1102/1252/859 1134/1285/891 1135/1286/892 1103/1253/860 
f 1103/1253/860 1135/1286/892 1136/1287/893 1104/1254/861 
f 1104/1254/861 1136/1287/893 1137/1288/894 1105/1255/862 
f 1105/1255/862 1137/1288/894 1138/1289/895 1106/1256/863 
f 1106/1256/863 1138/1289/895 1139/1290/896 1107/1257/864 
f 1107/1257/864 1139/1290/896 1140/1291/897 1108/1258/865 
f 1108/1258/865 1140/1291/897 1141/1292/898 1109/1259/866 
f 1109/1259/866 1141/1292/898 1142/1293/899 1110/1260/867 
f 1110/1260/867 1142/1293/899 1143/1294/900 1111/1261/868 
f 1111/1261/868 1143/1294/900 1144/1295/901 1112/1262/869 
f 1112/1262/869 1144/1295/901 1145/1296/902 1113/1263/870 
f 1113/1263/870 1145/1296/902 1146/1297/903 1114/1264/871 
f 1114/1264/871 1146/1297/903 1147/1298/904 1115/1265/872 
f 1115/1265/872 1147/1298/904 1116/1299/873 1084/1266/841 
f 1116/1267/873 1148/1300/905 1149/1301/906 1117/1268/874 
f 1117/1268/874 1149/1301/906 1150/1302/907 1118/1269/875 
f 1118/1269/875 1150/1302/907 1151/1303/908 1119/1270/876 
f 1119/1270/876 1151/1303/908 1152/1304/909 1120/1271/877 
f 1120/1271/877 1152/1304/909 1153/1305/910 1121/1272/878 
f 1121/1272/878 1153/1305/910 1154/1306/911 1122/1273/879 
f 1122/1273/879 1154/1306/911 1155/1307/912 1123/1274/880 
f 1123/1274/880 1155/1307/912 1156/1308/913 1124/1275/881 
f 1124/1275/881 1156/1308/913 1157/1309/914 1125/1276/882 
f 1125/1276/882 1157/1309/914 1158/1310/915 1126/1277/883 
f 1126/1277/883 1158/1310/915 1159/1311/916 1127/1278/884 
f 1127/1278/884 1159/1311/916 1160/1312/917 1128/1279/885 
f 1128/1279/885 1160/1312/917 1161/1313/918 1129/1280/886 
f 1129/1280/886 1161/1313/918 1162/1314/919 1130/1281/887 
f 1130/1281/887 1162/1314/919 1163/1315/920 1131/1282/888 
f 1131/1282/888 1163/1315/920 1164/1316/921 1132/1283/889 
f 1132/1283/889 1164/1316/921 1165/1317/922 1133/1284/890 
f 1133/1284/890 1165/1317/922 1166/1318/923 1134/1285/891 
f 1134/1285/891 1166/1318/923 1167/1319/924 1135/1286/892 
f 1135/1286/892 1167/1319/924 1168/1320/925 1136/1287/893 
f 1136/1287/893 1168/1320/925 1169/1321/926 1137/1288/894 
f 1137/1288/894 1169/1321/926 1170/1322/927 1138/1289/895 
f 1138/1289/895 1170/1322/927 1171/1323/928 1139/1290/896 
f 1139/1290/896 1171/1323/928 1172/1324/929 1140/1291/897 
f 1140/1291/897 1172/1324/929 1173/1325/930 1141/1292/898 
f 1141/1292/898 1173/1325/930 1174/1326/931 1142/1293/899 
f 1142/1293/899 1174/1326/931 1175/1327/932 1143/1294/900 
f 1143/1294/900 1175/1327/932 1176/1328/933 1144/1295/901 
f 1144/1295/901 1176/1328/933 1177/1329/934 1145/1296/902 
f 1145/1296/902 1177/1329/934 1178/1330/935 1146/1297/903 
f 1146/1297/903 1178/1330/935 1179/1331/936 1147/1298/904 
f 1147/1298/904 1179/1331/936 1148/1332/905 1116/1299/873 
f 1148/1300/905 1180/1333/937 1181/1334/938 1149/1301/906 
f 1149/1301/906 1181/1334/938 1182/1335/939 1150/1302/907 
f 1150/1302/907 1182/1335/939 1183/1336/940 1151/1303/908 
f 1151/1303/908 1183/1336/940 1184/1337/941 1152/1304/909 
f 1152/1304/909 1184/1337/941 1185/1338/942 1153/1305/910 
f 1153/1305/910 1185/1338/942 1186/1339/943 1154/1306/911 
f 1154/1306/911 1186/1339/943 1187/1340/944 1155/1307/912 
f 1155/1307/912 1187/1340/944 1188/1341/945 1156/1308/913 
f 1156/1308/913 1188/1341/945 1189/1342/946 1157/1309/914 
f 1157/1309/914 1189/1342/946 1190/1343/947 1158/1310/915 
f 1158/1310/915 1190/1343/947 1191/1344/948 1159/1311/916 
f 1159/1311/916 1191/1344/948 1192/1345/949 1160/1312/917 
f 1160/1312/917 1192/1345/949 1193/1346/950 1161/1313/918 
f 1161/1313/918 1193/1346/950 1194/1347/951 1162/1314/919 
f 1162/1314/919 1194/1347/951 1195/1348/952 1163/1315/920 
f 1163/1315/920 1195/1348/952 1196/1349/953 1164/1316/921 
f 1164/1316/921 1196/1349/953 1197/1350/954 1165/1317/922 
f 1165/1317/922 1197/1350/954 1198/1351/955 1166/1318/923 
f 1166/1318/923 1198/1351/955 1199/1352/956 1167/1319/924 
f 1167/1319/924 1199/1352/956 1200/1353/957 1168/1320/925 
f 1168/1320/925 1200/1353/957 1201/1354/958 1169/1321/926 
f 1169/1321/926 1201/1354/958 1202/1355/959 1170/1322/927 
f 1170/1322/927 1202/1355/959 1203/1356/960 1171/1323/928 
f 1171/1323/928 1203/1356/960 1204/1357/961 1172/1324/929 
f 1172/1324/929 1204/1357/961 1205/1358/962 1173/1325/930 
f 1173/1325/930 1205/1358/962 1206/1359/963 1174/1326/931 
f 1174/1326/931 1206/1359/963 1207/1360/964 1175/1327/932 
f 1175/1327/932 1207/1360/964 1208/1361/965 1176/1328/933 
f 1176/1328/933 1208/1361/965 1209/1362/966 1177/1329/934 
f 1177/1329/934 1209/1362/966 1210/1363/967 1178/1330/935 
f 1178/1330/935 1210/1363/967 1211/1364/968 1179/1331/936 
f 1179/1331/936 1211/1364/968 1180/1365/937 1148/1332/905 
f 1180/1333/937 1212/1366/969 1213/1367/970 1181/1334/938 
f 1181/1334/938 1213/1367/970 1214/1368/971 1182/1335/939 
f 1182/1335/939 1214/1368/971 1215/1369/972 1183/1336/940 
f 1183/1336/940 1215/1369/972 1216/1370/973 1184/1337/941 
f 1184/1337/941 1216/1370/973 1217/1371/974 1185/1338/942 
f 1185/1338/942 1217/1371/974 1218/1372/975 1186/1339/943 
f 1186/1339/943 1218/1372/975 1219/1373/976 1187/1340/944 
f 1187/1340/944 1219/1373/976 1220/1374/977 1188/1341/945 
f 1188/1341/945 1220/1374/977 1221/1375/978 1189/1342/946 
f 1189/1342/946 1221/1375/978 1222/1376/979 1190/1343/947 
f 1190/1343/947 1222/1376/979 1223/1377/980 1191/1344/948 
f 1191/1344/948 1223/1377/980 1224/1378/981 1192/1345/949 
f 1192/1345/949 1224/1378/981 1225/1379/982 1193/1346/950 
f 1193/1346/950 1225/1379/982 1226/1380/983 1194/1347/951 
f 1194/1347/951 1226/1380/983 1227/1381/984 1195/1348/952 
f 1195/1348/952 1227/1381/984 1228/1382/985 1196/1349/953 
f 1196/1349/953 1228/1382/985 1229/1383/986 1197/1350/954 
f 1197/1350/954 1229/1383/986 1230/1384/987 1198/1351/955 
f 1198/1351/955 1230/1384/987 1231/1385/988 1199/1352/956 
f 1199/1352/956 1231/1385/988 1232/1386/989 1200/1353/957 
f 1200/1353/957 1232/1386/989 1233/1387/990 1201/1354/958 
f 1201/1354/958 1233/1387/990 1234/1388/991 1202/1355/959 
f 1202/1355/959 1234/1388/991 1235/1389/992 1203/1356/960 
f 1203/1356/960 1235/1389/992 1236/1390/993 1204/1357/961 
f 1204/1357/961 1236/1390/993 1237/1391/994 1205/1358/962 
f 1205/1358/962 1237/1391/994 1238/1392/995 1206/1359/963 
f 1206/1359/963 1238/1392/995 1239/1393/996 1207/1360/964 
f 1207/1360/964 1239/1393/996 1240/1394/997 1208/1361/965 
f 1208/1361/965 1240/1394/997 1241/1395/998 1209/1362/966 
f 1209/1362/966 1241/1395/998 1242/1396/999 1210/1363/967 
f 1210/1363/967 1242/1396/999 1243/1397/1000 1211/1364/968 
f 1211/1364/968 1243/1397/1000 1212/1398/969 1180/1365/937 
f 1212/1366/969 1244/1399/1001 1245/1400/1002 1213/1367/970 
f 1213/1367/970 1245/1400/1002 1246/1401/1003 1214/1368/971 
f 1214/1368/971 1246/1401/1003 1247/1402/1004 1215/1369/972 
f 1215/1369/972 1247/1402/1004 1248/1403/1005 1216/1370/973 
f 1216/1370/973 1248/1403/1005 1249/1404/1006 1217/1371/974 
f 1217/1371/974 1249/1404/1006 1250/1405/1007 1218/1372/975 
f 1218/1372/975 1250/1405/1007 1251/1406/1008 1219/1373/976 
f 1219/1373/976 1251/1406/1008 1252/1407/1009 1220/1374/977 
f 1220/1374/977 1252/1407/1009 1253/1408/1010 1221/1375/978 
f 1221/1375/978 1253/1408/1010 1254/1409/1011 1222/1376/979 
f 1222/1376/979 1254/1409/1011 1255/1410/1012 1223/1377/980 
f 1223/1377/980 1255/1410/1012 1256/1411/1013 1224/1378/981 
f 1224/1378/981 1256/1411/1013 1257/1412/1014 1225/1379/982 
f 1225/1379/982 1257/1412/1014 1258/1413/1015 1226/1380/983 
f 1226/1380/983 1258/1413/1015 1259/1414/1016 1227/1381/984 
f 1227/1381/984 1259/1414/1016 1260/1415/1017 1228/1382/985 
f 1228/1382/985 1260/1415/1017 1261/1416/1018 1229/1383/986 
f 1229/1383/986 1261/1416/1018 1262/1417/1019 1230/1384/987 
f 1230/1384/987 1262/1417/1019 1263/1418/1020 1231/1385/988 
f 1231/1385/988 1263/1418/1020 1264/1419/1021 1232/1386/989 
f 1232/1386/989 1264/1419/1021 1265/1420/1022 1233/1387/990 
f 1233/1387/990 1265/1420/1022 1266/1421/1023 1234/1388/991 
f 1234/1388/991 1266/1421/1023 1267/1422/1024 1235/1389/992 
f 1235/1389/992 1267/1422/1024 1268/1423/1025 1236/1390/993 
f 1236/1390/993 1268/1423/1025 1269/1424/1026 1237/1391/994 
f 1237/1391/994 1269/1424/1026 1270/1425/1027 1238/1392/995 
f 1238/1392/995 1270/1425/1027 1271/1426/1028 1239/1393/996 
f 1239/1393/996 1271/1426/1028 1272/1427/1029 1240/1394/997 
f 1240/1394/997 1272/1427/1029 1273/1428/1030 1241/1395/998 
f 1241/1395/998 1273/1428/1030 1274/1429/1031 1242/1396/999 
f 1242/1396/999 1274/1429/1031 1275/1430/1032 1243/1397/1000 
f 1243/1397/1000 1275/1430/1032 1244/1431/1001 1212/1398/969 
f 1244/1399/1001 1276/1432/1033 1277/1433/1034 1245/1400/1002 
f 1245/1400/1002 1277/1433/1034 1278/1434/1035 1246/1401/1003 
f 1246/1401/1003 1278/1434/1035 1279/1435/1036 1247/1402/1004 
f 1247/1402/1004 1279/1435/1036 1280/1436/1037 1248/1403/1005 
f 1248/1403/1005 1280/1436/1037 1281/1437/1038 1249/1404/1006 
f 1249/1404/1006 1281/1437/1038 1282/1438/1039 1250/1405/1007 
f 1250/1405/1007 1282/1438/1039 1283/1439/1040 1251/1406/1008 
f 1251/1406/1008 1283/1439/1040 1284/1440/1041 1252/1407/1009 
f 1252/1407/1009 1284/1440/1041 1285/1441/1042 1253/1408/1010 
f 1253/1408/1010 1285/1441/1042 1286/1442/1043 1254/1409/1011 
f 1254/1409/1011 1286/1442/1043 1287/1443/1044 1255/1410/1012 
f 1255/1410/1012 1287/1443/1044 1288/1444/1045 1256/1411/1013 
f 1256/1411/1013 1288/1444/1045 1289/1445/1046 1257/1412/1014 
f 1257/1412/1014 1289/1445/1046 1290/1446/1047 1258/1413/1015 
f 1258/1413/1015 1290/1446/1047 1291/1447/1048 1259/1414/1016 
f 1259/1414/1016 1291/1447/1048 1292/1448/1049 1260/1415/1017 
f 1260/1415/1017 1292/1448/1049 1293/1449/1050 1261/1416/1018 
f 1261/1416/1018 1293/1449/1050 1294/1450/1051 1262/1417/1019 
f 1262/1417/1019 1294/1450/1051 1295/1451/1052 1263/1418/1020 
f 1263/1418/1020 1295/1451/1052 1296/1452/1053 1264/1419/1021 
f 1264/1419/1021 1296/1452/1053 1297/1453/1054 1265/1420/1022 
f 1265/1420/1022 1297/1453/1054 1298/1454/1055 1266/1421/1023 
f 1266/1421/1023 1298/1454/1055 1299/1455/1056 1267/1422/1024 
f 1267/1422/1024 1299/1455/1056 1300/1456/1057 1268/1423/1025 
f 1268/1423/1025 1300/1456/1057 1301/1457/1058 1269/1424/1026 
f 1269/1424/1026 1301/1457/1058 1302/1458/1059 1270/1425/1027 
f 1270/1425/1027 1302/1458/1059 1303/1459/1060 1271/1426/1028 
f 1271/1426/1028 1303/1459/1060 1304/1460/1061 1272/1427/1029 
f 1272/1427/1029 1304/1460/1061 1305/1461/1062 1273/1428/1030 
f 1273/1428/1030 1305/1461/1062 1306/1462/1063 1274/1429/1031 
f 1274/1429/1031 1306/1462/1063 1307/1463/1064 1275/1430/1032 
f 1275/1430/1032 1307/1463/1064 1276/1464/1033 1244/1431/1001 
f 1276/1432/1033 1308/1465/1065 1309/1466/1066 1277/1433/1034 
f 1277/1433/1034 1309/1466/1066 1310/1467/1067 1278/1434/1035 
f 1278/1434/1035 1310/1467/1067 1311/1468/1068 1279/1435/1036 
f 1279/1435/1036 1311/1468/1068 1312/1469/1069 1280/1436/1037 
f 1280/1436/1037 1312/1469/1069 1313/1470/1070 1281/1437/1038 
f 1281/1437/1038 1313/1470/1070 1314/1471/1071 1282/1438/1039 
f 1282/1438/1039 1314/1471/1071 1315/1472/1072 1283/1439/1040 
f 1283/1439/1040 1315/1472/1072 1316/1473/1073 1284/1440/1041 
f 1284/1440/1041 1316/1473/1073 1317/1474/1074 1285/1441/1042 
f 1285/1441/1042 1317/1474/1074 1318/1475/1075 1286/1442/1043 
f 1286/1442/1043 1318/1475/1075 1319/1476/1076 1287/1443/1044 
f 1287/1443/1044 1319/1476/1076 1320/1477/1077 1288/1444/1045 
f 1288/1444/1045 1320/1477/1077 1321/1478/1078 1289/1445/1046 
f 1289/1445/1046 1321/1478/1078 1322/1479/1079 1290/1446/1047 
f 1290/1446/1047 1322/1479/1079 1323/1480/1080 1291/1447/1048 
f 1291/1447/1048 1323/1480/1080 1324/1481/1081 1292/1448/1049 
f 1292/1448/1049 1324/1481/1081 1325/1482/1082 1293/1449/1050 
f 1293/1449/1050 1325/1482/1082 1326/1483/1083 1294/1450/1051 
f 1294/1450/1051 1326/1483/1083 1327/1484/1084 1295/1451/1052 
f 1295/1451/1052 1327/1484/1084 1328/1485/1085 1296/1452/1053 
f 1296/1452/1053 1328/1485/1085 1329/1486/1086 1297/1453/1054 
f 1297/1453/1054 1329/1486/1086 1330/1487/1087 1298/1454/1055 
f 1298/1454/1055 1330/1487/1087 1331/1488/1088 1299/1455/1056 
f 1299/1455/1056 1331/1488/1088 1332/1489/1089 1300/1456/1057 
f 1300/1456/1057 1332/1489/1089 1333/1490/1090 1301/1457/1058 
f 1301/1457/1058 1333/1490/1090 1334/1491/1091 1302/1458/1059 
f 1302/1458/1059 1334/1491/1091 1335/1492/1092 1303/1459/1060 
f 1303/1459/1060 1335/1492/1092 1336/1493/1093 1304/1460/1061 
f 1304/1460/1061 1336/1493/1093 1337/1494/1094 1305/1461/1062 
f 1305/1461/1062 1337/1494/1094 1338/1495/1095 1306/1462/1063 
f 1306/1462/1063 1338/1495/1095 1339/1496/1096 1307/1463/1064 
f 1307/1463/1064 1339/1496/1096 1308/1497/1065 1276/1464/1033 
f 1308/1465/1065 1340/1498/1097 1341/1499/1098 1309/1466/1066 
f 1309/1466/1066 1341/1499/1098 1342/1500/1099 1310/1467/1067 
f 1310/1467/1067 1342/1500/1099 1343/1501/1100 1311/1468/1068 
f 1311/1468/1068 1343/1501/1100 1344/1502/1101 1312/1469/1069 
f 1312/1469/1069 1344/1502/1101 1345/1503/1102 1313/1470/1070 
f 1313/1470/1070 1345/1503/1102 1346/1504/1103 1314/1471/1071 
f 1314/1471/1071 1346/1504/1103 1347/1505/1104 1315/1472/1072 
f 1315/1472/1072 1347/1505/1104 1348/1506/1105 1316/1473/1073 
f 1316/1473/1073 1348/1506/1105 1349/1507/1106 1317/1474/1074 
f 1317/1474/1074 1349/1507/1106 1350/1508/1107 1318/1475/1075 
f 1318/1475/1075 1350/1508/1107 1351/1509/1108 1319/1476/1076 
f 1319/1476/1076 1351/1509/1108 1352/1510/1109 1320/1477/1077 
f 1320/1477/1077 1352/1510/1109 1353/1511/1110 1321/1478/1078 
f 1321/1478/1078 1353/1511/1110 1354/1512/1111 1322/1479/1079 
f 1322/1479/1079 1354/1512/1111 1355/1513/1112 1323/1480/1080 
f 1323/1480/1080 1355/1513/1112 1356/1514/1113 1324/1481/1081 
f 1324/1481/1081 1356/1514/1113 1357/1515/1114 1325/1482/1082 
f 1325/1482/1082 1357/1515/1114 1358/1516/1115 1326/1483/1083 
f 1326/1483/1083 1358/1516/1115 1359/1517/1116 1327/1484/1084 
f 1327/1484/1084 1359/1517/1116 1360/1518/1117 1328/1485/1085 
f 1328/1485/1085 1360/1518/1117 1361/1519/1118 1329/1486/1086 
f 1329/1486/1086 1361/1519/1118 1362/1520/1119 1330/1487/1087 
f 1330/1487/1087 1362/1520/1119 1363/1521/1120 1331/1488/1088 
f 1331/1488/1088 1363/1521/1120 1364/1522/1121 1332/1489/1089 
f 1332/1489/1089 1364/1522/1121 1365/1523/1122 1333/1490/1090 
f 1333/1490/1090 1365/1523/1122 1366/1524/1123 1334/1491/1091 
f 1334/1491/1091 1366/1524/1123 1367/1525/1124 1335/1492/1092 
f 1335/1492/1092 1367/1525/1124 1368/1526/1125 1336/1493/1093 
f 1336/1493/1093 1368/1526/1125 1369/1527/1126 1337/1494/1094 
f 1337/1494/1094 1369/1527/1126 1370/1528/1127 1338/1495/1095 
f 1338/1495/1095 1370/1528/1127 1371/1529/1128 1339/1496/1096 
f 1339/1496/1096 1371/1529/1128 1340/1530/1097 1308/1497/1065 
f 1340/1498/1097 1372/1531/1129 1373/1532/1130 1341/1499/1098 
f 1341/1499/1098 1373/1532/1130 1374/1533/1131 1342/1500/1099 
f 1342/1500/1099 1374/1533/1131 1375/1534/1132 1343/1501/1100 
f 1343/1501/1100 1375/1534/1132 1376/1535/1133 1344/1502/1101 
f 1344/1502/1101 1376/1535/1133 1377/1536/1134 1345/1503/1102 
f 1345/1503/1102 1377/1536/1134 1378/1537/1135 1346/1504/1103 
f 1346/1504/1103 1378/1537/1135 1379/1538/1136 1347/1505/1104 
f 1347/1505/1104 1379/1538/1136 1380/1539/1137 1348/1506/1105 
f 1348/1506/1105 1380/1539/1137 1381/1540/1138 1349/1507/1106 
f 1349/1507/1106 1381/1540/1138 1382/1541/1139 1350/1508/1107 
f 1350/1508/1107 1382/1541/1139 1383/1542/1140 1351/1509/1108 
f 1351/1509/1108 1383/1542/1140 1384/1543/1141 1352/1510/1109 
f 1352/1510/1109 1384/1543/1141 1385/1544/1142 1353/1511/1110 
f 1353/1511/1110 1385/1544/1142 1386/1545/1143 1354/1512/1111 
f 1354/1512/1111 1386/1545/1143 1387/1546/1144 1355/1513/1112 
f 1355/1513/1112 1387/1546/1144 1388/1547/1145 1356/1514/1113 
f 1356/1514/1113 1388/1547/1145 1389/1548/1146 1357/1515/1114 
f 1357/1515/1114 1389/1548/1146 1390/1549/1147 1358/1516/1115 
f 1358/1516/1115 1390/1549/1147 1391/1550/1148 1359/1517/1116 
f 1359/1517/1116 1391/1550/1148 1392/1551/1149 1360/1518/1117 
f 1360/1518/1117 1392/1551/1149 1393/1552/1150 1361/1519/1118 
f 1361/1519/1118 1393/1552/1150 1394/1553/1151 1362/1520/1119 
f 1362/1520/1119 1394/1553/1151 1395/1554/1152 1363/1521/1120 
f 1363/1521/1120 1395/1554/1152 1396/1555/1153 1364/1522/1121 
f 1364/1522/1121 1396/1555/1153 1397/1556/1154 1365/1523/1122 
f 1365/1523/1122 1397/1556/1154 1398/1557/1155 1366/1524/1123 
f 1366/1524/1123 1398/1557/1155 1399/1558/1156 1367/1525/1124 
f 1367/1525/1124 1399/1558/1156 1400/1559/1157 1368/1526/1125 
f 1368/1526/1125 1400/1559/1157 1401/1560/1158 1369/1527/1126 
f 1369/1527/1126 1401/1560/1158 1402/1561/1159 1370/1528/1127 
f 1370/1528/1127 1402/1561/1159 1403/1562/1160 1371/1529/1128 
f 1371/1529/1128 1403/1562/1160 1372/1563/1129 1340/1530/1097 
f 1372/1531/1129 1404/1564/1161 1405/1565/1162 1373/1532/1130 
f 1373/1532/1130 1405/1565/1162 1406/1566/1163 1374/1533/1131 
f 1374/1533/1131 1406/1566/1163 1407/1567/1164 1375/1534/1132 
f 1375/1534/1132 1407/1567/1164 1408/1568/1165 1376/1535/1133 
f 1376/1535/1133 1408/1568/1165 1409/1569/1166 1377/1536/1134 
f 1377/1536/1134 1409/1569/1166 1410/1570/1167 1378/1537/1135 
f 1378/1537/1135 1410/1570/1167 1411/1571/1168 1379/1538/1136 
f 1379/1538/1136 1411/1571/1168 1412/1572/1169 1380/1539/1137 
f 1380/1539/1137 1412/1572/1169 1413/1573/1170 1381/1540/1138 
f 1381/1540/1138 1413/1573/1170 1414/1574/1171 1382/1541/1139 
f 1382/1541/1139 1414/1574/1171 1415/1575/1172 1383/1542/1140 
f 1383/1542/1140 1415/1575/1172 1416/1576/1173 1384/1543/1141 
f 1384/1543/1141 1416/1576/1173 1417/1577/1174 1385/1544/1142 
f 1385/1544/1142 1417/1577/1174 1418/1578/1175 1386/1545/1143 
f 1386/1545/1143 1418/1578/1175 1419/1579/1176 1387/1546/1144 
f 1387/1546/1144 1419/1579/1176 1420/1580/1177 1388/1547/1145 
f 1388/1547/1145 1420/1580/1177 1421/1581/1178 1389/1548/1146 
f 1389/1548/1146 1421/1581/1178 1422/1582/1179 1390/1549/1147 
f 1390/1549/1147 1422/1582/1179 1423/1583/1180 1391/1550/1148 
f 1391/1550/1148 1423/1583/1180 1424/1584/1181 1392/1551/1149 
f 1392/1551/1149 1424/1584/1181 1425/1585/1182 1393/1552/1150 
f 1393/1552/1150 1425/1585/1182 1426/1586/1183 1394/1553/1151 
f 1394/1553/1151 1426/1586/1183 1427/1587/1184 1395/1554/1152 
f 1395/1554/1152 1427/1587/1184 1428/1588/1185 1396/1555/1153 
f 1396/1555/1153 1428/1588/1185 1429/1589/1186 1397/1556/1154 
f 1397/1556/1154 1429/1589/1186 1430/1590/1187 1398/1557/1155 
f 1398/1557/1155 1430/1590/1187 1431/1591/1188 1399/1558/1156 
f 1399/1558/1156 1431/1591/1188 1432/1592/1189 1400/1559/1157 
f 1400/1559/1157 1432/1592/1189 1433/1593/1190 1401/1560/1158 
f 1401/1560/1158 1433/1593/1190 1434/1594/1191 1402/1561/1159 
f 1402/1561/1159 1434/1594/1191 1435/1595/1192 1403/1562/1160 
f 1403/1562/1160 1435/1595/1192 1404/1596/1161 1372/1563/1129 
f 1436/1597/1193 1405/1565/1162 1404/1564/1161 
f 1436/1598/1193 1406/1566/1163 1405/1565/1162 
f 1436/1599/1193 1407/1567/1164 1406/1566/1163 
f 1436/1600/1193 1408/1568/1165 1407/1567/1164 
f 1436/1601/1193 1409/1569/1166 1408/1568/1165 
f 1436/1602/1193 1410/1570/1167 1409/1569/1166 
f 1436/1603/1193 1411/1571/1168 1410/1570/1167 
f 1436/1604/1193 1412/1572/1169 1411/1571/1168 
f 1436/1605/1193 1413/1573/1170 1412/1572/1169 
f 1436/1606/1193 1414/1574/1171 1413/1573/1170 
f 1436/1607/1193 1415/1575/1172 1414/1574/1171 
f 1436/1608/1193 1416/1576/1173 1415/1575/1172 
f 1436/1609/1193 1417/1577/1174 1416/1576/1173 
f 1436/1610/1193 1418/1578/1175 1417/1577/1174 
f 1436/1611/1193 1419/1579/1176 1418/1578/1175 
f 1436/1612/1193 1420/1580/1177 1419/1579/1176 
f 1436/1613/1193 1421/1581/1178 1420/1580/1177 
f 1436/1614/1193 1422/1582/1179 1421/1581/1178 
f 1436/1615/1193 1423/1583/1180 1422/1582/1179 
f 1436/1616/1193 1424/1584/1181 1423/1583/1180 
f 1436/1617/1193 1425/1585/1182 1424/1584/1181 
f 1436/1618/1193 1426/1586/1183 1425/1585/1182 
f 1436/1619/1193 1427/1587/1184 1426/1586/1183 
f 1436/1620/1193 1428/1588/1185 1427/1587/1184 
f 1436/1621/1193 1429/1589/1186 1428/1588/1185 
f 1436/1622/1193 1430/1590/1187 1429/1589/1186 
f 1436/1623/1193 1431/1591/1188 1430/1590/1187 
f 1436/1624/1193 1432/1592/1189 1431/1591/1188 
f 1436/1625/1193 1433/1593/1190 1432/1592/1189 
f 1436/1626/1193 1434/1594/1191 1433/1593/1190 
f 1436/1627/1193 1435/1595/1192 1434/1594/1191 
f 1436/1628/1193 1404/1596/1161 1435/1595/1192 
# 448 polygons - 64 triangles

