# 3ds Max Wavefront OBJ Exporter v0.97b - (c)2007 guruware
# ´´½¨µÄÎÄ¼ş:23.05.2022 14:54:36

mtllib sa.mtl

#
# object Cylinder002
#

v  3.3783 -6.0327 1.2296
v  3.0712 -6.0333 1.3540
v  2.3859 -6.0345 0.8684
v  3.2230 -6.0333 0.9369
v  2.7263 -6.0336 1.5740
v  1.7817 -6.0349 1.0287
v  -0.0000 -6.0360 0.0000
v  2.0261 -6.0349 0.3573
v  3.1002 -6.0336 0.5467
v  2.7540 -6.0327 2.3109
v  2.4229 -6.0333 2.3227
v  1.9450 -6.0345 1.6321
v  2.7082 -6.0333 1.9827
v  2.0235 -6.0336 2.4115
v  1.3224 -6.0349 1.5760
v  1.7975 -6.0327 3.1134
v  1.4823 -6.0333 3.0113
v  1.2695 -6.0345 2.1989
v  1.8667 -6.0333 2.7894
v  1.0767 -6.0336 2.9582
v  0.7037 -6.0349 1.9333
v  0.6243 -6.0327 3.5405
v  0.3630 -6.0333 3.3367
v  0.4409 -6.0345 2.5005
v  0.8001 -6.0333 3.2596
v  -0.0000 -6.0336 3.1480
v  -0.0000 -6.0349 2.0573
v  -0.6243 -6.0327 3.5405
v  -0.8001 -6.0333 3.2596
v  -0.4409 -6.0345 2.5005
v  -0.3630 -6.0333 3.3367
v  -1.0767 -6.0336 2.9582
v  -0.7037 -6.0349 1.9333
v  -1.7975 -6.0327 3.1134
v  -1.8667 -6.0333 2.7894
v  -1.2695 -6.0345 2.1989
v  -1.4823 -6.0333 3.0113
v  -2.0235 -6.0336 2.4115
v  -1.3224 -6.0349 1.5760
v  -2.7540 -6.0327 2.3109
v  -2.7082 -6.0333 1.9827
v  -1.9450 -6.0345 1.6321
v  -2.4229 -6.0333 2.3227
v  -2.7263 -6.0336 1.5740
v  -1.7817 -6.0349 1.0287
v  -3.3783 -6.0327 1.2296
v  -3.2230 -6.0333 0.9369
v  -2.3859 -6.0345 0.8684
v  -3.0712 -6.0333 1.3540
v  -3.1002 -6.0336 0.5467
v  -2.0261 -6.0349 0.3573
v  -3.5951 -6.0327 -0.0000
v  -3.3490 -6.0333 -0.2219
v  -2.5391 -6.0345 -0.0000
v  -3.3490 -6.0333 0.2219
v  -3.1002 -6.0336 -0.5467
v  -2.0261 -6.0349 -0.3573
v  -3.3783 -6.0327 -1.2296
v  -3.0712 -6.0333 -1.3540
v  -2.3859 -6.0345 -0.8684
v  -3.2230 -6.0333 -0.9369
v  -2.7263 -6.0336 -1.5740
v  -1.7817 -6.0349 -1.0287
v  -2.7540 -6.0327 -2.3109
v  -2.4229 -6.0333 -2.3227
v  -1.9450 -6.0345 -1.6321
v  -2.7082 -6.0333 -1.9827
v  -2.0235 -6.0336 -2.4115
v  -1.3224 -6.0349 -1.5760
v  -1.7975 -6.0327 -3.1134
v  -1.4823 -6.0333 -3.0113
v  -1.2695 -6.0345 -2.1989
v  -1.8667 -6.0333 -2.7894
v  -1.0767 -6.0336 -2.9582
v  -0.7037 -6.0349 -1.9333
v  -0.6243 -6.0327 -3.5405
v  -0.3630 -6.0333 -3.3367
v  -0.4409 -6.0345 -2.5005
v  -0.8001 -6.0333 -3.2596
v  -0.0000 -6.0336 -3.1480
v  -0.0000 -6.0349 -2.0573
v  0.6243 -6.0327 -3.5405
v  0.8001 -6.0333 -3.2596
v  0.4409 -6.0345 -2.5005
v  0.3630 -6.0333 -3.3367
v  1.0767 -6.0336 -2.9582
v  0.7037 -6.0349 -1.9333
v  1.7975 -6.0327 -3.1134
v  1.8667 -6.0333 -2.7894
v  1.2695 -6.0345 -2.1989
v  1.4823 -6.0333 -3.0113
v  2.0235 -6.0336 -2.4115
v  1.3224 -6.0349 -1.5760
v  2.7540 -6.0327 -2.3109
v  2.7082 -6.0333 -1.9827
v  1.9450 -6.0345 -1.6321
v  2.4229 -6.0333 -2.3227
v  2.7263 -6.0336 -1.5740
v  1.7817 -6.0349 -1.0287
v  3.3783 -6.0327 -1.2296
v  3.2230 -6.0333 -0.9369
v  2.3859 -6.0345 -0.8684
v  3.0712 -6.0333 -1.3540
v  3.1002 -6.0336 -0.5467
v  2.0261 -6.0349 -0.3573
v  3.5951 -6.0327 0.0000
v  3.3490 -6.0333 0.2219
v  2.5391 -6.0345 0.0000
v  3.3490 -6.0333 -0.2219
v  3.8803 -6.0314 -0.3270
v  3.9658 -6.0312 0.0000
v  3.7642 -6.0316 -0.6637
v  4.1085 -6.0288 -0.7244
v  4.1742 -6.0288 -0.3621
v  4.2079 -6.0288 0.0000
v  3.7266 -6.0312 -1.3564
v  3.7581 -6.0314 -1.0198
v  3.9541 -6.0288 -1.4392
v  4.0463 -6.0288 -1.0874
v  4.0300 -6.0221 -1.4668
v  4.1423 -6.0221 -1.1100
v  4.1423 -6.0256 -1.1100
v  4.0300 -6.0256 -1.4668
v  4.2232 -6.0221 -0.7447
v  4.2232 -6.0256 -0.7447
v  4.2886 -6.0221 0.0000
v  4.2886 -6.0256 0.0000
v  4.2721 -6.0256 -0.3737
v  4.2721 -6.0221 -0.3737
v  3.5344 -6.0314 -1.6344
v  3.3102 -6.0316 -1.9112
v  3.6129 -6.0288 -2.0859
v  3.7986 -6.0288 -1.7679
v  3.0380 -6.0312 -2.5491
v  3.1827 -6.0314 -2.2437
v  3.2234 -6.0288 -2.7048
v  3.4303 -6.0288 -2.4057
v  3.2853 -6.0221 -2.7567
v  3.5129 -6.0221 -2.4598
v  3.5129 -6.0256 -2.4598
v  3.2853 -6.0256 -2.7567
v  3.7138 -6.0221 -2.1442
v  3.7138 -6.0256 -2.1442
v  3.8867 -6.0256 -1.8124
v  3.8867 -6.0221 -1.8124
v  2.7623 -6.0314 -2.7447
v  2.4569 -6.0316 -2.9281
v  2.6816 -6.0288 -3.1958
v  2.9649 -6.0288 -2.9605
v  1.9829 -6.0312 -3.4345
v  2.2233 -6.0314 -3.1969
v  2.1039 -6.0288 -3.6441
v  2.4006 -6.0288 -3.4339
v  2.1443 -6.0221 -3.7140
v  2.4597 -6.0221 -3.5129
v  2.4597 -6.0256 -3.5129
v  2.1443 -6.0256 -3.7140
v  2.7565 -6.0221 -3.2851
v  2.7565 -6.0256 -3.2851
v  3.0324 -6.0256 -3.0324
v  3.0324 -6.0221 -3.0324
v  1.6569 -6.0314 -3.5239
v  1.3073 -6.0316 -3.5918
v  1.4269 -6.0288 -3.9202
v  1.7735 -6.0288 -3.7960
v  0.6886 -6.0312 -3.9055
v  0.9959 -6.0314 -3.7645
v  0.7307 -6.0288 -4.1440
v  1.0814 -6.0288 -4.0479
v  0.7447 -6.0221 -4.2234
v  1.1099 -6.0221 -4.1423
v  1.1099 -6.0256 -4.1423
v  0.7447 -6.0256 -4.2234
v  1.4667 -6.0221 -4.0297
v  1.4667 -6.0256 -4.0297
v  1.8124 -6.0256 -3.8866
v  1.8124 -6.0221 -3.8866
v  0.3517 -6.0314 -3.8781
v  -0.0000 -6.0316 -3.8223
v  -0.0000 -6.0288 -4.1718
v  0.3683 -6.0288 -4.1736
v  -0.6886 -6.0312 -3.9055
v  -0.3517 -6.0314 -3.8781
v  -0.7307 -6.0288 -4.1440
v  -0.3683 -6.0288 -4.1736
v  -0.7447 -6.0221 -4.2234
v  -0.3738 -6.0221 -4.2721
v  -0.3738 -6.0256 -4.2721
v  -0.7447 -6.0256 -4.2234
v  -0.0000 -6.0221 -4.2883
v  -0.0000 -6.0256 -4.2883
v  0.3738 -6.0256 -4.2721
v  0.3738 -6.0221 -4.2721
v  -0.9959 -6.0314 -3.7645
v  -1.3073 -6.0316 -3.5918
v  -1.4269 -6.0288 -3.9202
v  -1.0814 -6.0288 -4.0479
v  -1.9829 -6.0312 -3.4345
v  -1.6569 -6.0314 -3.5239
v  -2.1039 -6.0288 -3.6441
v  -1.7735 -6.0288 -3.7960
v  -2.1443 -6.0221 -3.7140
v  -1.8124 -6.0221 -3.8866
v  -1.8124 -6.0256 -3.8866
v  -2.1443 -6.0256 -3.7140
v  -1.4667 -6.0221 -4.0297
v  -1.4667 -6.0256 -4.0297
v  -1.1099 -6.0256 -4.1423
v  -1.1099 -6.0221 -4.1423
v  -2.2233 -6.0314 -3.1969
v  -2.4569 -6.0316 -2.9281
v  -2.6816 -6.0288 -3.1958
v  -2.4006 -6.0288 -3.4339
v  -3.0380 -6.0312 -2.5491
v  -2.7623 -6.0314 -2.7447
v  -3.2234 -6.0288 -2.7048
v  -2.9649 -6.0288 -2.9605
v  -3.2853 -6.0221 -2.7567
v  -3.0324 -6.0221 -3.0324
v  -3.0324 -6.0256 -3.0324
v  -3.2853 -6.0256 -2.7567
v  -2.7565 -6.0221 -3.2851
v  -2.7565 -6.0256 -3.2851
v  -2.4597 -6.0256 -3.5129
v  -2.4597 -6.0221 -3.5129
v  -3.1827 -6.0314 -2.2437
v  -3.3102 -6.0316 -1.9112
v  -3.6129 -6.0288 -2.0859
v  -3.4303 -6.0288 -2.4057
v  -3.7266 -6.0312 -1.3564
v  -3.5344 -6.0314 -1.6344
v  -3.9541 -6.0288 -1.4392
v  -3.7986 -6.0288 -1.7679
v  -4.0300 -6.0221 -1.4668
v  -3.8867 -6.0221 -1.8124
v  -3.8867 -6.0256 -1.8124
v  -4.0300 -6.0256 -1.4668
v  -3.7138 -6.0221 -2.1442
v  -3.7138 -6.0256 -2.1442
v  -3.5129 -6.0256 -2.4598
v  -3.5129 -6.0221 -2.4598
v  -3.7581 -6.0314 -1.0198
v  -3.7642 -6.0316 -0.6637
v  -4.1085 -6.0288 -0.7244
v  -4.0463 -6.0288 -1.0874
v  -3.9658 -6.0312 -0.0000
v  -3.8803 -6.0314 -0.3270
v  -4.2079 -6.0288 -0.0000
v  -4.1742 -6.0288 -0.3621
v  -4.2886 -6.0221 -0.0000
v  -4.2721 -6.0221 -0.3737
v  -4.2721 -6.0256 -0.3737
v  -4.2886 -6.0256 -0.0000
v  -4.2232 -6.0221 -0.7447
v  -4.2232 -6.0256 -0.7447
v  -4.1423 -6.0256 -1.1100
v  -4.1423 -6.0221 -1.1100
v  -3.8803 -6.0314 0.3270
v  -3.7642 -6.0316 0.6637
v  -4.1085 -6.0288 0.7244
v  -4.1742 -6.0288 0.3621
v  -3.7266 -6.0312 1.3564
v  -3.7581 -6.0314 1.0198
v  -3.9541 -6.0288 1.4392
v  -4.0463 -6.0288 1.0874
v  -4.0300 -6.0221 1.4668
v  -4.1423 -6.0221 1.1100
v  -4.1423 -6.0256 1.1100
v  -4.0300 -6.0256 1.4668
v  -4.2232 -6.0221 0.7447
v  -4.2232 -6.0256 0.7447
v  -4.2721 -6.0256 0.3737
v  -4.2721 -6.0221 0.3737
v  -3.5344 -6.0314 1.6344
v  -3.3102 -6.0316 1.9112
v  -3.6129 -6.0288 2.0859
v  -3.7986 -6.0288 1.7679
v  -3.0380 -6.0312 2.5491
v  -3.1827 -6.0314 2.2437
v  -3.2234 -6.0288 2.7048
v  -3.4303 -6.0288 2.4057
v  -3.2853 -6.0221 2.7567
v  -3.5129 -6.0221 2.4598
v  -3.5129 -6.0256 2.4598
v  -3.2853 -6.0256 2.7567
v  -3.7138 -6.0221 2.1442
v  -3.7138 -6.0256 2.1442
v  -3.8867 -6.0256 1.8124
v  -3.8867 -6.0221 1.8124
v  -2.7623 -6.0314 2.7447
v  -2.4569 -6.0316 2.9281
v  -2.6816 -6.0288 3.1958
v  -2.9649 -6.0288 2.9605
v  -1.9829 -6.0312 3.4345
v  -2.2233 -6.0314 3.1969
v  -2.1039 -6.0288 3.6441
v  -2.4006 -6.0288 3.4339
v  -2.1443 -6.0221 3.7140
v  -2.4597 -6.0221 3.5129
v  -2.4597 -6.0256 3.5129
v  -2.1443 -6.0256 3.7140
v  -2.7565 -6.0221 3.2851
v  -2.7565 -6.0256 3.2851
v  -3.0324 -6.0256 3.0324
v  -3.0324 -6.0221 3.0324
v  -1.6569 -6.0314 3.5239
v  -1.3073 -6.0316 3.5918
v  -1.4269 -6.0288 3.9202
v  -1.7735 -6.0288 3.7960
v  -0.6886 -6.0312 3.9055
v  -0.9959 -6.0314 3.7645
v  -0.7307 -6.0288 4.1440
v  -1.0814 -6.0288 4.0479
v  -0.7447 -6.0221 4.2234
v  -1.1099 -6.0221 4.1423
v  -1.1099 -6.0256 4.1423
v  -0.7447 -6.0256 4.2234
v  -1.4667 -6.0221 4.0297
v  -1.4667 -6.0256 4.0297
v  -1.8124 -6.0256 3.8866
v  -1.8124 -6.0221 3.8866
v  -0.3517 -6.0314 3.8781
v  -0.0000 -6.0316 3.8223
v  -0.0000 -6.0288 4.1718
v  -0.3683 -6.0288 4.1736
v  0.6886 -6.0312 3.9055
v  0.3517 -6.0314 3.8781
v  0.7307 -6.0288 4.1440
v  0.3683 -6.0288 4.1736
v  0.7447 -6.0221 4.2234
v  0.3738 -6.0221 4.2721
v  0.3738 -6.0256 4.2721
v  0.7447 -6.0256 4.2234
v  -0.0000 -6.0221 4.2883
v  -0.0000 -6.0256 4.2883
v  -0.3738 -6.0256 4.2721
v  -0.3738 -6.0221 4.2721
v  0.9959 -6.0314 3.7645
v  1.3073 -6.0316 3.5918
v  1.4269 -6.0288 3.9202
v  1.0814 -6.0288 4.0479
v  1.9829 -6.0312 3.4345
v  1.6569 -6.0314 3.5239
v  2.1039 -6.0288 3.6441
v  1.7735 -6.0288 3.7960
v  2.1443 -6.0221 3.7140
v  1.8124 -6.0221 3.8866
v  1.8124 -6.0256 3.8866
v  2.1443 -6.0256 3.7140
v  1.4667 -6.0221 4.0297
v  1.4667 -6.0256 4.0297
v  1.1099 -6.0256 4.1423
v  1.1099 -6.0221 4.1423
v  2.2233 -6.0314 3.1969
v  2.4569 -6.0316 2.9281
v  2.6816 -6.0288 3.1958
v  2.4006 -6.0288 3.4339
v  3.0380 -6.0312 2.5491
v  2.7623 -6.0314 2.7447
v  3.2234 -6.0288 2.7048
v  2.9649 -6.0288 2.9605
v  3.2853 -6.0221 2.7567
v  3.0324 -6.0221 3.0324
v  3.0324 -6.0256 3.0324
v  3.2853 -6.0256 2.7567
v  2.7565 -6.0221 3.2851
v  2.7565 -6.0256 3.2851
v  2.4597 -6.0256 3.5129
v  2.4597 -6.0221 3.5129
v  3.1827 -6.0314 2.2437
v  3.3102 -6.0316 1.9112
v  3.6129 -6.0288 2.0859
v  3.4303 -6.0288 2.4057
v  3.7266 -6.0312 1.3564
v  3.5344 -6.0314 1.6344
v  3.9541 -6.0288 1.4392
v  3.7986 -6.0288 1.7679
v  4.0300 -6.0221 1.4668
v  3.8867 -6.0221 1.8124
v  3.8867 -6.0256 1.8124
v  4.0300 -6.0256 1.4668
v  3.7138 -6.0221 2.1442
v  3.7138 -6.0256 2.1442
v  3.5129 -6.0256 2.4598
v  3.5129 -6.0221 2.4598
v  3.7581 -6.0314 1.0198
v  3.7642 -6.0316 0.6637
v  4.1085 -6.0288 0.7244
v  4.0463 -6.0288 1.0874
v  3.8803 -6.0314 0.3270
v  4.1742 -6.0288 0.3621
v  4.2721 -6.0221 0.3737
v  4.2721 -6.0256 0.3737
v  4.2232 -6.0221 0.7447
v  4.2232 -6.0256 0.7447
v  4.1423 -6.0256 1.1100
v  4.1423 -6.0221 1.1100
v  4.2721 -6.0185 -0.3737
v  4.2886 -6.0185 0.0000
v  4.2232 -6.0185 -0.7447
v  4.2232 -6.0150 -0.7447
v  4.2721 -6.0150 -0.3737
v  4.2886 -6.0150 0.0000
v  4.0300 -6.0185 -1.4668
v  4.1423 -6.0185 -1.1100
v  4.0300 -6.0150 -1.4668
v  4.1423 -6.0150 -1.1100
v  4.0300 -6.0080 -1.4668
v  4.1423 -6.0080 -1.1100
v  4.1423 -6.0115 -1.1100
v  4.0300 -6.0115 -1.4668
v  4.2232 -6.0080 -0.7447
v  4.2232 -6.0115 -0.7447
v  4.2886 -6.0080 0.0000
v  4.2886 -6.0115 0.0000
v  4.2721 -6.0115 -0.3737
v  4.2721 -6.0080 -0.3737
v  3.8867 -6.0185 -1.8124
v  3.7138 -6.0185 -2.1442
v  3.7138 -6.0150 -2.1442
v  3.8867 -6.0150 -1.8124
v  3.2853 -6.0185 -2.7567
v  3.5129 -6.0185 -2.4598
v  3.2853 -6.0150 -2.7567
v  3.5129 -6.0150 -2.4598
v  3.2853 -6.0080 -2.7567
v  3.5129 -6.0080 -2.4598
v  3.5129 -6.0115 -2.4598
v  3.2853 -6.0115 -2.7567
v  3.7138 -6.0080 -2.1442
v  3.7138 -6.0115 -2.1442
v  3.8867 -6.0115 -1.8124
v  3.8867 -6.0080 -1.8124
v  3.0324 -6.0185 -3.0324
v  2.7565 -6.0185 -3.2851
v  2.7565 -6.0150 -3.2851
v  3.0324 -6.0150 -3.0324
v  2.1443 -6.0185 -3.7140
v  2.4597 -6.0185 -3.5129
v  2.1443 -6.0150 -3.7140
v  2.4597 -6.0150 -3.5129
v  2.1443 -6.0080 -3.7140
v  2.4597 -6.0080 -3.5129
v  2.4597 -6.0115 -3.5129
v  2.1443 -6.0115 -3.7140
v  2.7565 -6.0080 -3.2851
v  2.7565 -6.0115 -3.2851
v  3.0324 -6.0115 -3.0324
v  3.0324 -6.0080 -3.0324
v  1.8124 -6.0185 -3.8866
v  1.4667 -6.0185 -4.0297
v  1.4667 -6.0150 -4.0297
v  1.8124 -6.0150 -3.8866
v  0.7447 -6.0185 -4.2234
v  1.1099 -6.0185 -4.1423
v  0.7447 -6.0150 -4.2234
v  1.1099 -6.0150 -4.1423
v  0.7447 -6.0080 -4.2234
v  1.1099 -6.0080 -4.1423
v  1.1099 -6.0115 -4.1423
v  0.7447 -6.0115 -4.2234
v  1.4667 -6.0080 -4.0297
v  1.4667 -6.0115 -4.0297
v  1.8124 -6.0115 -3.8866
v  1.8124 -6.0080 -3.8866
v  0.3738 -6.0185 -4.2721
v  -0.0000 -6.0185 -4.2883
v  -0.0000 -6.0150 -4.2883
v  0.3738 -6.0150 -4.2721
v  -0.7447 -6.0185 -4.2234
v  -0.3738 -6.0185 -4.2721
v  -0.7447 -6.0150 -4.2234
v  -0.3738 -6.0150 -4.2721
v  -0.7447 -6.0080 -4.2234
v  -0.3738 -6.0080 -4.2721
v  -0.3738 -6.0115 -4.2721
v  -0.7447 -6.0115 -4.2234
v  -0.0000 -6.0080 -4.2883
v  -0.0000 -6.0115 -4.2883
v  0.3738 -6.0115 -4.2721
v  0.3738 -6.0080 -4.2721
v  -1.1099 -6.0185 -4.1423
v  -1.4667 -6.0185 -4.0297
v  -1.4667 -6.0150 -4.0297
v  -1.1099 -6.0150 -4.1423
v  -2.1443 -6.0185 -3.7140
v  -1.8124 -6.0185 -3.8866
v  -2.1443 -6.0150 -3.7140
v  -1.8124 -6.0150 -3.8866
v  -2.1443 -6.0080 -3.7140
v  -1.8124 -6.0080 -3.8866
v  -1.8124 -6.0115 -3.8866
v  -2.1443 -6.0115 -3.7140
v  -1.4667 -6.0080 -4.0297
v  -1.4667 -6.0115 -4.0297
v  -1.1099 -6.0115 -4.1423
v  -1.1099 -6.0080 -4.1423
v  -2.4597 -6.0185 -3.5129
v  -2.7565 -6.0185 -3.2851
v  -2.7565 -6.0150 -3.2851
v  -2.4597 -6.0150 -3.5129
v  -3.2853 -6.0185 -2.7567
v  -3.0324 -6.0185 -3.0324
v  -3.2853 -6.0150 -2.7567
v  -3.0324 -6.0150 -3.0324
v  -3.2853 -6.0080 -2.7567
v  -3.0324 -6.0080 -3.0324
v  -3.0324 -6.0115 -3.0324
v  -3.2853 -6.0115 -2.7567
v  -2.7565 -6.0080 -3.2851
v  -2.7565 -6.0115 -3.2851
v  -2.4597 -6.0115 -3.5129
v  -2.4597 -6.0080 -3.5129
v  -3.5129 -6.0185 -2.4598
v  -3.7138 -6.0185 -2.1442
v  -3.7138 -6.0150 -2.1442
v  -3.5129 -6.0150 -2.4598
v  -4.0300 -6.0185 -1.4668
v  -3.8867 -6.0185 -1.8124
v  -4.0300 -6.0150 -1.4668
v  -3.8867 -6.0150 -1.8124
v  -4.0300 -6.0080 -1.4668
v  -3.8867 -6.0080 -1.8124
v  -3.8867 -6.0115 -1.8124
v  -4.0300 -6.0115 -1.4668
v  -3.7138 -6.0080 -2.1442
v  -3.7138 -6.0115 -2.1442
v  -3.5129 -6.0115 -2.4598
v  -3.5129 -6.0080 -2.4598
v  -4.1423 -6.0185 -1.1100
v  -4.2232 -6.0185 -0.7447
v  -4.2232 -6.0150 -0.7447
v  -4.1423 -6.0150 -1.1100
v  -4.2886 -6.0185 -0.0000
v  -4.2721 -6.0185 -0.3737
v  -4.2886 -6.0150 -0.0000
v  -4.2721 -6.0150 -0.3737
v  -4.2886 -6.0080 -0.0000
v  -4.2721 -6.0080 -0.3737
v  -4.2721 -6.0115 -0.3737
v  -4.2886 -6.0115 -0.0000
v  -4.2232 -6.0080 -0.7447
v  -4.2232 -6.0115 -0.7447
v  -4.1423 -6.0115 -1.1100
v  -4.1423 -6.0080 -1.1100
v  -4.2721 -6.0185 0.3737
v  -4.2232 -6.0185 0.7447
v  -4.2232 -6.0150 0.7447
v  -4.2721 -6.0150 0.3737
v  -4.0300 -6.0185 1.4668
v  -4.1423 -6.0185 1.1100
v  -4.0300 -6.0150 1.4668
v  -4.1423 -6.0150 1.1100
v  -4.0300 -6.0080 1.4668
v  -4.1423 -6.0080 1.1100
v  -4.1423 -6.0115 1.1100
v  -4.0300 -6.0115 1.4668
v  -4.2232 -6.0080 0.7447
v  -4.2232 -6.0115 0.7447
v  -4.2721 -6.0115 0.3737
v  -4.2721 -6.0080 0.3737
v  -3.8867 -6.0185 1.8124
v  -3.7138 -6.0185 2.1442
v  -3.7138 -6.0150 2.1442
v  -3.8867 -6.0150 1.8124
v  -3.2853 -6.0185 2.7567
v  -3.5129 -6.0185 2.4598
v  -3.2853 -6.0150 2.7567
v  -3.5129 -6.0150 2.4598
v  -3.2853 -6.0080 2.7567
v  -3.5129 -6.0080 2.4598
v  -3.5129 -6.0115 2.4598
v  -3.2853 -6.0115 2.7567
v  -3.7138 -6.0080 2.1442
v  -3.7138 -6.0115 2.1442
v  -3.8867 -6.0115 1.8124
v  -3.8867 -6.0080 1.8124
v  -3.0324 -6.0185 3.0324
v  -2.7565 -6.0185 3.2851
v  -2.7565 -6.0150 3.2851
v  -3.0324 -6.0150 3.0324
v  -2.1443 -6.0185 3.7140
v  -2.4597 -6.0185 3.5129
v  -2.1443 -6.0150 3.7140
v  -2.4597 -6.0150 3.5129
v  -2.1443 -6.0080 3.7140
v  -2.4597 -6.0080 3.5129
v  -2.4597 -6.0115 3.5129
v  -2.1443 -6.0115 3.7140
v  -2.7565 -6.0080 3.2851
v  -2.7565 -6.0115 3.2851
v  -3.0324 -6.0115 3.0324
v  -3.0324 -6.0080 3.0324
v  -1.8124 -6.0185 3.8866
v  -1.4667 -6.0185 4.0297
v  -1.4667 -6.0150 4.0297
v  -1.8124 -6.0150 3.8866
v  -0.7447 -6.0185 4.2234
v  -1.1099 -6.0185 4.1423
v  -0.7447 -6.0150 4.2234
v  -1.1099 -6.0150 4.1423
v  -0.7447 -6.0080 4.2234
v  -1.1099 -6.0080 4.1423
v  -1.1099 -6.0115 4.1423
v  -0.7447 -6.0115 4.2234
v  -1.4667 -6.0080 4.0297
v  -1.4667 -6.0115 4.0297
v  -1.8124 -6.0115 3.8866
v  -1.8124 -6.0080 3.8866
v  -0.3738 -6.0185 4.2721
v  -0.0000 -6.0185 4.2883
v  -0.0000 -6.0150 4.2883
v  -0.3738 -6.0150 4.2721
v  0.7447 -6.0185 4.2234
v  0.3738 -6.0185 4.2721
v  0.7447 -6.0150 4.2235
v  0.3738 -6.0150 4.2721
v  0.7447 -6.0080 4.2234
v  0.3738 -6.0080 4.2721
v  0.3738 -6.0115 4.2721
v  0.7447 -6.0115 4.2234
v  -0.0000 -6.0080 4.2883
v  -0.0000 -6.0115 4.2883
v  -0.3738 -6.0115 4.2721
v  -0.3738 -6.0080 4.2721
v  1.1099 -6.0185 4.1423
v  1.4667 -6.0185 4.0297
v  1.4667 -6.0150 4.0297
v  1.1099 -6.0150 4.1423
v  2.1443 -6.0185 3.7140
v  1.8124 -6.0185 3.8866
v  2.1443 -6.0150 3.7140
v  1.8124 -6.0150 3.8866
v  2.1443 -6.0080 3.7140
v  1.8124 -6.0080 3.8866
v  1.8124 -6.0115 3.8866
v  2.1443 -6.0115 3.7140
v  1.4667 -6.0080 4.0297
v  1.4667 -6.0115 4.0297
v  1.1099 -6.0115 4.1423
v  1.1099 -6.0080 4.1423
v  2.4597 -6.0185 3.5129
v  2.7565 -6.0185 3.2851
v  2.7565 -6.0150 3.2851
v  2.4597 -6.0150 3.5129
v  3.2853 -6.0185 2.7567
v  3.0324 -6.0185 3.0324
v  3.2853 -6.0150 2.7567
v  3.0324 -6.0150 3.0324
v  3.2853 -6.0080 2.7567
v  3.0324 -6.0080 3.0324
v  3.0324 -6.0115 3.0324
v  3.2853 -6.0115 2.7567
v  2.7565 -6.0080 3.2851
v  2.7565 -6.0115 3.2851
v  2.4597 -6.0115 3.5129
v  2.4597 -6.0080 3.5129
v  3.5129 -6.0185 2.4598
v  3.7138 -6.0185 2.1442
v  3.7138 -6.0150 2.1442
v  3.5129 -6.0150 2.4598
v  4.0300 -6.0185 1.4668
v  3.8867 -6.0185 1.8124
v  4.0300 -6.0150 1.4668
v  3.8867 -6.0150 1.8124
v  4.0300 -6.0080 1.4668
v  3.8867 -6.0080 1.8124
v  3.8867 -6.0115 1.8124
v  4.0300 -6.0115 1.4668
v  3.7138 -6.0080 2.1442
v  3.7138 -6.0115 2.1442
v  3.5129 -6.0115 2.4598
v  3.5129 -6.0080 2.4598
v  4.1423 -6.0185 1.1100
v  4.2232 -6.0185 0.7447
v  4.2232 -6.0150 0.7447
v  4.1423 -6.0150 1.1100
v  4.2721 -6.0185 0.3737
v  4.2721 -6.0150 0.3737
v  4.2721 -6.0080 0.3737
v  4.2721 -6.0115 0.3737
v  4.2232 -6.0080 0.7447
v  4.2232 -6.0115 0.7447
v  4.1423 -6.0115 1.1100
v  4.1423 -6.0080 1.1100
v  4.2721 -6.0045 -0.3737
v  4.2886 -6.0045 0.0000
v  4.2232 -6.0045 -0.7447
v  4.2232 -6.0009 -0.7447
v  4.2721 -6.0009 -0.3737
v  4.2886 -6.0009 0.0000
v  4.0300 -6.0045 -1.4668
v  4.1423 -6.0045 -1.1100
v  4.0300 -6.0009 -1.4668
v  4.1423 -6.0009 -1.1100
v  4.0300 -5.9939 -1.4668
v  4.1423 -5.9939 -1.1100
v  4.1423 -5.9974 -1.1100
v  4.0300 -5.9974 -1.4668
v  4.2232 -5.9939 -0.7447
v  4.2232 -5.9974 -0.7447
v  4.2886 -5.9939 0.0000
v  4.2886 -5.9974 0.0000
v  4.2721 -5.9974 -0.3737
v  4.2721 -5.9939 -0.3737
v  3.8867 -6.0045 -1.8124
v  3.7138 -6.0045 -2.1442
v  3.7138 -6.0009 -2.1442
v  3.8867 -6.0009 -1.8124
v  3.2853 -6.0045 -2.7567
v  3.5129 -6.0045 -2.4598
v  3.2853 -6.0009 -2.7567
v  3.5129 -6.0009 -2.4598
v  3.2853 -5.9939 -2.7567
v  3.5129 -5.9939 -2.4598
v  3.5129 -5.9974 -2.4598
v  3.2853 -5.9974 -2.7567
v  3.7138 -5.9939 -2.1442
v  3.7138 -5.9974 -2.1442
v  3.8867 -5.9974 -1.8124
v  3.8867 -5.9939 -1.8124
v  3.0324 -6.0045 -3.0324
v  2.7565 -6.0045 -3.2851
v  2.7565 -6.0009 -3.2851
v  3.0324 -6.0009 -3.0324
v  2.1443 -6.0045 -3.7140
v  2.4597 -6.0045 -3.5129
v  2.1443 -6.0009 -3.7140
v  2.4597 -6.0009 -3.5129
v  2.1443 -5.9939 -3.7140
v  2.4597 -5.9939 -3.5129
v  2.4597 -5.9974 -3.5129
v  2.1443 -5.9974 -3.7140
v  2.7565 -5.9939 -3.2851
v  2.7565 -5.9974 -3.2851
v  3.0324 -5.9974 -3.0324
v  3.0324 -5.9939 -3.0324
v  1.8124 -6.0045 -3.8866
v  1.4667 -6.0045 -4.0297
v  1.4667 -6.0009 -4.0297
v  1.8124 -6.0009 -3.8866
v  0.7447 -6.0045 -4.2234
v  1.1099 -6.0045 -4.1423
v  0.7447 -6.0009 -4.2234
v  1.1099 -6.0009 -4.1423
v  0.7447 -5.9939 -4.2234
v  1.1099 -5.9939 -4.1423
v  1.1099 -5.9974 -4.1423
v  0.7447 -5.9974 -4.2234
v  1.4667 -5.9939 -4.0297
v  1.4667 -5.9974 -4.0297
v  1.8124 -5.9974 -3.8866
v  1.8124 -5.9939 -3.8866
v  0.3738 -6.0045 -4.2721
v  -0.0000 -6.0045 -4.2883
v  -0.0000 -6.0009 -4.2883
v  0.3738 -6.0009 -4.2721
v  -0.7447 -6.0045 -4.2234
v  -0.3738 -6.0045 -4.2721
v  -0.7447 -6.0009 -4.2234
v  -0.3738 -6.0009 -4.2721
v  -0.7447 -5.9939 -4.2234
v  -0.3738 -5.9939 -4.2721
v  -0.3738 -5.9974 -4.2721
v  -0.7447 -5.9974 -4.2234
v  -0.0000 -5.9939 -4.2883
v  -0.0000 -5.9974 -4.2883
v  0.3738 -5.9974 -4.2721
v  0.3738 -5.9939 -4.2721
v  -1.1099 -6.0045 -4.1423
v  -1.4667 -6.0045 -4.0297
v  -1.4667 -6.0009 -4.0297
v  -1.1099 -6.0009 -4.1423
v  -2.1443 -6.0045 -3.7140
v  -1.8124 -6.0045 -3.8866
v  -2.1443 -6.0009 -3.7140
v  -1.8124 -6.0009 -3.8866
v  -2.1443 -5.9939 -3.7140
v  -1.8124 -5.9939 -3.8866
v  -1.8124 -5.9974 -3.8866
v  -2.1443 -5.9974 -3.7140
v  -1.4667 -5.9939 -4.0297
v  -1.4667 -5.9974 -4.0297
v  -1.1099 -5.9974 -4.1423
v  -1.1099 -5.9939 -4.1423
v  -2.4597 -6.0045 -3.5129
v  -2.7565 -6.0045 -3.2851
v  -2.7565 -6.0009 -3.2851
v  -2.4597 -6.0009 -3.5129
v  -3.2853 -6.0045 -2.7567
v  -3.0324 -6.0045 -3.0324
v  -3.2853 -6.0009 -2.7567
v  -3.0324 -6.0009 -3.0324
v  -3.2853 -5.9939 -2.7567
v  -3.0324 -5.9939 -3.0324
v  -3.0324 -5.9974 -3.0324
v  -3.2853 -5.9974 -2.7567
v  -2.7565 -5.9939 -3.2851
v  -2.7565 -5.9974 -3.2851
v  -2.4597 -5.9974 -3.5129
v  -2.4597 -5.9939 -3.5129
v  -3.5129 -6.0045 -2.4598
v  -3.7138 -6.0045 -2.1442
v  -3.7138 -6.0009 -2.1442
v  -3.5129 -6.0009 -2.4598
v  -4.0300 -6.0045 -1.4668
v  -3.8867 -6.0045 -1.8124
v  -4.0300 -6.0009 -1.4668
v  -3.8867 -6.0009 -1.8124
v  -4.0300 -5.9939 -1.4668
v  -3.8867 -5.9939 -1.8124
v  -3.8867 -5.9974 -1.8124
v  -4.0300 -5.9974 -1.4668
v  -3.7138 -5.9939 -2.1442
v  -3.7138 -5.9974 -2.1442
v  -3.5129 -5.9974 -2.4598
v  -3.5129 -5.9939 -2.4598
v  -4.1423 -6.0045 -1.1100
v  -4.2232 -6.0045 -0.7447
v  -4.2232 -6.0009 -0.7447
v  -4.1423 -6.0009 -1.1100
v  -4.2886 -6.0045 -0.0000
v  -4.2721 -6.0045 -0.3737
v  -4.2886 -6.0009 -0.0000
v  -4.2721 -6.0009 -0.3737
v  -4.2886 -5.9939 -0.0000
v  -4.2721 -5.9939 -0.3737
v  -4.2721 -5.9974 -0.3737
v  -4.2886 -5.9974 -0.0000
v  -4.2232 -5.9939 -0.7447
v  -4.2232 -5.9974 -0.7447
v  -4.1423 -5.9974 -1.1100
v  -4.1423 -5.9939 -1.1100
v  -4.2721 -6.0045 0.3737
v  -4.2232 -6.0045 0.7447
v  -4.2232 -6.0009 0.7447
v  -4.2721 -6.0009 0.3737
v  -4.0300 -6.0045 1.4668
v  -4.1423 -6.0045 1.1100
v  -4.0300 -6.0009 1.4668
v  -4.1423 -6.0009 1.1100
v  -4.0300 -5.9939 1.4668
v  -4.1423 -5.9939 1.1100
v  -4.1423 -5.9974 1.1100
v  -4.0300 -5.9974 1.4668
v  -4.2232 -5.9939 0.7447
v  -4.2232 -5.9974 0.7447
v  -4.2721 -5.9974 0.3737
v  -4.2721 -5.9939 0.3737
v  -3.8867 -6.0045 1.8124
v  -3.7138 -6.0045 2.1442
v  -3.7138 -6.0009 2.1442
v  -3.8867 -6.0009 1.8124
v  -3.2853 -6.0045 2.7567
v  -3.5129 -6.0045 2.4598
v  -3.2853 -6.0009 2.7567
v  -3.5129 -6.0009 2.4598
v  -3.2853 -5.9939 2.7567
v  -3.5129 -5.9939 2.4598
v  -3.5129 -5.9974 2.4598
v  -3.2853 -5.9974 2.7567
v  -3.7138 -5.9939 2.1442
v  -3.7138 -5.9974 2.1442
v  -3.8867 -5.9974 1.8124
v  -3.8867 -5.9939 1.8124
v  -3.0324 -6.0045 3.0324
v  -2.7565 -6.0045 3.2851
v  -2.7565 -6.0009 3.2851
v  -3.0324 -6.0009 3.0324
v  -2.1443 -6.0045 3.7140
v  -2.4597 -6.0045 3.5129
v  -2.1443 -6.0009 3.7140
v  -2.4597 -6.0009 3.5129
v  -2.1443 -5.9939 3.7140
v  -2.4597 -5.9939 3.5129
v  -2.4597 -5.9974 3.5129
v  -2.1443 -5.9974 3.7140
v  -2.7565 -5.9939 3.2851
v  -2.7565 -5.9974 3.2851
v  -3.0324 -5.9974 3.0324
v  -3.0324 -5.9939 3.0324
v  -1.8124 -6.0045 3.8866
v  -1.4667 -6.0045 4.0297
v  -1.4667 -6.0009 4.0297
v  -1.8124 -6.0009 3.8866
v  -0.7447 -6.0045 4.2234
v  -1.1099 -6.0045 4.1423
v  -0.7447 -6.0009 4.2234
v  -1.1099 -6.0009 4.1423
v  -0.7447 -5.9939 4.2234
v  -1.1099 -5.9939 4.1423
v  -1.1099 -5.9974 4.1423
v  -0.7447 -5.9974 4.2234
v  -1.4667 -5.9939 4.0297
v  -1.4667 -5.9974 4.0297
v  -1.8124 -5.9974 3.8866
v  -1.8124 -5.9939 3.8866
v  -0.3738 -6.0045 4.2721
v  -0.0000 -6.0045 4.2883
v  -0.0000 -6.0009 4.2883
v  -0.3738 -6.0009 4.2721
v  0.7447 -6.0045 4.2234
v  0.3738 -6.0045 4.2721
v  0.7447 -6.0009 4.2235
v  0.3738 -6.0009 4.2721
v  0.7447 -5.9939 4.2234
v  0.3738 -5.9939 4.2721
v  0.3738 -5.9974 4.2721
v  0.7447 -5.9974 4.2234
v  -0.0000 -5.9939 4.2883
v  -0.0000 -5.9974 4.2883
v  -0.3738 -5.9974 4.2721
v  -0.3738 -5.9939 4.2721
v  1.1099 -6.0045 4.1423
v  1.4667 -6.0045 4.0297
v  1.4667 -6.0009 4.0297
v  1.1099 -6.0009 4.1423
v  2.1443 -6.0045 3.7140
v  1.8124 -6.0045 3.8866
v  2.1443 -6.0009 3.7140
v  1.8124 -6.0009 3.8866
v  2.1443 -5.9939 3.7140
v  1.8124 -5.9939 3.8866
v  1.8124 -5.9974 3.8866
v  2.1443 -5.9974 3.7140
v  1.4667 -5.9939 4.0297
v  1.4667 -5.9974 4.0297
v  1.1099 -5.9974 4.1423
v  1.1099 -5.9939 4.1423
v  2.4597 -6.0045 3.5129
v  2.7565 -6.0045 3.2851
v  2.7565 -6.0009 3.2851
v  2.4597 -6.0009 3.5129
v  3.2853 -6.0045 2.7567
v  3.0324 -6.0045 3.0324
v  3.2853 -6.0009 2.7567
v  3.0324 -6.0009 3.0324
v  3.2853 -5.9939 2.7567
v  3.0324 -5.9939 3.0324
v  3.0324 -5.9974 3.0324
v  3.2853 -5.9974 2.7567
v  2.7565 -5.9939 3.2851
v  2.7565 -5.9974 3.2851
v  2.4597 -5.9974 3.5129
v  2.4597 -5.9939 3.5129
v  3.5129 -6.0045 2.4598
v  3.7138 -6.0045 2.1442
v  3.7138 -6.0009 2.1442
v  3.5129 -6.0009 2.4598
v  4.0300 -6.0045 1.4668
v  3.8867 -6.0045 1.8124
v  4.0300 -6.0009 1.4668
v  3.8867 -6.0009 1.8124
v  4.0300 -5.9939 1.4668
v  3.8867 -5.9939 1.8124
v  3.8867 -5.9974 1.8124
v  4.0300 -5.9974 1.4668
v  3.7138 -5.9939 2.1442
v  3.7138 -5.9974 2.1442
v  3.5129 -5.9974 2.4598
v  3.5129 -5.9939 2.4598
v  4.1423 -6.0045 1.1100
v  4.2232 -6.0045 0.7447
v  4.2232 -6.0009 0.7447
v  4.1423 -6.0009 1.1100
v  4.2721 -6.0045 0.3737
v  4.2721 -6.0009 0.3737
v  4.2721 -5.9939 0.3737
v  4.2721 -5.9974 0.3737
v  4.2232 -5.9939 0.7447
v  4.2232 -5.9974 0.7447
v  4.1423 -5.9974 1.1100
v  4.1423 -5.9939 1.1100
v  4.2721 -5.9904 -0.3737
v  4.2886 -5.9904 0.0000
v  4.2232 -5.9904 -0.7447
v  4.2232 -5.9868 -0.7447
v  4.2721 -5.9868 -0.3737
v  4.2886 -5.9868 0.0000
v  4.0300 -5.9904 -1.4668
v  4.1423 -5.9904 -1.1100
v  4.0300 -5.9868 -1.4668
v  4.1423 -5.9868 -1.1100
v  4.0300 -5.9798 -1.4668
v  4.1423 -5.9798 -1.1100
v  4.1423 -5.9833 -1.1100
v  4.0300 -5.9833 -1.4668
v  4.2232 -5.9798 -0.7447
v  4.2232 -5.9833 -0.7447
v  4.2886 -5.9798 0.0000
v  4.2886 -5.9833 0.0000
v  4.2721 -5.9833 -0.3737
v  4.2721 -5.9798 -0.3737
v  3.8867 -5.9904 -1.8124
v  3.7138 -5.9904 -2.1442
v  3.7138 -5.9868 -2.1442
v  3.8867 -5.9868 -1.8124
v  3.2853 -5.9904 -2.7567
v  3.5129 -5.9904 -2.4598
v  3.2853 -5.9868 -2.7567
v  3.5129 -5.9868 -2.4598
v  3.2853 -5.9798 -2.7567
v  3.5129 -5.9798 -2.4598
v  3.5129 -5.9833 -2.4598
v  3.2853 -5.9833 -2.7567
v  3.7138 -5.9798 -2.1442
v  3.7138 -5.9833 -2.1442
v  3.8867 -5.9833 -1.8124
v  3.8867 -5.9798 -1.8124
v  3.0324 -5.9904 -3.0324
v  2.7565 -5.9904 -3.2851
v  2.7565 -5.9868 -3.2851
v  3.0324 -5.9868 -3.0324
v  2.1443 -5.9904 -3.7140
v  2.4597 -5.9904 -3.5129
v  2.1443 -5.9868 -3.7140
v  2.4597 -5.9868 -3.5129
v  2.1443 -5.9798 -3.7140
v  2.4597 -5.9798 -3.5129
v  2.4597 -5.9833 -3.5129
v  2.1443 -5.9833 -3.7140
v  2.7565 -5.9798 -3.2851
v  2.7565 -5.9833 -3.2851
v  3.0324 -5.9833 -3.0324
v  3.0324 -5.9798 -3.0324
v  1.8124 -5.9904 -3.8866
v  1.4667 -5.9904 -4.0297
v  1.4667 -5.9868 -4.0297
v  1.8124 -5.9868 -3.8866
v  0.7447 -5.9904 -4.2234
v  1.1099 -5.9904 -4.1423
v  0.7447 -5.9868 -4.2234
v  1.1099 -5.9868 -4.1423
v  0.7447 -5.9798 -4.2234
v  1.1099 -5.9798 -4.1423
v  1.1099 -5.9833 -4.1423
v  0.7447 -5.9833 -4.2234
v  1.4667 -5.9798 -4.0297
v  1.4667 -5.9833 -4.0297
v  1.8124 -5.9833 -3.8866
v  1.8124 -5.9798 -3.8866
v  0.3738 -5.9904 -4.2721
v  -0.0000 -5.9904 -4.2883
v  -0.0000 -5.9868 -4.2883
v  0.3738 -5.9868 -4.2721
v  -0.7447 -5.9904 -4.2234
v  -0.3738 -5.9904 -4.2721
v  -0.7447 -5.9868 -4.2234
v  -0.3738 -5.9868 -4.2721
v  -0.7447 -5.9798 -4.2234
v  -0.3738 -5.9798 -4.2721
v  -0.3738 -5.9833 -4.2721
v  -0.7447 -5.9833 -4.2234
v  -0.0000 -5.9798 -4.2883
v  -0.0000 -5.9833 -4.2883
v  0.3738 -5.9833 -4.2721
v  0.3738 -5.9798 -4.2721
v  -1.1099 -5.9904 -4.1423
v  -1.4667 -5.9904 -4.0297
v  -1.4667 -5.9868 -4.0297
v  -1.1099 -5.9868 -4.1423
v  -2.1443 -5.9904 -3.7140
v  -1.8124 -5.9904 -3.8866
v  -2.1443 -5.9868 -3.7140
v  -1.8124 -5.9868 -3.8866
v  -2.1443 -5.9798 -3.7140
v  -1.8124 -5.9798 -3.8866
v  -1.8124 -5.9833 -3.8866
v  -2.1443 -5.9833 -3.7140
v  -1.4667 -5.9798 -4.0297
v  -1.4667 -5.9833 -4.0297
v  -1.1099 -5.9833 -4.1423
v  -1.1099 -5.9798 -4.1423
v  -2.4597 -5.9904 -3.5129
v  -2.7565 -5.9904 -3.2851
v  -2.7565 -5.9868 -3.2851
v  -2.4597 -5.9868 -3.5129
v  -3.2853 -5.9904 -2.7567
v  -3.0324 -5.9904 -3.0324
v  -3.2853 -5.9868 -2.7567
v  -3.0324 -5.9868 -3.0324
v  -3.2853 -5.9798 -2.7567
v  -3.0324 -5.9798 -3.0324
v  -3.0324 -5.9833 -3.0324
v  -3.2853 -5.9833 -2.7567
v  -2.7565 -5.9798 -3.2851
v  -2.7565 -5.9833 -3.2851
v  -2.4597 -5.9833 -3.5129
v  -2.4597 -5.9798 -3.5129
v  -3.5129 -5.9904 -2.4598
v  -3.7138 -5.9904 -2.1442
v  -3.7138 -5.9868 -2.1442
v  -3.5129 -5.9868 -2.4598
v  -4.0300 -5.9904 -1.4668
v  -3.8867 -5.9904 -1.8124
v  -4.0300 -5.9868 -1.4668
v  -3.8867 -5.9868 -1.8124
v  -4.0300 -5.9798 -1.4668
v  -3.8867 -5.9798 -1.8124
v  -3.8867 -5.9833 -1.8124
v  -4.0300 -5.9833 -1.4668
v  -3.7138 -5.9798 -2.1442
v  -3.7138 -5.9833 -2.1442
v  -3.5129 -5.9833 -2.4598
v  -3.5129 -5.9798 -2.4598
v  -4.1423 -5.9904 -1.1100
v  -4.2232 -5.9904 -0.7447
v  -4.2232 -5.9868 -0.7447
v  -4.1423 -5.9868 -1.1100
v  -4.2886 -5.9904 -0.0000
v  -4.2721 -5.9904 -0.3737
v  -4.2886 -5.9868 -0.0000
v  -4.2721 -5.9868 -0.3737
v  -4.2886 -5.9798 -0.0000
v  -4.2721 -5.9798 -0.3737
v  -4.2721 -5.9833 -0.3737
v  -4.2886 -5.9833 -0.0000
v  -4.2232 -5.9798 -0.7447
v  -4.2232 -5.9833 -0.7447
v  -4.1423 -5.9833 -1.1100
v  -4.1423 -5.9798 -1.1100
v  -4.2721 -5.9904 0.3737
v  -4.2232 -5.9904 0.7447
v  -4.2232 -5.9868 0.7447
v  -4.2721 -5.9868 0.3737
v  -4.0300 -5.9904 1.4668
v  -4.1423 -5.9904 1.1100
v  -4.0300 -5.9868 1.4668
v  -4.1423 -5.9868 1.1100
v  -4.0300 -5.9798 1.4668
v  -4.1423 -5.9798 1.1100
v  -4.1423 -5.9833 1.1100
v  -4.0300 -5.9833 1.4668
v  -4.2232 -5.9798 0.7447
v  -4.2232 -5.9833 0.7447
v  -4.2721 -5.9833 0.3737
v  -4.2721 -5.9798 0.3737
v  -3.8867 -5.9904 1.8124
v  -3.7138 -5.9904 2.1442
v  -3.7138 -5.9868 2.1442
v  -3.8867 -5.9868 1.8124
v  -3.2853 -5.9904 2.7567
v  -3.5129 -5.9904 2.4598
v  -3.2853 -5.9868 2.7567
v  -3.5129 -5.9868 2.4598
v  -3.2853 -5.9798 2.7567
v  -3.5129 -5.9798 2.4598
v  -3.5129 -5.9833 2.4598
v  -3.2853 -5.9833 2.7567
v  -3.7138 -5.9798 2.1442
v  -3.7138 -5.9833 2.1442
v  -3.8867 -5.9833 1.8124
v  -3.8867 -5.9798 1.8124
v  -3.0324 -5.9904 3.0324
v  -2.7565 -5.9904 3.2851
v  -2.7565 -5.9868 3.2851
v  -3.0324 -5.9868 3.0324
v  -2.1443 -5.9904 3.7140
v  -2.4597 -5.9904 3.5129
v  -2.1443 -5.9868 3.7140
v  -2.4597 -5.9868 3.5129
v  -2.1443 -5.9798 3.7140
v  -2.4597 -5.9798 3.5129
v  -2.4597 -5.9833 3.5129
v  -2.1443 -5.9833 3.7140
v  -2.7565 -5.9798 3.2851
v  -2.7565 -5.9833 3.2851
v  -3.0324 -5.9833 3.0324
v  -3.0324 -5.9798 3.0324
v  -1.8124 -5.9904 3.8866
v  -1.4667 -5.9904 4.0297
v  -1.4667 -5.9868 4.0297
v  -1.8124 -5.9868 3.8866
v  -0.7447 -5.9904 4.2234
v  -1.1099 -5.9904 4.1423
v  -0.7447 -5.9868 4.2234
v  -1.1099 -5.9868 4.1423
v  -0.7447 -5.9798 4.2234
v  -1.1099 -5.9798 4.1423
v  -1.1099 -5.9833 4.1423
v  -0.7447 -5.9833 4.2234
v  -1.4667 -5.9798 4.0297
v  -1.4667 -5.9833 4.0297
v  -1.8124 -5.9833 3.8866
v  -1.8124 -5.9798 3.8866
v  -0.3738 -5.9904 4.2721
v  -0.0000 -5.9904 4.2883
v  -0.0000 -5.9868 4.2883
v  -0.3738 -5.9868 4.2721
v  0.7447 -5.9904 4.2234
v  0.3738 -5.9904 4.2721
v  0.7447 -5.9868 4.2235
v  0.3738 -5.9868 4.2721
v  0.7447 -5.9798 4.2234
v  0.3738 -5.9798 4.2721
v  0.3738 -5.9833 4.2721
v  0.7447 -5.9833 4.2234
v  -0.0000 -5.9798 4.2883
v  -0.0000 -5.9833 4.2883
v  -0.3738 -5.9833 4.2721
v  -0.3738 -5.9798 4.2721
v  1.1099 -5.9904 4.1423
v  1.4667 -5.9904 4.0297
v  1.4667 -5.9868 4.0297
v  1.1099 -5.9868 4.1423
v  2.1443 -5.9904 3.7140
v  1.8124 -5.9904 3.8866
v  2.1443 -5.9868 3.7140
v  1.8124 -5.9868 3.8866
v  2.1443 -5.9798 3.7140
v  1.8124 -5.9798 3.8866
v  1.8124 -5.9833 3.8866
v  2.1443 -5.9833 3.7140
v  1.4667 -5.9798 4.0297
v  1.4667 -5.9833 4.0297
v  1.1099 -5.9833 4.1423
v  1.1099 -5.9798 4.1423
v  2.4597 -5.9904 3.5129
v  2.7565 -5.9904 3.2851
v  2.7565 -5.9868 3.2851
v  2.4597 -5.9868 3.5129
v  3.2853 -5.9904 2.7567
v  3.0324 -5.9904 3.0324
v  3.2853 -5.9868 2.7567
v  3.0324 -5.9868 3.0324
v  3.2853 -5.9798 2.7567
v  3.0324 -5.9798 3.0324
v  3.0324 -5.9833 3.0324
v  3.2853 -5.9833 2.7567
v  2.7565 -5.9798 3.2851
v  2.7565 -5.9833 3.2851
v  2.4597 -5.9833 3.5129
v  2.4597 -5.9798 3.5129
v  3.5129 -5.9904 2.4598
v  3.7138 -5.9904 2.1442
v  3.7138 -5.9868 2.1442
v  3.5129 -5.9868 2.4598
v  4.0300 -5.9904 1.4668
v  3.8867 -5.9904 1.8124
v  4.0300 -5.9868 1.4668
v  3.8867 -5.9868 1.8124
v  4.0300 -5.9798 1.4668
v  3.8867 -5.9798 1.8124
v  3.8867 -5.9833 1.8124
v  4.0300 -5.9833 1.4668
v  3.7138 -5.9798 2.1442
v  3.7138 -5.9833 2.1442
v  3.5129 -5.9833 2.4598
v  3.5129 -5.9798 2.4598
v  4.1423 -5.9904 1.1100
v  4.2232 -5.9904 0.7447
v  4.2232 -5.9868 0.7447
v  4.1423 -5.9868 1.1100
v  4.2721 -5.9904 0.3737
v  4.2721 -5.9868 0.3737
v  4.2721 -5.9798 0.3737
v  4.2721 -5.9833 0.3737
v  4.2232 -5.9798 0.7447
v  4.2232 -5.9833 0.7447
v  4.1423 -5.9833 1.1100
v  4.1423 -5.9798 1.1100
v  4.2721 -5.9763 -0.3737
v  4.2886 -5.9763 0.0000
v  4.2232 -5.9763 -0.7447
v  4.1085 -5.9730 -0.7244
v  4.1742 -5.9731 -0.3621
v  4.2079 -5.9731 0.0000
v  4.0300 -5.9763 -1.4668
v  4.1423 -5.9763 -1.1100
v  3.9541 -5.9731 -1.4392
v  4.0463 -5.9731 -1.0874
v  3.3783 -5.9692 -1.2296
v  3.2230 -5.9685 -0.9369
v  3.7581 -5.9705 -1.0198
v  3.7266 -5.9706 -1.3564
v  3.1002 -5.9682 -0.5467
v  3.7642 -5.9703 -0.6637
v  3.5951 -5.9692 0.0000
v  3.9658 -5.9706 0.0000
v  3.8803 -5.9705 -0.3270
v  3.3490 -5.9685 -0.2219
v  3.8867 -5.9763 -1.8124
v  3.7138 -5.9763 -2.1442
v  3.6129 -5.9730 -2.0859
v  3.7986 -5.9731 -1.7679
v  3.2853 -5.9763 -2.7567
v  3.5129 -5.9763 -2.4598
v  3.2234 -5.9731 -2.7048
v  3.4303 -5.9731 -2.4057
v  2.7540 -5.9692 -2.3109
v  2.7082 -5.9685 -1.9827
v  3.1827 -5.9705 -2.2437
v  3.0380 -5.9706 -2.5491
v  2.7263 -5.9682 -1.5740
v  3.3102 -5.9703 -1.9112
v  3.5344 -5.9705 -1.6344
v  3.0712 -5.9685 -1.3540
v  3.0324 -5.9763 -3.0324
v  2.7565 -5.9763 -3.2851
v  2.6816 -5.9730 -3.1958
v  2.9649 -5.9731 -2.9605
v  2.1443 -5.9763 -3.7140
v  2.4597 -5.9763 -3.5129
v  2.1039 -5.9731 -3.6441
v  2.4006 -5.9731 -3.4339
v  1.7975 -5.9692 -3.1134
v  1.8667 -5.9685 -2.7894
v  2.2233 -5.9705 -3.1969
v  1.9829 -5.9706 -3.4345
v  2.0235 -5.9682 -2.4115
v  2.4569 -5.9703 -2.9281
v  2.7623 -5.9705 -2.7447
v  2.4229 -5.9685 -2.3227
v  1.8124 -5.9763 -3.8866
v  1.4667 -5.9763 -4.0297
v  1.4269 -5.9730 -3.9202
v  1.7735 -5.9731 -3.7960
v  0.7447 -5.9763 -4.2234
v  1.1099 -5.9763 -4.1423
v  0.7307 -5.9731 -4.1440
v  1.0814 -5.9731 -4.0479
v  0.6243 -5.9692 -3.5405
v  0.8001 -5.9685 -3.2596
v  0.9959 -5.9705 -3.7645
v  0.6886 -5.9706 -3.9055
v  1.0767 -5.9682 -2.9582
v  1.3073 -5.9703 -3.5918
v  1.6569 -5.9705 -3.5239
v  1.4823 -5.9685 -3.0113
v  0.3738 -5.9763 -4.2721
v  -0.0000 -5.9763 -4.2883
v  -0.0000 -5.9730 -4.1718
v  0.3683 -5.9731 -4.1736
v  -0.7447 -5.9763 -4.2234
v  -0.3738 -5.9763 -4.2721
v  -0.7307 -5.9731 -4.1440
v  -0.3683 -5.9731 -4.1736
v  -0.6243 -5.9692 -3.5405
v  -0.3630 -5.9685 -3.3367
v  -0.3517 -5.9705 -3.8781
v  -0.6886 -5.9706 -3.9055
v  -0.0000 -5.9682 -3.1480
v  -0.0000 -5.9703 -3.8223
v  0.3517 -5.9705 -3.8781
v  0.3630 -5.9685 -3.3367
v  -1.1099 -5.9763 -4.1423
v  -1.4667 -5.9763 -4.0297
v  -1.4269 -5.9730 -3.9202
v  -1.0814 -5.9731 -4.0479
v  -2.1443 -5.9763 -3.7140
v  -1.8124 -5.9763 -3.8866
v  -2.1039 -5.9731 -3.6441
v  -1.7735 -5.9731 -3.7960
v  -1.7975 -5.9692 -3.1134
v  -1.4823 -5.9685 -3.0113
v  -1.6569 -5.9705 -3.5239
v  -1.9829 -5.9706 -3.4345
v  -1.0767 -5.9682 -2.9582
v  -1.3073 -5.9703 -3.5918
v  -0.9959 -5.9705 -3.7645
v  -0.8001 -5.9685 -3.2596
v  -2.4597 -5.9763 -3.5129
v  -2.7565 -5.9763 -3.2851
v  -2.6816 -5.9730 -3.1958
v  -2.4006 -5.9731 -3.4339
v  -3.2853 -5.9763 -2.7567
v  -3.0324 -5.9763 -3.0324
v  -3.2234 -5.9731 -2.7048
v  -2.9649 -5.9731 -2.9605
v  -2.7540 -5.9692 -2.3109
v  -2.4229 -5.9685 -2.3227
v  -2.7623 -5.9705 -2.7447
v  -3.0380 -5.9706 -2.5491
v  -2.0235 -5.9682 -2.4115
v  -2.4569 -5.9703 -2.9281
v  -2.2233 -5.9705 -3.1969
v  -1.8667 -5.9685 -2.7894
v  -3.5129 -5.9763 -2.4598
v  -3.7138 -5.9763 -2.1442
v  -3.6129 -5.9730 -2.0859
v  -3.4303 -5.9731 -2.4057
v  -4.0300 -5.9763 -1.4668
v  -3.8867 -5.9763 -1.8124
v  -3.9541 -5.9731 -1.4392
v  -3.7986 -5.9731 -1.7679
v  -3.3783 -5.9692 -1.2296
v  -3.0712 -5.9685 -1.3540
v  -3.5344 -5.9705 -1.6344
v  -3.7266 -5.9706 -1.3564
v  -2.7263 -5.9682 -1.5740
v  -3.3102 -5.9703 -1.9112
v  -3.1827 -5.9705 -2.2437
v  -2.7082 -5.9685 -1.9827
v  -4.1423 -5.9763 -1.1100
v  -4.2232 -5.9763 -0.7447
v  -4.1085 -5.9730 -0.7244
v  -4.0463 -5.9731 -1.0874
v  -4.2886 -5.9763 -0.0000
v  -4.2721 -5.9763 -0.3737
v  -4.2079 -5.9731 -0.0000
v  -4.1742 -5.9731 -0.3621
v  -3.5951 -5.9692 -0.0000
v  -3.3490 -5.9685 -0.2219
v  -3.8803 -5.9705 -0.3270
v  -3.9658 -5.9706 -0.0000
v  -3.1002 -5.9682 -0.5467
v  -3.7642 -5.9703 -0.6637
v  -3.7581 -5.9705 -1.0198
v  -3.2230 -5.9685 -0.9369
v  -4.2721 -5.9763 0.3737
v  -4.2232 -5.9763 0.7447
v  -4.1085 -5.9730 0.7244
v  -4.1742 -5.9731 0.3621
v  -4.0300 -5.9763 1.4668
v  -4.1423 -5.9763 1.1100
v  -3.9541 -5.9731 1.4392
v  -4.0463 -5.9731 1.0874
v  -3.3783 -5.9692 1.2296
v  -3.2230 -5.9685 0.9369
v  -3.7581 -5.9705 1.0198
v  -3.7266 -5.9706 1.3564
v  -3.1002 -5.9682 0.5467
v  -3.7642 -5.9703 0.6637
v  -3.8803 -5.9705 0.3270
v  -3.3490 -5.9685 0.2219
v  -3.8867 -5.9763 1.8124
v  -3.7138 -5.9763 2.1442
v  -3.6129 -5.9730 2.0859
v  -3.7986 -5.9731 1.7679
v  -3.2853 -5.9763 2.7567
v  -3.5129 -5.9763 2.4598
v  -3.2234 -5.9731 2.7048
v  -3.4303 -5.9731 2.4057
v  -2.7540 -5.9692 2.3109
v  -2.7082 -5.9685 1.9827
v  -3.1827 -5.9705 2.2437
v  -3.0380 -5.9706 2.5491
v  -2.7263 -5.9682 1.5740
v  -3.3102 -5.9703 1.9112
v  -3.5344 -5.9705 1.6344
v  -3.0712 -5.9685 1.3540
v  -3.0324 -5.9763 3.0324
v  -2.7565 -5.9763 3.2851
v  -2.6816 -5.9730 3.1958
v  -2.9649 -5.9731 2.9605
v  -2.1443 -5.9763 3.7140
v  -2.4597 -5.9763 3.5129
v  -2.1039 -5.9731 3.6441
v  -2.4006 -5.9731 3.4339
v  -1.7975 -5.9692 3.1134
v  -1.8667 -5.9685 2.7894
v  -2.2233 -5.9705 3.1969
v  -1.9829 -5.9706 3.4345
v  -2.0235 -5.9682 2.4115
v  -2.4569 -5.9703 2.9281
v  -2.7623 -5.9705 2.7447
v  -2.4229 -5.9685 2.3227
v  -1.8124 -5.9763 3.8866
v  -1.4667 -5.9763 4.0297
v  -1.4269 -5.9730 3.9202
v  -1.7735 -5.9731 3.7960
v  -0.7447 -5.9763 4.2234
v  -1.1099 -5.9763 4.1423
v  -0.7307 -5.9731 4.1440
v  -1.0814 -5.9731 4.0479
v  -0.6243 -5.9692 3.5405
v  -0.8001 -5.9685 3.2596
v  -0.9959 -5.9705 3.7645
v  -0.6886 -5.9706 3.9055
v  -1.0767 -5.9682 2.9582
v  -1.3073 -5.9703 3.5918
v  -1.6569 -5.9705 3.5239
v  -1.4823 -5.9685 3.0113
v  -0.3738 -5.9763 4.2721
v  -0.0000 -5.9763 4.2883
v  -0.0000 -5.9730 4.1718
v  -0.3683 -5.9731 4.1736
v  0.7447 -5.9763 4.2234
v  0.3738 -5.9763 4.2721
v  0.7307 -5.9731 4.1440
v  0.3683 -5.9731 4.1736
v  0.6243 -5.9692 3.5405
v  0.3630 -5.9685 3.3367
v  0.3517 -5.9705 3.8781
v  0.6886 -5.9706 3.9055
v  -0.0000 -5.9682 3.1480
v  -0.0000 -5.9703 3.8223
v  -0.3517 -5.9705 3.8781
v  -0.3630 -5.9685 3.3367
v  1.1099 -5.9763 4.1423
v  1.4667 -5.9763 4.0297
v  1.4269 -5.9730 3.9202
v  1.0814 -5.9731 4.0479
v  2.1443 -5.9763 3.7140
v  1.8124 -5.9763 3.8866
v  2.1039 -5.9731 3.6441
v  1.7735 -5.9731 3.7960
v  1.7975 -5.9692 3.1134
v  1.4823 -5.9685 3.0113
v  1.6569 -5.9705 3.5239
v  1.9829 -5.9706 3.4345
v  1.0767 -5.9682 2.9582
v  1.3073 -5.9703 3.5918
v  0.9959 -5.9705 3.7645
v  0.8001 -5.9685 3.2596
v  2.4597 -5.9763 3.5129
v  2.7565 -5.9763 3.2851
v  2.6816 -5.9730 3.1958
v  2.4006 -5.9731 3.4339
v  3.2853 -5.9763 2.7567
v  3.0324 -5.9763 3.0324
v  3.2234 -5.9731 2.7048
v  2.9649 -5.9731 2.9605
v  2.7540 -5.9692 2.3109
v  2.4229 -5.9685 2.3227
v  2.7623 -5.9705 2.7447
v  3.0380 -5.9706 2.5491
v  2.0235 -5.9682 2.4115
v  2.4569 -5.9703 2.9281
v  2.2233 -5.9705 3.1969
v  1.8667 -5.9685 2.7894
v  3.5129 -5.9763 2.4598
v  3.7138 -5.9763 2.1442
v  3.6129 -5.9730 2.0859
v  3.4303 -5.9731 2.4057
v  4.0300 -5.9763 1.4668
v  3.8867 -5.9763 1.8124
v  3.9541 -5.9731 1.4392
v  3.7986 -5.9731 1.7679
v  3.3783 -5.9692 1.2296
v  3.0712 -5.9685 1.3540
v  3.5344 -5.9705 1.6344
v  3.7266 -5.9706 1.3564
v  2.7263 -5.9682 1.5740
v  3.3102 -5.9703 1.9112
v  3.1827 -5.9705 2.2437
v  2.7082 -5.9685 1.9827
v  4.1423 -5.9763 1.1100
v  4.2232 -5.9763 0.7447
v  4.1085 -5.9730 0.7244
v  4.0463 -5.9731 1.0874
v  4.2721 -5.9763 0.3737
v  4.1742 -5.9731 0.3621
v  3.3490 -5.9685 0.2219
v  3.8803 -5.9705 0.3270
v  3.1002 -5.9682 0.5467
v  3.7642 -5.9703 0.6637
v  3.7581 -5.9705 1.0198
v  3.2230 -5.9685 0.9369
v  2.3859 -5.9674 0.8684
v  2.0261 -5.9670 0.3573
v  -0.0000 -5.9659 0.0000
v  1.7817 -5.9670 1.0287
v  2.5391 -5.9674 0.0000
v  2.0261 -5.9670 -0.3573
v  2.3859 -5.9674 -0.8684
v  1.7817 -5.9670 -1.0287
v  1.9450 -5.9674 -1.6321
v  1.3224 -5.9670 -1.5760
v  1.2695 -5.9674 -2.1989
v  0.7037 -5.9670 -1.9333
v  0.4409 -5.9674 -2.5005
v  -0.0000 -5.9670 -2.0573
v  -0.4409 -5.9674 -2.5005
v  -0.7037 -5.9670 -1.9333
v  -1.2695 -5.9674 -2.1989
v  -1.3224 -5.9670 -1.5760
v  -1.9450 -5.9674 -1.6321
v  -1.7817 -5.9670 -1.0287
v  -2.3859 -5.9674 -0.8684
v  -2.0261 -5.9670 -0.3573
v  -2.5391 -5.9674 -0.0000
v  -2.0261 -5.9670 0.3573
v  -2.3859 -5.9674 0.8684
v  -1.7817 -5.9670 1.0287
v  -1.9450 -5.9674 1.6321
v  -1.3224 -5.9670 1.5760
v  -1.2695 -5.9674 2.1989
v  -0.7037 -5.9670 1.9333
v  -0.4409 -5.9674 2.5005
v  -0.0000 -5.9670 2.0573
v  0.4409 -5.9674 2.5005
v  0.7037 -5.9670 1.9333
v  1.2695 -5.9674 2.1989
v  1.3224 -5.9670 1.5760
v  1.9450 -5.9674 1.6321
# 1586 vertices

vn 0.0117 -0.9999 0.0043
vn 0.0074 -1.0000 0.0040
vn 0.0038 -1.0000 0.0014
vn 0.0082 -1.0000 0.0017
vn 0.0054 -1.0000 0.0031
vn 0.0020 -1.0000 0.0012
vn -0.0000 -1.0000 0.0000
vn 0.0023 -1.0000 0.0004
vn 0.0061 -1.0000 0.0011
vn 0.0095 -0.9999 0.0080
vn 0.0056 -1.0000 0.0063
vn 0.0031 -1.0000 0.0026
vn 0.0071 -1.0000 0.0045
vn 0.0040 -1.0000 0.0048
vn 0.0015 -1.0000 0.0018
vn 0.0062 -0.9999 0.0108
vn 0.0031 -1.0000 0.0078
vn 0.0020 -1.0000 0.0035
vn 0.0052 -1.0000 0.0066
vn 0.0021 -1.0000 0.0058
vn 0.0008 -1.0000 0.0022
vn 0.0022 -0.9999 0.0123
vn 0.0003 -1.0000 0.0084
vn 0.0007 -1.0000 0.0040
vn 0.0026 -1.0000 0.0080
vn -0.0000 -1.0000 0.0062
vn -0.0000 -1.0000 0.0023
vn -0.0022 -0.9999 0.0123
vn -0.0026 -1.0000 0.0080
vn -0.0007 -1.0000 0.0040
vn -0.0003 -1.0000 0.0084
vn -0.0021 -1.0000 0.0058
vn -0.0008 -1.0000 0.0022
vn -0.0062 -0.9999 0.0108
vn -0.0052 -1.0000 0.0066
vn -0.0020 -1.0000 0.0035
vn -0.0031 -1.0000 0.0078
vn -0.0040 -1.0000 0.0048
vn -0.0015 -1.0000 0.0018
vn -0.0095 -0.9999 0.0080
vn -0.0071 -1.0000 0.0045
vn -0.0031 -1.0000 0.0026
vn -0.0056 -1.0000 0.0063
vn -0.0054 -1.0000 0.0031
vn -0.0020 -1.0000 0.0012
vn -0.0117 -0.9999 0.0043
vn -0.0082 -1.0000 0.0017
vn -0.0038 -1.0000 0.0014
vn -0.0074 -1.0000 0.0040
vn -0.0061 -1.0000 0.0011
vn -0.0023 -1.0000 0.0004
vn -0.0125 -0.9999 -0.0000
vn -0.0083 -1.0000 -0.0012
vn -0.0040 -1.0000 -0.0000
vn -0.0083 -1.0000 0.0012
vn -0.0061 -1.0000 -0.0011
vn -0.0023 -1.0000 -0.0004
vn -0.0117 -0.9999 -0.0043
vn -0.0074 -1.0000 -0.0040
vn -0.0038 -1.0000 -0.0014
vn -0.0082 -1.0000 -0.0017
vn -0.0054 -1.0000 -0.0031
vn -0.0020 -1.0000 -0.0012
vn -0.0095 -0.9999 -0.0080
vn -0.0056 -1.0000 -0.0063
vn -0.0031 -1.0000 -0.0026
vn -0.0071 -1.0000 -0.0045
vn -0.0040 -1.0000 -0.0048
vn -0.0015 -1.0000 -0.0018
vn -0.0062 -0.9999 -0.0108
vn -0.0031 -1.0000 -0.0078
vn -0.0020 -1.0000 -0.0035
vn -0.0052 -1.0000 -0.0066
vn -0.0021 -1.0000 -0.0058
vn -0.0008 -1.0000 -0.0022
vn -0.0022 -0.9999 -0.0123
vn -0.0003 -1.0000 -0.0084
vn -0.0007 -1.0000 -0.0040
vn -0.0026 -1.0000 -0.0080
vn -0.0000 -1.0000 -0.0062
vn -0.0000 -1.0000 -0.0023
vn 0.0022 -0.9999 -0.0123
vn 0.0026 -1.0000 -0.0080
vn 0.0007 -1.0000 -0.0040
vn 0.0003 -1.0000 -0.0084
vn 0.0021 -1.0000 -0.0058
vn 0.0008 -1.0000 -0.0022
vn 0.0062 -0.9999 -0.0108
vn 0.0052 -1.0000 -0.0066
vn 0.0020 -1.0000 -0.0035
vn 0.0031 -1.0000 -0.0078
vn 0.0040 -1.0000 -0.0048
vn 0.0015 -1.0000 -0.0018
vn 0.0095 -0.9999 -0.0080
vn 0.0071 -1.0000 -0.0045
vn 0.0031 -1.0000 -0.0026
vn 0.0056 -1.0000 -0.0063
vn 0.0054 -1.0000 -0.0031
vn 0.0020 -1.0000 -0.0012
vn 0.0117 -0.9999 -0.0043
vn 0.0082 -1.0000 -0.0017
vn 0.0038 -1.0000 -0.0014
vn 0.0074 -1.0000 -0.0040
vn 0.0061 -1.0000 -0.0011
vn 0.0023 -1.0000 -0.0004
vn 0.0125 -0.9999 0.0000
vn 0.0083 -1.0000 0.0012
vn 0.0040 -1.0000 0.0000
vn 0.0083 -1.0000 -0.0012
vn 0.0211 -0.9998 -0.0047
vn 0.0261 -0.9997 0.0000
vn 0.0176 -0.9998 -0.0031
vn 0.0604 -0.9981 -0.0107
vn 0.0715 -0.9974 -0.0094
vn 0.0877 -0.9961 0.0000
vn 0.0246 -0.9997 -0.0089
vn 0.0214 -0.9998 -0.0028
vn 0.0824 -0.9961 -0.0300
vn 0.0704 -0.9974 -0.0156
vn 0.9397 -0.0000 -0.3420
vn 0.9660 0.0000 -0.2585
vn 0.7280 -0.6574 -0.1947
vn 0.7150 -0.6489 -0.2602
vn 0.9848 -0.0000 -0.1736
vn 0.7370 -0.6633 -0.1300
vn 1.0000 0.0000 -0.0000
vn 0.7609 -0.6489 0.0000
vn 0.7506 -0.6574 -0.0660
vn 0.9962 0.0000 -0.0875
vn 0.0182 -0.9998 -0.0116
vn 0.0155 -0.9998 -0.0090
vn 0.0531 -0.9981 -0.0307
vn 0.0640 -0.9974 -0.0333
vn 0.0200 -0.9997 -0.0168
vn 0.0191 -0.9998 -0.0100
vn 0.0672 -0.9961 -0.0564
vn 0.0608 -0.9974 -0.0388
vn 0.7660 -0.0000 -0.6428
vn 0.8193 0.0000 -0.5733
vn 0.6175 -0.6574 -0.4320
vn 0.5828 -0.6489 -0.4891
vn 0.8660 0.0000 -0.5000
vn 0.6481 -0.6633 -0.3742
vn 0.6828 -0.6574 -0.3187
vn 0.9062 0.0000 -0.4229
vn 0.0132 -0.9998 -0.0171
vn 0.0115 -0.9998 -0.0137
vn 0.0394 -0.9981 -0.0470
vn 0.0487 -0.9974 -0.0532
vn 0.0131 -0.9997 -0.0226
vn 0.0146 -0.9998 -0.0159
vn 0.0439 -0.9961 -0.0760
vn 0.0439 -0.9974 -0.0572
vn 0.5000 0.0000 -0.8660
vn 0.5739 -0.0000 -0.8190
vn 0.4325 -0.6574 -0.6171
vn 0.3804 -0.6489 -0.6589
vn 0.6428 -0.0000 -0.7660
vn 0.4811 -0.6632 -0.5733
vn 0.5326 -0.6574 -0.5330
vn 0.7069 -0.0000 -0.7073
vn 0.0065 -0.9998 -0.0206
vn 0.0061 -0.9998 -0.0168
vn 0.0210 -0.9981 -0.0576
vn 0.0276 -0.9974 -0.0666
vn 0.0045 -0.9997 -0.0258
vn 0.0082 -0.9998 -0.0199
vn 0.0152 -0.9961 -0.0864
vn 0.0217 -0.9974 -0.0688
vn 0.1736 0.0000 -0.9848
vn 0.2591 0.0000 -0.9658
vn 0.1953 -0.6574 -0.7278
vn 0.1321 -0.6490 -0.7492
vn 0.3420 0.0000 -0.9397
vn 0.2560 -0.6632 -0.7033
vn 0.3182 -0.6574 -0.6831
vn 0.4223 0.0000 -0.9064
vn -0.0009 -0.9998 -0.0216
vn -0.0000 -0.9998 -0.0179
vn 0.0000 -0.9981 -0.0613
vn 0.0031 -0.9974 -0.0721
vn -0.0045 -0.9997 -0.0258
vn 0.0009 -0.9998 -0.0216
vn -0.0152 -0.9961 -0.0864
vn -0.0031 -0.9974 -0.0721
vn -0.1736 -0.0000 -0.9848
vn -0.0868 -0.0000 -0.9962
vn -0.0654 -0.6574 -0.7507
vn -0.1321 -0.6490 -0.7493
vn -0.0000 -0.0000 -1.0000
vn -0.0000 -0.6633 -0.7484
vn 0.0654 -0.6575 -0.7507
vn 0.0868 0.0000 -0.9962
vn -0.0082 -0.9998 -0.0199
vn -0.0061 -0.9998 -0.0168
vn -0.0210 -0.9981 -0.0576
vn -0.0217 -0.9974 -0.0688
vn -0.0131 -0.9997 -0.0226
vn -0.0065 -0.9998 -0.0206
vn -0.0439 -0.9961 -0.0760
vn -0.0276 -0.9974 -0.0666
vn -0.5000 0.0000 -0.8660
vn -0.4223 0.0000 -0.9065
vn -0.3182 -0.6574 -0.6831
vn -0.3804 -0.6489 -0.6589
vn -0.3420 0.0000 -0.9397
vn -0.2560 -0.6632 -0.7033
vn -0.1953 -0.6574 -0.7278
vn -0.2591 0.0000 -0.9658
vn -0.0146 -0.9998 -0.0159
vn -0.0115 -0.9998 -0.0137
vn -0.0394 -0.9981 -0.0470
vn -0.0439 -0.9974 -0.0572
vn -0.0200 -0.9997 -0.0168
vn -0.0132 -0.9998 -0.0171
vn -0.0672 -0.9961 -0.0564
vn -0.0487 -0.9974 -0.0532
vn -0.7660 0.0000 -0.6428
vn -0.7069 0.0000 -0.7073
vn -0.5326 -0.6574 -0.5331
vn -0.5828 -0.6490 -0.4890
vn -0.6428 0.0000 -0.7660
vn -0.4810 -0.6633 -0.5733
vn -0.4325 -0.6574 -0.6171
vn -0.5739 -0.0000 -0.8190
vn -0.0191 -0.9998 -0.0100
vn -0.0155 -0.9998 -0.0090
vn -0.0531 -0.9981 -0.0307
vn -0.0608 -0.9974 -0.0388
vn -0.0246 -0.9997 -0.0089
vn -0.0182 -0.9998 -0.0116
vn -0.0824 -0.9961 -0.0300
vn -0.0640 -0.9974 -0.0333
vn -0.9397 -0.0000 -0.3420
vn -0.9062 -0.0000 -0.4229
vn -0.6828 -0.6574 -0.3187
vn -0.7150 -0.6489 -0.2602
vn -0.8660 0.0000 -0.5000
vn -0.6482 -0.6632 -0.3742
vn -0.6174 -0.6575 -0.4319
vn -0.8193 0.0000 -0.5733
vn -0.0214 -0.9998 -0.0028
vn -0.0176 -0.9998 -0.0031
vn -0.0604 -0.9981 -0.0107
vn -0.0704 -0.9974 -0.0156
vn -0.0261 -0.9997 0.0000
vn -0.0211 -0.9998 -0.0047
vn -0.0877 -0.9961 -0.0000
vn -0.0715 -0.9974 -0.0094
vn -1.0000 0.0000 -0.0000
vn -0.9962 0.0000 -0.0875
vn -0.7506 -0.6574 -0.0660
vn -0.7609 -0.6489 -0.0000
vn -0.9848 -0.0000 -0.1736
vn -0.7370 -0.6633 -0.1300
vn -0.7279 -0.6574 -0.1947
vn -0.9660 0.0000 -0.2585
vn -0.0211 -0.9998 0.0047
vn -0.0176 -0.9998 0.0031
vn -0.0604 -0.9981 0.0107
vn -0.0715 -0.9974 0.0094
vn -0.0246 -0.9997 0.0089
vn -0.0214 -0.9998 0.0028
vn -0.0824 -0.9961 0.0300
vn -0.0704 -0.9974 0.0156
vn -0.9397 0.0000 0.3420
vn -0.9660 0.0000 0.2585
vn -0.7280 -0.6574 0.1947
vn -0.7149 -0.6490 0.2602
vn -0.9848 0.0000 0.1736
vn -0.7370 -0.6632 0.1300
vn -0.7507 -0.6574 0.0660
vn -0.9962 0.0000 0.0875
vn -0.0182 -0.9998 0.0116
vn -0.0155 -0.9998 0.0090
vn -0.0531 -0.9981 0.0307
vn -0.0640 -0.9974 0.0333
vn -0.0200 -0.9997 0.0168
vn -0.0191 -0.9998 0.0100
vn -0.0672 -0.9961 0.0564
vn -0.0608 -0.9974 0.0388
vn -0.7661 0.0000 0.6428
vn -0.8193 0.0000 0.5733
vn -0.6175 -0.6574 0.4320
vn -0.5828 -0.6489 0.4891
vn -0.8660 0.0000 0.5000
vn -0.6481 -0.6633 0.3742
vn -0.6828 -0.6575 0.3187
vn -0.9062 0.0000 0.4229
vn -0.0132 -0.9998 0.0171
vn -0.0115 -0.9998 0.0137
vn -0.0394 -0.9981 0.0470
vn -0.0487 -0.9974 0.0532
vn -0.0131 -0.9997 0.0226
vn -0.0146 -0.9998 0.0159
vn -0.0439 -0.9961 0.0760
vn -0.0439 -0.9974 0.0572
vn -0.5000 -0.0000 0.8660
vn -0.5739 -0.0000 0.8190
vn -0.4325 -0.6574 0.6171
vn -0.3804 -0.6489 0.6589
vn -0.6428 -0.0000 0.7660
vn -0.4810 -0.6633 0.5733
vn -0.5326 -0.6575 0.5330
vn -0.7069 -0.0000 0.7073
vn -0.0065 -0.9998 0.0206
vn -0.0061 -0.9998 0.0168
vn -0.0210 -0.9981 0.0576
vn -0.0276 -0.9974 0.0666
vn -0.0045 -0.9997 0.0258
vn -0.0082 -0.9998 0.0199
vn -0.0152 -0.9961 0.0864
vn -0.0217 -0.9974 0.0688
vn -0.1736 -0.0000 0.9848
vn -0.2591 -0.0000 0.9658
vn -0.1953 -0.6574 0.7278
vn -0.1321 -0.6490 0.7493
vn -0.3420 -0.0000 0.9397
vn -0.2560 -0.6632 0.7033
vn -0.3182 -0.6574 0.6831
vn -0.4223 0.0000 0.9064
vn 0.0009 -0.9998 0.0216
vn -0.0000 -0.9998 0.0179
vn -0.0000 -0.9981 0.0613
vn -0.0031 -0.9974 0.0721
vn 0.0045 -0.9997 0.0258
vn -0.0009 -0.9998 0.0216
vn 0.0152 -0.9961 0.0864
vn 0.0031 -0.9974 0.0721
vn 0.1736 -0.0000 0.9848
vn 0.0868 0.0000 0.9962
vn 0.0654 -0.6574 0.7507
vn 0.1321 -0.6490 0.7493
vn -0.0000 0.0000 1.0000
vn -0.0000 -0.6632 0.7484
vn -0.0654 -0.6574 0.7507
vn -0.0868 -0.0000 0.9962
vn 0.0082 -0.9998 0.0199
vn 0.0061 -0.9998 0.0168
vn 0.0210 -0.9981 0.0576
vn 0.0217 -0.9974 0.0688
vn 0.0131 -0.9997 0.0226
vn 0.0065 -0.9998 0.0206
vn 0.0439 -0.9961 0.0760
vn 0.0276 -0.9974 0.0666
vn 0.5000 0.0000 0.8660
vn 0.4223 0.0000 0.9065
vn 0.3182 -0.6574 0.6831
vn 0.3804 -0.6489 0.6589
vn 0.3420 0.0000 0.9397
vn 0.2560 -0.6632 0.7033
vn 0.1953 -0.6574 0.7278
vn 0.2591 0.0000 0.9658
vn 0.0146 -0.9998 0.0159
vn 0.0115 -0.9998 0.0137
vn 0.0394 -0.9981 0.0470
vn 0.0439 -0.9974 0.0572
vn 0.0200 -0.9997 0.0168
vn 0.0132 -0.9998 0.0171
vn 0.0672 -0.9961 0.0564
vn 0.0487 -0.9974 0.0532
vn 0.7660 0.0000 0.6428
vn 0.7069 -0.0000 0.7073
vn 0.5326 -0.6574 0.5330
vn 0.5828 -0.6489 0.4891
vn 0.6428 -0.0000 0.7660
vn 0.4811 -0.6632 0.5733
vn 0.4325 -0.6574 0.6171
vn 0.5739 0.0000 0.8190
vn 0.0191 -0.9998 0.0100
vn 0.0155 -0.9998 0.0090
vn 0.0531 -0.9981 0.0307
vn 0.0608 -0.9974 0.0388
vn 0.0246 -0.9997 0.0089
vn 0.0182 -0.9998 0.0116
vn 0.0824 -0.9961 0.0300
vn 0.0640 -0.9974 0.0333
vn 0.9397 -0.0000 0.3420
vn 0.9062 -0.0000 0.4229
vn 0.6828 -0.6575 0.3187
vn 0.7149 -0.6490 0.2602
vn 0.8660 0.0000 0.5000
vn 0.6482 -0.6632 0.3742
vn 0.6175 -0.6574 0.4320
vn 0.8193 0.0000 0.5733
vn 0.0214 -0.9998 0.0028
vn 0.0176 -0.9998 0.0031
vn 0.0604 -0.9981 0.0107
vn 0.0704 -0.9974 0.0156
vn 0.0211 -0.9998 0.0047
vn 0.0715 -0.9974 0.0094
vn 0.9962 0.0000 0.0875
vn 0.7506 -0.6574 0.0660
vn 0.9848 0.0000 0.1736
vn 0.7371 -0.6632 0.1300
vn 0.7279 -0.6574 0.1947
vn 0.9660 0.0000 0.2585
vn 1.0000 -0.0000 -0.0000
vn 0.9848 0.0000 -0.1737
vn 0.9962 -0.0000 -0.0875
vn 0.9397 0.0000 -0.3420
vn 0.9848 0.0000 -0.1736
vn 0.9848 -0.0000 -0.1737
vn 1.0000 0.0000 0.0000
vn 0.8660 -0.0000 -0.5000
vn 0.7660 0.0000 -0.6428
vn 0.8194 -0.0000 -0.5733
vn 0.8193 -0.0000 -0.5733
vn 0.7069 0.0000 -0.7073
vn 0.6428 0.0000 -0.7660
vn 0.5000 -0.0000 -0.8660
vn 0.5739 0.0000 -0.8190
vn 0.4223 -0.0000 -0.9064
vn 0.3420 -0.0000 -0.9397
vn 0.1737 -0.0000 -0.9848
vn 0.1737 0.0000 -0.9848
vn 0.0000 -0.0000 -1.0000
vn 0.0000 0.0000 -1.0000
vn -0.1736 0.0000 -0.9848
vn -0.0868 0.0000 -0.9962
vn -0.0000 0.0000 -1.0000
vn -0.3420 -0.0000 -0.9397
vn -0.5000 -0.0000 -0.8660
vn -0.4223 -0.0000 -0.9065
vn -0.6428 -0.0000 -0.7660
vn -0.5739 0.0000 -0.8190
vn -0.7660 -0.0000 -0.6428
vn -0.7069 -0.0000 -0.7073
vn -0.8660 -0.0000 -0.5000
vn -0.9397 0.0000 -0.3420
vn -0.9062 0.0000 -0.4229
vn -0.9848 0.0000 -0.1737
vn -0.9848 0.0000 -0.1736
vn -1.0000 -0.0000 -0.0000
vn -0.9962 -0.0000 -0.0875
vn -0.9848 -0.0000 -0.1737
vn -0.9660 -0.0000 -0.2585
vn -0.9962 -0.0000 0.0875
vn -0.9848 -0.0000 0.1737
vn -0.9848 0.0000 0.1737
vn -0.8660 -0.0000 0.5000
vn -0.9062 -0.0000 0.4229
vn -0.7660 0.0000 0.6428
vn -0.7661 -0.0000 0.6428
vn -0.7660 -0.0000 0.6428
vn -0.7069 0.0000 0.7073
vn -0.6428 0.0000 0.7660
vn -0.6428 0.0000 0.7661
vn -0.5739 0.0000 0.8190
vn -0.5000 0.0000 0.8660
vn -0.5738 0.0000 0.8190
vn -0.3420 0.0000 0.9397
vn -0.1737 -0.0000 0.9848
vn -0.2591 0.0000 0.9658
vn -0.1736 0.0000 0.9848
vn -0.1737 0.0000 0.9848
vn -0.0000 -0.0000 1.0000
vn 0.1736 0.0000 0.9848
vn 0.0868 -0.0000 0.9962
vn -0.0868 0.0000 0.9962
vn 0.3420 -0.0000 0.9397
vn 0.2591 -0.0000 0.9658
vn 0.5000 -0.0000 0.8660
vn 0.4223 0.0000 0.9064
vn 0.6428 0.0000 0.7661
vn 0.6428 0.0000 0.7660
vn 0.7660 -0.0000 0.6428
vn 0.7069 0.0000 0.7073
vn 0.8193 -0.0000 0.5733
vn 0.8660 -0.0000 0.5000
vn 0.9397 0.0000 0.3420
vn 0.9062 0.0000 0.4229
vn 0.9848 -0.0000 0.1736
vn 0.8194 0.0000 -0.5733
vn 0.5738 0.0000 0.8190
vn 0.1736 -0.0000 -0.9848
vn -0.9848 -0.0000 0.1736
vn -0.6428 -0.0000 0.7661
vn 0.7506 0.6575 -0.0660
vn 0.7609 0.6489 -0.0000
vn 0.7370 0.6633 -0.1300
vn 0.0604 0.9981 -0.0107
vn 0.0715 0.9974 -0.0094
vn 0.0877 0.9961 -0.0000
vn 0.7150 0.6489 -0.2602
vn 0.7279 0.6575 -0.1947
vn 0.0824 0.9961 -0.0300
vn 0.0704 0.9974 -0.0156
vn 0.0117 0.9999 -0.0043
vn 0.0082 1.0000 -0.0017
vn 0.0214 0.9998 -0.0028
vn 0.0246 0.9997 -0.0089
vn 0.0061 1.0000 -0.0011
vn 0.0176 0.9998 -0.0031
vn 0.0125 0.9999 0.0000
vn 0.0261 0.9997 0.0000
vn 0.0211 0.9998 -0.0047
vn 0.0083 1.0000 -0.0012
vn 0.6828 0.6574 -0.3187
vn 0.6481 0.6633 -0.3742
vn 0.0531 0.9981 -0.0307
vn 0.0640 0.9974 -0.0333
vn 0.5829 0.6489 -0.4891
vn 0.6174 0.6574 -0.4319
vn 0.0672 0.9961 -0.0564
vn 0.0608 0.9974 -0.0388
vn 0.0095 0.9999 -0.0080
vn 0.0071 1.0000 -0.0045
vn 0.0191 0.9998 -0.0100
vn 0.0200 0.9997 -0.0168
vn 0.0054 1.0000 -0.0031
vn 0.0155 0.9998 -0.0090
vn 0.0182 0.9998 -0.0116
vn 0.0074 1.0000 -0.0040
vn 0.5326 0.6574 -0.5331
vn 0.4811 0.6632 -0.5733
vn 0.0394 0.9981 -0.0470
vn 0.0487 0.9974 -0.0532
vn 0.3804 0.6489 -0.6589
vn 0.4325 0.6574 -0.6171
vn 0.0439 0.9961 -0.0760
vn 0.0439 0.9974 -0.0572
vn 0.0062 0.9999 -0.0108
vn 0.0052 1.0000 -0.0066
vn 0.0146 0.9998 -0.0159
vn 0.0131 0.9997 -0.0226
vn 0.0040 1.0000 -0.0048
vn 0.0115 0.9998 -0.0137
vn 0.0132 0.9998 -0.0171
vn 0.0056 1.0000 -0.0063
vn 0.3182 0.6574 -0.6831
vn 0.2560 0.6632 -0.7033
vn 0.0210 0.9981 -0.0577
vn 0.0276 0.9974 -0.0666
vn 0.1321 0.6490 -0.7492
vn 0.1953 0.6575 -0.7277
vn 0.0152 0.9961 -0.0864
vn 0.0217 0.9974 -0.0688
vn 0.0022 0.9999 -0.0123
vn 0.0026 1.0000 -0.0080
vn 0.0082 0.9998 -0.0199
vn 0.0045 0.9997 -0.0258
vn 0.0021 1.0000 -0.0058
vn 0.0061 0.9998 -0.0168
vn 0.0065 0.9998 -0.0206
vn 0.0031 1.0000 -0.0078
vn 0.0654 0.6575 -0.7507
vn 0.0000 0.6633 -0.7484
vn 0.0000 0.9981 -0.0613
vn 0.0031 0.9974 -0.0721
vn -0.1321 0.6490 -0.7493
vn -0.0654 0.6574 -0.7507
vn -0.0152 0.9961 -0.0864
vn -0.0031 0.9974 -0.0721
vn -0.0022 0.9999 -0.0123
vn -0.0003 1.0000 -0.0084
vn 0.0009 0.9998 -0.0216
vn -0.0045 0.9997 -0.0258
vn -0.0000 1.0000 -0.0062
vn -0.0000 0.9998 -0.0179
vn -0.0009 0.9998 -0.0216
vn 0.0003 1.0000 -0.0084
vn -0.1953 0.6574 -0.7278
vn -0.2560 0.6633 -0.7033
vn -0.0210 0.9981 -0.0577
vn -0.0217 0.9974 -0.0688
vn -0.3804 0.6489 -0.6589
vn -0.3182 0.6574 -0.6831
vn -0.0439 0.9961 -0.0760
vn -0.0276 0.9974 -0.0666
vn -0.0062 0.9999 -0.0108
vn -0.0031 1.0000 -0.0078
vn -0.0065 0.9998 -0.0206
vn -0.0131 0.9997 -0.0226
vn -0.0021 1.0000 -0.0058
vn -0.0061 0.9998 -0.0168
vn -0.0082 0.9998 -0.0199
vn -0.0026 1.0000 -0.0080
vn -0.4325 0.6574 -0.6171
vn -0.4811 0.6632 -0.5733
vn -0.0394 0.9981 -0.0470
vn -0.0439 0.9974 -0.0572
vn -0.5829 0.6489 -0.4891
vn -0.5326 0.6574 -0.5330
vn -0.0672 0.9961 -0.0564
vn -0.0487 0.9974 -0.0532
vn -0.0095 0.9999 -0.0080
vn -0.0056 1.0000 -0.0063
vn -0.0132 0.9998 -0.0171
vn -0.0200 0.9997 -0.0168
vn -0.0040 1.0000 -0.0048
vn -0.0115 0.9998 -0.0137
vn -0.0146 0.9998 -0.0159
vn -0.0052 1.0000 -0.0066
vn -0.6174 0.6575 -0.4319
vn -0.6482 0.6632 -0.3742
vn -0.0531 0.9981 -0.0307
vn -0.0608 0.9974 -0.0388
vn -0.7149 0.6490 -0.2602
vn -0.6828 0.6574 -0.3187
vn -0.0824 0.9961 -0.0300
vn -0.0640 0.9974 -0.0333
vn -0.0117 0.9999 -0.0043
vn -0.0074 1.0000 -0.0040
vn -0.0182 0.9998 -0.0116
vn -0.0246 0.9997 -0.0089
vn -0.0054 1.0000 -0.0031
vn -0.0155 0.9998 -0.0090
vn -0.0191 0.9998 -0.0100
vn -0.0071 1.0000 -0.0045
vn -0.7279 0.6575 -0.1947
vn -0.7370 0.6633 -0.1300
vn -0.0604 0.9981 -0.0107
vn -0.0704 0.9974 -0.0156
vn -0.7609 0.6489 -0.0000
vn -0.7506 0.6574 -0.0660
vn -0.0877 0.9961 -0.0000
vn -0.0715 0.9974 -0.0094
vn -0.0125 0.9999 -0.0000
vn -0.0083 1.0000 -0.0012
vn -0.0211 0.9998 -0.0047
vn -0.0261 0.9997 -0.0000
vn -0.0061 1.0000 -0.0011
vn -0.0176 0.9998 -0.0031
vn -0.0214 0.9998 -0.0028
vn -0.0082 1.0000 -0.0017
vn -0.7506 0.6575 0.0660
vn -0.7370 0.6632 0.1300
vn -0.0604 0.9981 0.0107
vn -0.0715 0.9974 0.0094
vn -0.7150 0.6489 0.2602
vn -0.7279 0.6575 0.1947
vn -0.0824 0.9961 0.0300
vn -0.0704 0.9974 0.0156
vn -0.0117 0.9999 0.0043
vn -0.0082 1.0000 0.0017
vn -0.0214 0.9998 0.0028
vn -0.0246 0.9997 0.0089
vn -0.0061 1.0000 0.0011
vn -0.0176 0.9998 0.0031
vn -0.0211 0.9998 0.0047
vn -0.0083 1.0000 0.0012
vn -0.6828 0.6574 0.3187
vn -0.6481 0.6632 0.3742
vn -0.0531 0.9981 0.0307
vn -0.0640 0.9974 0.0333
vn -0.5828 0.6489 0.4891
vn -0.6174 0.6574 0.4319
vn -0.0672 0.9961 0.0564
vn -0.0608 0.9974 0.0388
vn -0.0095 0.9999 0.0080
vn -0.0071 1.0000 0.0045
vn -0.0191 0.9998 0.0100
vn -0.0200 0.9997 0.0168
vn -0.0054 1.0000 0.0031
vn -0.0155 0.9998 0.0090
vn -0.0182 0.9998 0.0116
vn -0.0074 1.0000 0.0040
vn -0.5326 0.6574 0.5330
vn -0.4811 0.6632 0.5733
vn -0.0394 0.9981 0.0470
vn -0.0487 0.9974 0.0532
vn -0.3804 0.6490 0.6589
vn -0.4325 0.6574 0.6171
vn -0.0439 0.9961 0.0760
vn -0.0439 0.9974 0.0572
vn -0.0062 0.9999 0.0108
vn -0.0052 1.0000 0.0066
vn -0.0146 0.9998 0.0159
vn -0.0131 0.9997 0.0226
vn -0.0040 1.0000 0.0048
vn -0.0115 0.9998 0.0137
vn -0.0132 0.9998 0.0171
vn -0.0056 1.0000 0.0063
vn -0.3182 0.6574 0.6831
vn -0.2560 0.6633 0.7033
vn -0.0210 0.9981 0.0577
vn -0.0276 0.9974 0.0666
vn -0.1321 0.6489 0.7493
vn -0.1953 0.6575 0.7277
vn -0.0152 0.9961 0.0864
vn -0.0217 0.9974 0.0688
vn -0.0022 0.9999 0.0123
vn -0.0026 1.0000 0.0080
vn -0.0082 0.9998 0.0199
vn -0.0045 0.9997 0.0258
vn -0.0021 1.0000 0.0058
vn -0.0061 0.9998 0.0168
vn -0.0065 0.9998 0.0206
vn -0.0031 1.0000 0.0078
vn -0.0654 0.6574 0.7507
vn -0.0000 0.6633 0.7484
vn -0.0000 0.9981 0.0613
vn -0.0031 0.9974 0.0721
vn 0.1321 0.6489 0.7493
vn 0.0654 0.6574 0.7507
vn 0.0152 0.9961 0.0864
vn 0.0031 0.9974 0.0721
vn 0.0022 0.9999 0.0123
vn 0.0003 1.0000 0.0084
vn -0.0009 0.9998 0.0216
vn 0.0045 0.9997 0.0258
vn -0.0000 1.0000 0.0062
vn -0.0000 0.9998 0.0179
vn 0.0009 0.9998 0.0216
vn -0.0003 1.0000 0.0084
vn 0.1953 0.6574 0.7278
vn 0.2560 0.6632 0.7033
vn 0.0210 0.9981 0.0577
vn 0.0217 0.9974 0.0688
vn 0.3804 0.6489 0.6589
vn 0.3182 0.6574 0.6831
vn 0.0439 0.9961 0.0760
vn 0.0276 0.9974 0.0666
vn 0.0062 0.9999 0.0108
vn 0.0031 1.0000 0.0078
vn 0.0065 0.9998 0.0206
vn 0.0131 0.9997 0.0226
vn 0.0021 1.0000 0.0058
vn 0.0061 0.9998 0.0168
vn 0.0082 0.9998 0.0199
vn 0.0026 1.0000 0.0080
vn 0.4324 0.6575 0.6170
vn 0.4811 0.6632 0.5733
vn 0.0394 0.9981 0.0470
vn 0.0439 0.9974 0.0572
vn 0.5828 0.6489 0.4891
vn 0.5326 0.6575 0.5330
vn 0.0672 0.9961 0.0564
vn 0.0487 0.9974 0.0532
vn 0.0095 0.9999 0.0080
vn 0.0056 1.0000 0.0063
vn 0.0132 0.9998 0.0171
vn 0.0200 0.9997 0.0168
vn 0.0040 1.0000 0.0048
vn 0.0115 0.9998 0.0137
vn 0.0146 0.9998 0.0159
vn 0.0052 1.0000 0.0066
vn 0.6174 0.6574 0.4319
vn 0.6481 0.6632 0.3742
vn 0.0531 0.9981 0.0307
vn 0.0608 0.9974 0.0388
vn 0.7149 0.6490 0.2602
vn 0.6828 0.6574 0.3188
vn 0.0824 0.9961 0.0300
vn 0.0640 0.9974 0.0333
vn 0.0117 0.9999 0.0043
vn 0.0074 1.0000 0.0040
vn 0.0182 0.9998 0.0116
vn 0.0246 0.9997 0.0089
vn 0.0054 1.0000 0.0031
vn 0.0155 0.9998 0.0090
vn 0.0191 0.9998 0.0100
vn 0.0071 1.0000 0.0045
vn 0.7279 0.6574 0.1947
vn 0.7371 0.6632 0.1300
vn 0.0604 0.9981 0.0107
vn 0.0704 0.9974 0.0156
vn 0.7506 0.6574 0.0660
vn 0.0715 0.9974 0.0094
vn 0.0083 1.0000 0.0012
vn 0.0211 0.9998 0.0047
vn 0.0061 1.0000 0.0011
vn 0.0176 0.9998 0.0031
vn 0.0214 0.9998 0.0028
vn 0.0082 1.0000 0.0017
vn 0.0038 1.0000 0.0014
vn 0.0023 1.0000 0.0004
vn -0.0000 1.0000 0.0000
vn 0.0020 1.0000 0.0012
vn 0.0040 1.0000 0.0000
vn 0.0023 1.0000 -0.0004
vn 0.0038 1.0000 -0.0014
vn 0.0020 1.0000 -0.0012
vn 0.0031 1.0000 -0.0026
vn 0.0015 1.0000 -0.0018
vn 0.0020 1.0000 -0.0035
vn 0.0008 1.0000 -0.0022
vn 0.0007 1.0000 -0.0040
vn -0.0000 1.0000 -0.0023
vn -0.0007 1.0000 -0.0040
vn -0.0008 1.0000 -0.0022
vn -0.0020 1.0000 -0.0035
vn -0.0015 1.0000 -0.0018
vn -0.0031 1.0000 -0.0026
vn -0.0020 1.0000 -0.0012
vn -0.0038 1.0000 -0.0014
vn -0.0023 1.0000 -0.0004
vn -0.0040 1.0000 -0.0000
vn -0.0023 1.0000 0.0004
vn -0.0038 1.0000 0.0014
vn -0.0020 1.0000 0.0012
vn -0.0031 1.0000 0.0026
vn -0.0015 1.0000 0.0018
vn -0.0020 1.0000 0.0035
vn -0.0008 1.0000 0.0022
vn -0.0007 1.0000 0.0040
vn -0.0000 1.0000 0.0023
vn 0.0007 1.0000 0.0040
vn 0.0008 1.0000 0.0022
vn 0.0020 1.0000 0.0035
vn 0.0015 1.0000 0.0018
vn 0.0031 1.0000 0.0026
# 803 vertex normals

vt 0.3400 0.0000 -0.0000
vt 0.3039 0.0000 -0.0868
vt 0.4192 0.0000 0.0971
vt 0.4425 0.0000 0.2500
vt 0.2677 0.0000 -0.1737
vt 0.3733 0.0000 -0.0635
vt 0.5224 0.0006 0.0575
vt 0.5264 0.0043 0.2969
vt 0.5450 0.0000 0.5000
vt 0.1953 0.0000 -0.3473
vt 0.1683 0.0000 -0.4237
vt 0.2821 0.0000 -0.2397
vt 0.2315 0.0000 -0.2605
vt 0.1413 0.0000 -0.5000
vt 0.2876 0.0000 -0.2854
vt 0.0874 0.0000 -0.6527
vt 0.0728 0.0000 -0.7094
vt 0.2028 0.0000 -0.4641
vt 0.1144 0.0000 -0.5764
vt 0.0583 0.0000 -0.7660
vt 0.2363 0.0000 -0.4497
vt 0.0292 0.0000 -0.8794
vt 0.0288 0.0000 -0.9095
vt 0.1600 0.0000 -0.6307
vt 0.0437 0.0000 -0.8227
vt 0.0285 0.0000 -0.9397
vt 0.2179 0.0000 -0.5569
vt 0.0278 0.0000 -1.0000
vt 0.0417 0.0000 -1.0000
vt 0.1590 0.0000 -0.7194
vt 0.0281 0.0000 -0.9698
vt 0.0556 0.0000 -1.0000
vt 0.2346 0.0000 -0.5941
vt 0.0833 0.0000 -1.0000
vt 0.1098 0.0000 -0.9698
vt 0.1998 0.0000 -0.7194
vt 0.0694 0.0000 -1.0000
vt 0.1362 0.0000 -0.9397
vt 0.2844 0.0000 -0.5569
vt 0.1891 0.0000 -0.8794
vt 0.2250 0.0000 -0.8227
vt 0.2776 0.0000 -0.6307
vt 0.1627 0.0000 -0.9095
vt 0.2608 0.0000 -0.7660
vt 0.3613 0.0000 -0.4497
vt 0.3325 0.0000 -0.6527
vt 0.3733 0.0000 -0.5764
vt 0.3829 0.0000 -0.4641
vt 0.2966 0.0000 -0.7094
vt 0.4142 0.0000 -0.5000
vt 0.4561 0.0000 -0.2854
vt 0.4960 0.0000 -0.3473
vt 0.5370 0.0000 -0.2605
vt 0.5031 0.0000 -0.2397
vt 0.4551 0.0000 -0.4236
vt 0.5780 0.0000 -0.1736
vt 0.5572 0.0000 -0.0839
vt 0.6600 0.0000 0.0000
vt 0.6961 0.0000 0.0868
vt 0.6236 0.0000 0.0156
vt 0.6190 0.0000 -0.0868
vt 0.7323 0.0000 0.1736
vt 0.6525 0.0000 0.1306
vt 0.8047 0.0000 0.3473
vt 0.8317 0.0000 0.4236
vt 0.7299 0.0000 0.2708
vt 0.7685 0.0000 0.2605
vt 0.8587 0.0000 0.5000
vt 0.7305 0.0000 0.3321
vt 0.9126 0.0000 0.6527
vt 0.9272 0.0000 0.7094
vt 0.8093 0.0000 0.4953
vt 0.8856 0.0000 0.5764
vt 0.9417 0.0000 0.7660
vt 0.7818 0.0000 0.4963
vt 0.9708 0.0000 0.8794
vt 0.9712 0.0000 0.9095
vt 0.8520 0.0000 0.6618
vt 0.9563 0.0000 0.8227
vt 0.9715 0.0000 0.9397
vt 0.7936 0.0016 0.5889
vt 0.9722 0.0000 1.0000
vt 0.8926 0.0219 0.8497
vt 0.8268 0.0062 0.6919
vt 0.9719 0.0000 0.9698
vt 0.8400 0.0311 0.7658
vt 0.7372 0.0137 0.5355
vt 0.8549 0.0491 0.8524
vt 0.8246 0.0401 0.7998
vt 0.7586 0.0236 0.6223
vt 0.8411 0.0401 0.7998
vt 0.7929 0.0357 0.7534
vt 0.7014 0.0181 0.5181
vt 0.8081 0.0491 0.8524
vt 0.7809 0.0401 0.7998
vt 0.7254 0.0236 0.6223
vt 0.7974 0.0401 0.7998
vt 0.7520 0.0357 0.7534
vt 0.6744 0.0181 0.5181
vt 0.7613 0.0491 0.8524
vt 0.7372 0.0401 0.7998
vt 0.6922 0.0236 0.6223
vt 0.7537 0.0401 0.7998
vt 0.7054 0.0353 0.7388
vt 0.6370 0.0165 0.4946
vt 0.6817 0.0449 0.7757
vt 0.6153 0.0222 0.6423
vt 0.6173 0.0174 0.5281
vt 0.6873 0.0385 0.7415
vt 0.7319 0.0674 0.8876
vt 0.7219 0.0682 0.9046
vt 0.7480 0.0649 0.8921
vt 0.7703 0.1037 0.9730
vt 0.7559 0.1043 0.9719
vt 0.7430 0.1046 0.9762
vt 0.7850 0.0698 0.9316
vt 0.7680 0.0674 0.9153
vt 0.8004 0.1049 0.9829
vt 0.7857 0.1043 0.9788
vt 0.8056 0.2000 1.0000
vt 0.7917 0.2000 1.0000
vt 0.7917 0.1500 1.0000
vt 0.8056 0.1500 1.0000
vt 0.7778 0.2000 1.0000
vt 0.7778 0.1500 1.0000
vt 0.7500 0.2000 1.0000
vt 0.7500 0.1500 1.0000
vt 0.7639 0.1500 1.0000
vt 0.7639 0.2000 1.0000
vt 0.7923 0.0674 0.9153
vt 0.8001 0.0649 0.8991
vt 0.8250 0.1037 0.9748
vt 0.8127 0.1043 0.9788
vt 0.8365 0.0698 0.9316
vt 0.8185 0.0674 0.9153
vt 0.8550 0.1049 0.9829
vt 0.8401 0.1043 0.9788
vt 0.8611 0.2000 1.0000
vt 0.8472 0.2000 1.0000
vt 0.8472 0.1500 1.0000
vt 0.8611 0.1500 1.0000
vt 0.8333 0.2000 1.0000
vt 0.8333 0.1500 1.0000
vt 0.8194 0.1500 1.0000
vt 0.8194 0.2000 1.0000
vt 0.8428 0.0674 0.9153
vt 0.8496 0.0649 0.8991
vt 0.8791 0.1037 0.9748
vt 0.8670 0.1043 0.9788
vt 0.8880 0.0698 0.9316
vt 0.8691 0.0674 0.9153
vt 0.9095 0.1049 0.9829
vt 0.8944 0.1043 0.9788
vt 0.9167 0.2000 1.0000
vt 0.9028 0.2000 1.0000
vt 0.9028 0.1500 1.0000
vt 0.9167 0.1500 1.0000
vt 0.8889 0.2000 1.0000
vt 0.8889 0.1500 1.0000
vt 0.8750 0.1500 1.0000
vt 0.8750 0.2000 1.0000
vt 0.8934 0.0674 0.9153
vt 0.9023 0.0622 0.9056
vt 0.9339 0.1030 0.9764
vt 0.9213 0.1043 0.9788
vt 0.9722 0.0500 1.0000
vt 0.9321 0.0562 0.9414
vt 0.9722 0.1000 1.0000
vt 0.9518 0.1016 0.9853
vt 0.9722 0.2000 1.0000
vt 0.9583 0.2000 1.0000
vt 0.9583 0.1500 1.0000
vt 0.9722 0.1500 1.0000
vt 0.9444 0.2000 1.0000
vt 0.9444 0.1500 1.0000
vt 0.9306 0.1500 1.0000
vt 0.9306 0.2000 1.0000
vt -0.0278 0.0000 1.0000
vt -0.0139 0.0000 1.0000
vt -0.0139 0.0500 1.0000
vt -0.0278 0.0500 1.0000
vt 0.0000 0.0000 1.0000
vt 0.0000 0.0500 1.0000
vt 0.0000 0.1000 1.0000
vt -0.0139 0.1000 1.0000
vt -0.0278 0.1000 1.0000
vt 0.0278 0.0000 1.0000
vt 0.0278 0.0500 1.0000
vt 0.0139 0.0500 1.0000
vt 0.0139 0.0000 1.0000
vt 0.0278 0.1000 1.0000
vt 0.0139 0.1000 1.0000
vt 0.0278 0.2000 1.0000
vt 0.0139 0.2000 1.0000
vt 0.0139 0.1500 1.0000
vt 0.0278 0.1500 1.0000
vt 0.0000 0.2000 1.0000
vt 0.0000 0.1500 1.0000
vt -0.0278 0.2000 1.0000
vt -0.0278 0.1500 1.0000
vt -0.0139 0.1500 1.0000
vt -0.0139 0.2000 1.0000
vt 0.0417 0.0000 1.0000
vt 0.0417 0.0500 1.0000
vt 0.0556 0.0000 1.0000
vt 0.0556 0.0500 1.0000
vt 0.0556 0.1000 1.0000
vt 0.0417 0.1000 1.0000
vt 0.0833 0.0000 1.0000
vt 0.0833 0.0500 1.0000
vt 0.0694 0.0500 1.0000
vt 0.0694 0.0000 1.0000
vt 0.0833 0.1000 1.0000
vt 0.0694 0.1000 1.0000
vt 0.0833 0.2000 1.0000
vt 0.0694 0.2000 1.0000
vt 0.0694 0.1500 1.0000
vt 0.0833 0.1500 1.0000
vt 0.0556 0.2000 1.0000
vt 0.0556 0.1500 1.0000
vt 0.0417 0.1500 1.0000
vt 0.0417 0.2000 1.0000
vt 0.0972 0.0000 1.0000
vt 0.0972 0.0500 1.0000
vt 0.1111 0.0000 1.0000
vt 0.1111 0.0500 1.0000
vt 0.1111 0.1000 1.0000
vt 0.0972 0.1000 1.0000
vt 0.1389 0.0000 1.0000
vt 0.1389 0.0500 1.0000
vt 0.1250 0.0500 1.0000
vt 0.1250 0.0000 1.0000
vt 0.1389 0.1000 1.0000
vt 0.1250 0.1000 1.0000
vt 0.1389 0.2000 1.0000
vt 0.1250 0.2000 1.0000
vt 0.1250 0.1500 1.0000
vt 0.1389 0.1500 1.0000
vt 0.1111 0.2000 1.0000
vt 0.1111 0.1500 1.0000
vt 0.0972 0.1500 1.0000
vt 0.0972 0.2000 1.0000
vt 0.1528 0.0000 1.0000
vt 0.1528 0.0500 1.0000
vt 0.1667 0.0000 1.0000
vt 0.1667 0.0500 1.0000
vt 0.1667 0.1000 1.0000
vt 0.1528 0.1000 1.0000
vt 0.1944 0.0000 1.0000
vt 0.1944 0.0500 1.0000
vt 0.1806 0.0500 1.0000
vt 0.1806 0.0000 1.0000
vt 0.1944 0.1000 1.0000
vt 0.1806 0.1000 1.0000
vt 0.1944 0.2000 1.0000
vt 0.1806 0.2000 1.0000
vt 0.1806 0.1500 1.0000
vt 0.1944 0.1500 1.0000
vt 0.1667 0.2000 1.0000
vt 0.1667 0.1500 1.0000
vt 0.1528 0.1500 1.0000
vt 0.1528 0.2000 1.0000
vt 0.2083 0.0000 1.0000
vt 0.2083 0.0500 1.0000
vt 0.2222 0.0000 1.0000
vt 0.2222 0.0500 1.0000
vt 0.2222 0.1000 1.0000
vt 0.2083 0.1000 1.0000
vt 0.2500 0.0000 1.0000
vt 0.2500 0.0500 1.0000
vt 0.2361 0.0500 1.0000
vt 0.2361 0.0000 1.0000
vt 0.2500 0.1000 1.0000
vt 0.2361 0.1000 1.0000
vt 0.2500 0.2000 1.0000
vt 0.2361 0.2000 1.0000
vt 0.2361 0.1500 1.0000
vt 0.2500 0.1500 1.0000
vt 0.2222 0.2000 1.0000
vt 0.2222 0.1500 1.0000
vt 0.2083 0.1500 1.0000
vt 0.2083 0.2000 1.0000
vt 0.2639 0.0000 1.0000
vt 0.2639 0.0500 1.0000
vt 0.2778 0.0000 1.0000
vt 0.2778 0.0500 1.0000
vt 0.2778 0.1000 1.0000
vt 0.2639 0.1000 1.0000
vt 0.3056 0.0000 1.0000
vt 0.3056 0.0500 1.0000
vt 0.2917 0.0500 1.0000
vt 0.2917 0.0000 1.0000
vt 0.3056 0.1000 1.0000
vt 0.2917 0.1000 1.0000
vt 0.3056 0.2000 1.0000
vt 0.2917 0.2000 1.0000
vt 0.2917 0.1500 1.0000
vt 0.3056 0.1500 1.0000
vt 0.2778 0.2000 1.0000
vt 0.2778 0.1500 1.0000
vt 0.2639 0.1500 1.0000
vt 0.2639 0.2000 1.0000
vt 0.3194 0.0000 1.0000
vt 0.3194 0.0500 1.0000
vt 0.3333 0.0000 1.0000
vt 0.3333 0.0500 1.0000
vt 0.3333 0.1000 1.0000
vt 0.3194 0.1000 1.0000
vt 0.3611 0.0000 1.0000
vt 0.3611 0.0500 1.0000
vt 0.3472 0.0500 1.0000
vt 0.3472 0.0000 1.0000
vt 0.3611 0.1000 1.0000
vt 0.3472 0.1000 1.0000
vt 0.3611 0.2000 1.0000
vt 0.3472 0.2000 1.0000
vt 0.3472 0.1500 1.0000
vt 0.3611 0.1500 1.0000
vt 0.3333 0.2000 1.0000
vt 0.3333 0.1500 1.0000
vt 0.3194 0.1500 1.0000
vt 0.3194 0.2000 1.0000
vt 0.3750 0.0000 1.0000
vt 0.3750 0.0500 1.0000
vt 0.3889 0.0000 1.0000
vt 0.3889 0.0500 1.0000
vt 0.3889 0.1000 1.0000
vt 0.3750 0.1000 1.0000
vt 0.4167 0.0000 1.0000
vt 0.4167 0.0500 1.0000
vt 0.4028 0.0500 1.0000
vt 0.4028 0.0000 1.0000
vt 0.4167 0.1000 1.0000
vt 0.4028 0.1000 1.0000
vt 0.4167 0.2000 1.0000
vt 0.4028 0.2000 1.0000
vt 0.4028 0.1500 1.0000
vt 0.4167 0.1500 1.0000
vt 0.3889 0.2000 1.0000
vt 0.3889 0.1500 1.0000
vt 0.3750 0.1500 1.0000
vt 0.3750 0.2000 1.0000
vt 0.4306 0.0000 1.0000
vt 0.4306 0.0500 1.0000
vt 0.4444 0.0000 1.0000
vt 0.4444 0.0500 1.0000
vt 0.4444 0.1000 1.0000
vt 0.4306 0.1000 1.0000
vt 0.4722 0.0000 1.0000
vt 0.4722 0.0500 1.0000
vt 0.4583 0.0500 1.0000
vt 0.4583 0.0000 1.0000
vt 0.4722 0.1000 1.0000
vt 0.4583 0.1000 1.0000
vt 0.4722 0.2000 1.0000
vt 0.4583 0.2000 1.0000
vt 0.4583 0.1500 1.0000
vt 0.4722 0.1500 1.0000
vt 0.4444 0.2000 1.0000
vt 0.4444 0.1500 1.0000
vt 0.4306 0.1500 1.0000
vt 0.4306 0.2000 1.0000
vt 0.4861 0.0000 1.0000
vt 0.4861 0.0500 1.0000
vt 0.5000 0.0000 1.0000
vt 0.5000 0.0500 1.0000
vt 0.5000 0.1000 1.0000
vt 0.4861 0.1000 1.0000
vt 0.5278 0.0000 1.0000
vt 0.5278 0.0500 1.0000
vt 0.5139 0.0500 1.0000
vt 0.5139 0.0000 1.0000
vt 0.5278 0.1000 1.0000
vt 0.5139 0.1000 1.0000
vt 0.5278 0.2000 1.0000
vt 0.5139 0.2000 1.0000
vt 0.5139 0.1500 1.0000
vt 0.5278 0.1500 1.0000
vt 0.5000 0.2000 1.0000
vt 0.5000 0.1500 1.0000
vt 0.4861 0.1500 1.0000
vt 0.4861 0.2000 1.0000
vt 0.5417 0.0000 1.0000
vt 0.5417 0.0500 1.0000
vt 0.5556 0.0000 1.0000
vt 0.5556 0.0500 1.0000
vt 0.5556 0.1000 1.0000
vt 0.5417 0.1000 1.0000
vt 0.5833 0.0000 1.0000
vt 0.5833 0.0500 1.0000
vt 0.5694 0.0500 1.0000
vt 0.5694 0.0000 1.0000
vt 0.5833 0.1000 1.0000
vt 0.5694 0.1000 1.0000
vt 0.5833 0.2000 1.0000
vt 0.5694 0.2000 1.0000
vt 0.5694 0.1500 1.0000
vt 0.5833 0.1500 1.0000
vt 0.5556 0.2000 1.0000
vt 0.5556 0.1500 1.0000
vt 0.5417 0.1500 1.0000
vt 0.5417 0.2000 1.0000
vt 0.5972 0.0000 1.0000
vt 0.5972 0.0500 1.0000
vt 0.6111 0.0000 1.0000
vt 0.6111 0.0500 1.0000
vt 0.6111 0.1000 1.0000
vt 0.5972 0.1000 1.0000
vt 0.6389 0.0000 1.0000
vt 0.6389 0.0500 1.0000
vt 0.6250 0.0500 1.0000
vt 0.6250 0.0000 1.0000
vt 0.6389 0.1000 1.0000
vt 0.6250 0.1000 1.0000
vt 0.6389 0.2000 1.0000
vt 0.6250 0.2000 1.0000
vt 0.6250 0.1500 1.0000
vt 0.6389 0.1500 1.0000
vt 0.6111 0.2000 1.0000
vt 0.6111 0.1500 1.0000
vt 0.5972 0.1500 1.0000
vt 0.5972 0.2000 1.0000
vt 0.6528 0.0000 1.0000
vt 0.6528 0.0500 1.0000
vt 0.6667 0.0000 1.0000
vt 0.6667 0.0500 1.0000
vt 0.6667 0.1000 1.0000
vt 0.6528 0.1000 1.0000
vt 0.6944 0.0000 1.0000
vt 0.6944 0.0500 1.0000
vt 0.6806 0.0500 1.0000
vt 0.6806 0.0000 1.0000
vt 0.6944 0.1000 1.0000
vt 0.6806 0.1000 1.0000
vt 0.6944 0.2000 1.0000
vt 0.6806 0.2000 1.0000
vt 0.6806 0.1500 1.0000
vt 0.6944 0.1500 1.0000
vt 0.6667 0.2000 1.0000
vt 0.6667 0.1500 1.0000
vt 0.6528 0.1500 1.0000
vt 0.6528 0.2000 1.0000
vt 0.7083 0.0000 1.0000
vt 0.7083 0.0500 1.0000
vt 0.7222 0.0000 1.0000
vt 0.7182 0.0528 0.9865
vt 0.7212 0.1007 0.9966
vt 0.7083 0.1000 1.0000
vt 0.7200 0.0611 0.9462
vt 0.7039 0.0222 0.8923
vt 0.7321 0.1028 0.9865
vt 0.7361 0.2000 1.0000
vt 0.7361 0.1500 1.0000
vt 0.7222 0.2000 1.0000
vt 0.7222 0.1500 1.0000
vt 0.7083 0.1500 1.0000
vt 0.7083 0.2000 1.0000
vt 0.7639 0.2500 1.0000
vt 0.7500 0.2500 1.0000
vt 0.7778 0.2500 1.0000
vt 0.7778 0.3000 1.0000
vt 0.7639 0.3000 1.0000
vt 0.7500 0.3000 1.0000
vt 0.8056 0.2500 1.0000
vt 0.7917 0.2500 1.0000
vt 0.8056 0.3000 1.0000
vt 0.7917 0.3000 1.0000
vt 0.8056 0.4000 1.0000
vt 0.7917 0.4000 1.0000
vt 0.7917 0.3500 1.0000
vt 0.8056 0.3500 1.0000
vt 0.7778 0.4000 1.0000
vt 0.7778 0.3500 1.0000
vt 0.7500 0.4000 1.0000
vt 0.7500 0.3500 1.0000
vt 0.7639 0.3500 1.0000
vt 0.7639 0.4000 1.0000
vt 0.8194 0.2500 1.0000
vt 0.8333 0.2500 1.0000
vt 0.8333 0.3000 1.0000
vt 0.8194 0.3000 1.0000
vt 0.8611 0.2500 1.0000
vt 0.8472 0.2500 1.0000
vt 0.8611 0.3000 1.0000
vt 0.8472 0.3000 1.0000
vt 0.8611 0.4000 1.0000
vt 0.8472 0.4000 1.0000
vt 0.8472 0.3500 1.0000
vt 0.8611 0.3500 1.0000
vt 0.8333 0.4000 1.0000
vt 0.8333 0.3500 1.0000
vt 0.8194 0.3500 1.0000
vt 0.8194 0.4000 1.0000
vt 0.8750 0.2500 1.0000
vt 0.8889 0.2500 1.0000
vt 0.8889 0.3000 1.0000
vt 0.8750 0.3000 1.0000
vt 0.9167 0.2500 1.0000
vt 0.9028 0.2500 1.0000
vt 0.9167 0.3000 1.0000
vt 0.9028 0.3000 1.0000
vt 0.9167 0.4000 1.0000
vt 0.9028 0.4000 1.0000
vt 0.9028 0.3500 1.0000
vt 0.9167 0.3500 1.0000
vt 0.8889 0.4000 1.0000
vt 0.8889 0.3500 1.0000
vt 0.8750 0.3500 1.0000
vt 0.8750 0.4000 1.0000
vt 0.9306 0.2500 1.0000
vt 0.9444 0.2500 1.0000
vt 0.9444 0.3000 1.0000
vt 0.9306 0.3000 1.0000
vt 0.9722 0.2500 1.0000
vt 0.9583 0.2500 1.0000
vt 0.9722 0.3000 1.0000
vt 0.9583 0.3000 1.0000
vt 0.9722 0.4000 1.0000
vt 0.9583 0.4000 1.0000
vt 0.9583 0.3500 1.0000
vt 0.9722 0.3500 1.0000
vt 0.9444 0.4000 1.0000
vt 0.9444 0.3500 1.0000
vt 0.9306 0.3500 1.0000
vt 0.9306 0.4000 1.0000
vt -0.0139 0.2500 1.0000
vt -0.0278 0.2500 1.0000
vt 0.0000 0.2500 1.0000
vt 0.0000 0.3000 1.0000
vt -0.0139 0.3000 1.0000
vt -0.0278 0.3000 1.0000
vt 0.0278 0.2500 1.0000
vt 0.0139 0.2500 1.0000
vt 0.0278 0.3000 1.0000
vt 0.0139 0.3000 1.0000
vt 0.0278 0.4000 1.0000
vt 0.0139 0.4000 1.0000
vt 0.0139 0.3500 1.0000
vt 0.0278 0.3500 1.0000
vt 0.0000 0.4000 1.0000
vt 0.0000 0.3500 1.0000
vt -0.0278 0.4000 1.0000
vt -0.0278 0.3500 1.0000
vt -0.0139 0.3500 1.0000
vt -0.0139 0.4000 1.0000
vt 0.0417 0.2500 1.0000
vt 0.0556 0.2500 1.0000
vt 0.0556 0.3000 1.0000
vt 0.0417 0.3000 1.0000
vt 0.0833 0.2500 1.0000
vt 0.0694 0.2500 1.0000
vt 0.0833 0.3000 1.0000
vt 0.0694 0.3000 1.0000
vt 0.0833 0.4000 1.0000
vt 0.0694 0.4000 1.0000
vt 0.0694 0.3500 1.0000
vt 0.0833 0.3500 1.0000
vt 0.0556 0.4000 1.0000
vt 0.0556 0.3500 1.0000
vt 0.0417 0.3500 1.0000
vt 0.0417 0.4000 1.0000
vt 0.0972 0.2500 1.0000
vt 0.1111 0.2500 1.0000
vt 0.1111 0.3000 1.0000
vt 0.0972 0.3000 1.0000
vt 0.1389 0.2500 1.0000
vt 0.1250 0.2500 1.0000
vt 0.1389 0.3000 1.0000
vt 0.1250 0.3000 1.0000
vt 0.1389 0.4000 1.0000
vt 0.1250 0.4000 1.0000
vt 0.1250 0.3500 1.0000
vt 0.1389 0.3500 1.0000
vt 0.1111 0.4000 1.0000
vt 0.1111 0.3500 1.0000
vt 0.0972 0.3500 1.0000
vt 0.0972 0.4000 1.0000
vt 0.1528 0.2500 1.0000
vt 0.1667 0.2500 1.0000
vt 0.1667 0.3000 1.0000
vt 0.1528 0.3000 1.0000
vt 0.1944 0.2500 1.0000
vt 0.1806 0.2500 1.0000
vt 0.1944 0.3000 1.0000
vt 0.1806 0.3000 1.0000
vt 0.1944 0.4000 1.0000
vt 0.1806 0.4000 1.0000
vt 0.1806 0.3500 1.0000
vt 0.1944 0.3500 1.0000
vt 0.1667 0.4000 1.0000
vt 0.1667 0.3500 1.0000
vt 0.1528 0.3500 1.0000
vt 0.1528 0.4000 1.0000
vt 0.2083 0.2500 1.0000
vt 0.2222 0.2500 1.0000
vt 0.2222 0.3000 1.0000
vt 0.2083 0.3000 1.0000
vt 0.2500 0.2500 1.0000
vt 0.2361 0.2500 1.0000
vt 0.2500 0.3000 1.0000
vt 0.2361 0.3000 1.0000
vt 0.2500 0.4000 1.0000
vt 0.2361 0.4000 1.0000
vt 0.2361 0.3500 1.0000
vt 0.2500 0.3500 1.0000
vt 0.2222 0.4000 1.0000
vt 0.2222 0.3500 1.0000
vt 0.2083 0.3500 1.0000
vt 0.2083 0.4000 1.0000
vt 0.2639 0.2500 1.0000
vt 0.2778 0.2500 1.0000
vt 0.2778 0.3000 1.0000
vt 0.2639 0.3000 1.0000
vt 0.3056 0.2500 1.0000
vt 0.2917 0.2500 1.0000
vt 0.3056 0.3000 1.0000
vt 0.2917 0.3000 1.0000
vt 0.3056 0.4000 1.0000
vt 0.2917 0.4000 1.0000
vt 0.2917 0.3500 1.0000
vt 0.3056 0.3500 1.0000
vt 0.2778 0.4000 1.0000
vt 0.2778 0.3500 1.0000
vt 0.2639 0.3500 1.0000
vt 0.2639 0.4000 1.0000
vt 0.3194 0.2500 1.0000
vt 0.3333 0.2500 1.0000
vt 0.3333 0.3000 1.0000
vt 0.3194 0.3000 1.0000
vt 0.3611 0.2500 1.0000
vt 0.3472 0.2500 1.0000
vt 0.3611 0.3000 1.0000
vt 0.3472 0.3000 1.0000
vt 0.3611 0.4000 1.0000
vt 0.3472 0.4000 1.0000
vt 0.3472 0.3500 1.0000
vt 0.3611 0.3500 1.0000
vt 0.3333 0.4000 1.0000
vt 0.3333 0.3500 1.0000
vt 0.3194 0.3500 1.0000
vt 0.3194 0.4000 1.0000
vt 0.3750 0.2500 1.0000
vt 0.3889 0.2500 1.0000
vt 0.3889 0.3000 1.0000
vt 0.3750 0.3000 1.0000
vt 0.4167 0.2500 1.0000
vt 0.4028 0.2500 1.0000
vt 0.4167 0.3000 1.0000
vt 0.4028 0.3000 1.0000
vt 0.4167 0.4000 1.0000
vt 0.4028 0.4000 1.0000
vt 0.4028 0.3500 1.0000
vt 0.4167 0.3500 1.0000
vt 0.3889 0.4000 1.0000
vt 0.3889 0.3500 1.0000
vt 0.3750 0.3500 1.0000
vt 0.3750 0.4000 1.0000
vt 0.4306 0.2500 1.0000
vt 0.4444 0.2500 1.0000
vt 0.4444 0.3000 1.0000
vt 0.4306 0.3000 1.0000
vt 0.4722 0.2500 1.0000
vt 0.4583 0.2500 1.0000
vt 0.4722 0.3000 1.0000
vt 0.4583 0.3000 1.0000
vt 0.4722 0.4000 1.0000
vt 0.4583 0.4000 1.0000
vt 0.4583 0.3500 1.0000
vt 0.4722 0.3500 1.0000
vt 0.4444 0.4000 1.0000
vt 0.4444 0.3500 1.0000
vt 0.4306 0.3500 1.0000
vt 0.4306 0.4000 1.0000
vt 0.4861 0.2500 1.0000
vt 0.5000 0.2500 1.0000
vt 0.5000 0.3000 1.0000
vt 0.4861 0.3000 1.0000
vt 0.5278 0.2500 1.0000
vt 0.5139 0.2500 1.0000
vt 0.5278 0.3000 1.0000
vt 0.5139 0.3000 1.0000
vt 0.5278 0.4000 1.0000
vt 0.5139 0.4000 1.0000
vt 0.5139 0.3500 1.0000
vt 0.5278 0.3500 1.0000
vt 0.5000 0.4000 1.0000
vt 0.5000 0.3500 1.0000
vt 0.4861 0.3500 1.0000
vt 0.4861 0.4000 1.0000
vt 0.5417 0.2500 1.0000
vt 0.5556 0.2500 1.0000
vt 0.5556 0.3000 1.0000
vt 0.5417 0.3000 1.0000
vt 0.5833 0.2500 1.0000
vt 0.5694 0.2500 1.0000
vt 0.5833 0.3000 1.0000
vt 0.5694 0.3000 1.0000
vt 0.5833 0.4000 1.0000
vt 0.5694 0.4000 1.0000
vt 0.5694 0.3500 1.0000
vt 0.5833 0.3500 1.0000
vt 0.5556 0.4000 1.0000
vt 0.5556 0.3500 1.0000
vt 0.5417 0.3500 1.0000
vt 0.5417 0.4000 1.0000
vt 0.5972 0.2500 1.0000
vt 0.6111 0.2500 1.0000
vt 0.6111 0.3000 1.0000
vt 0.5972 0.3000 1.0000
vt 0.6389 0.2500 1.0000
vt 0.6250 0.2500 1.0000
vt 0.6389 0.3000 1.0000
vt 0.6250 0.3000 1.0000
vt 0.6389 0.4000 1.0000
vt 0.6250 0.4000 1.0000
vt 0.6250 0.3500 1.0000
vt 0.6389 0.3500 1.0000
vt 0.6111 0.4000 1.0000
vt 0.6111 0.3500 1.0000
vt 0.5972 0.3500 1.0000
vt 0.5972 0.4000 1.0000
vt 0.6528 0.2500 1.0000
vt 0.6667 0.2500 1.0000
vt 0.6667 0.3000 1.0000
vt 0.6528 0.3000 1.0000
vt 0.6944 0.2500 1.0000
vt 0.6806 0.2500 1.0000
vt 0.6944 0.3000 1.0000
vt 0.6806 0.3000 1.0000
vt 0.6944 0.4000 1.0000
vt 0.6806 0.4000 1.0000
vt 0.6806 0.3500 1.0000
vt 0.6944 0.3500 1.0000
vt 0.6667 0.4000 1.0000
vt 0.6667 0.3500 1.0000
vt 0.6528 0.3500 1.0000
vt 0.6528 0.4000 1.0000
vt 0.7083 0.2500 1.0000
vt 0.7222 0.2500 1.0000
vt 0.7222 0.3000 1.0000
vt 0.7083 0.3000 1.0000
vt 0.7361 0.2500 1.0000
vt 0.7361 0.3000 1.0000
vt 0.7361 0.4000 1.0000
vt 0.7361 0.3500 1.0000
vt 0.7222 0.4000 1.0000
vt 0.7222 0.3500 1.0000
vt 0.7083 0.3500 1.0000
vt 0.7083 0.4000 1.0000
vt 0.7639 0.4500 1.0000
vt 0.7500 0.4500 1.0000
vt 0.7778 0.4500 1.0000
vt 0.7778 0.5000 1.0000
vt 0.7639 0.5000 1.0000
vt 0.7500 0.5000 1.0000
vt 0.8056 0.4500 1.0000
vt 0.7917 0.4500 1.0000
vt 0.8056 0.5000 1.0000
vt 0.7917 0.5000 1.0000
vt 0.8056 0.6000 1.0000
vt 0.7917 0.6000 1.0000
vt 0.7917 0.5500 1.0000
vt 0.8056 0.5500 1.0000
vt 0.7778 0.6000 1.0000
vt 0.7778 0.5500 1.0000
vt 0.7500 0.6000 1.0000
vt 0.7500 0.5500 1.0000
vt 0.7639 0.5500 1.0000
vt 0.7639 0.6000 1.0000
vt 0.8194 0.4500 1.0000
vt 0.8333 0.4500 1.0000
vt 0.8333 0.5000 1.0000
vt 0.8194 0.5000 1.0000
vt 0.8611 0.4500 1.0000
vt 0.8472 0.4500 1.0000
vt 0.8611 0.5000 1.0000
vt 0.8472 0.5000 1.0000
vt 0.8611 0.6000 1.0000
vt 0.8472 0.6000 1.0000
vt 0.8472 0.5500 1.0000
vt 0.8611 0.5500 1.0000
vt 0.8333 0.6000 1.0000
vt 0.8333 0.5500 1.0000
vt 0.8194 0.5500 1.0000
vt 0.8194 0.6000 1.0000
vt 0.8750 0.4500 1.0000
vt 0.8889 0.4500 1.0000
vt 0.8889 0.5000 1.0000
vt 0.8750 0.5000 1.0000
vt 0.9167 0.4500 1.0000
vt 0.9028 0.4500 1.0000
vt 0.9167 0.5000 1.0000
vt 0.9028 0.5000 1.0000
vt 0.9167 0.6000 1.0000
vt 0.9028 0.6000 1.0000
vt 0.9028 0.5500 1.0000
vt 0.9167 0.5500 1.0000
vt 0.8889 0.6000 1.0000
vt 0.8889 0.5500 1.0000
vt 0.8750 0.5500 1.0000
vt 0.8750 0.6000 1.0000
vt 0.9306 0.4500 1.0000
vt 0.9444 0.4500 1.0000
vt 0.9444 0.5000 1.0000
vt 0.9306 0.5000 1.0000
vt 0.9722 0.4500 1.0000
vt 0.9583 0.4500 1.0000
vt 0.9722 0.5000 1.0000
vt 0.9583 0.5000 1.0000
vt 0.9722 0.6000 1.0000
vt 0.9583 0.6000 1.0000
vt 0.9583 0.5500 1.0000
vt 0.9722 0.5500 1.0000
vt 0.9444 0.6000 1.0000
vt 0.9444 0.5500 1.0000
vt 0.9306 0.5500 1.0000
vt 0.9306 0.6000 1.0000
vt -0.0139 0.4500 1.0000
vt -0.0278 0.4500 1.0000
vt 0.0000 0.4500 1.0000
vt 0.0000 0.5000 1.0000
vt -0.0139 0.5000 1.0000
vt -0.0278 0.5000 1.0000
vt 0.0278 0.4500 1.0000
vt 0.0139 0.4500 1.0000
vt 0.0278 0.5000 1.0000
vt 0.0139 0.5000 1.0000
vt 0.0278 0.6000 1.0000
vt 0.0139 0.6000 1.0000
vt 0.0139 0.5500 1.0000
vt 0.0278 0.5500 1.0000
vt 0.0000 0.6000 1.0000
vt 0.0000 0.5500 1.0000
vt -0.0278 0.6000 1.0000
vt -0.0278 0.5500 1.0000
vt -0.0139 0.5500 1.0000
vt -0.0139 0.6000 1.0000
vt 0.0417 0.4500 1.0000
vt 0.0556 0.4500 1.0000
vt 0.0556 0.5000 1.0000
vt 0.0417 0.5000 1.0000
vt 0.0833 0.4500 1.0000
vt 0.0694 0.4500 1.0000
vt 0.0833 0.5000 1.0000
vt 0.0694 0.5000 1.0000
vt 0.0833 0.6000 1.0000
vt 0.0694 0.6000 1.0000
vt 0.0694 0.5500 1.0000
vt 0.0833 0.5500 1.0000
vt 0.0556 0.6000 1.0000
vt 0.0556 0.5500 1.0000
vt 0.0417 0.5500 1.0000
vt 0.0417 0.6000 1.0000
vt 0.0972 0.4500 1.0000
vt 0.1111 0.4500 1.0000
vt 0.1111 0.5000 1.0000
vt 0.0972 0.5000 1.0000
vt 0.1389 0.4500 1.0000
vt 0.1250 0.4500 1.0000
vt 0.1389 0.5000 1.0000
vt 0.1250 0.5000 1.0000
vt 0.1389 0.6000 1.0000
vt 0.1250 0.6000 1.0000
vt 0.1250 0.5500 1.0000
vt 0.1389 0.5500 1.0000
vt 0.1111 0.6000 1.0000
vt 0.1111 0.5500 1.0000
vt 0.0972 0.5500 1.0000
vt 0.0972 0.6000 1.0000
vt 0.1528 0.4500 1.0000
vt 0.1667 0.4500 1.0000
vt 0.1667 0.5000 1.0000
vt 0.1528 0.5000 1.0000
vt 0.1944 0.4500 1.0000
vt 0.1806 0.4500 1.0000
vt 0.1944 0.5000 1.0000
vt 0.1806 0.5000 1.0000
vt 0.1944 0.6000 1.0000
vt 0.1806 0.6000 1.0000
vt 0.1806 0.5500 1.0000
vt 0.1944 0.5500 1.0000
vt 0.1667 0.6000 1.0000
vt 0.1667 0.5500 1.0000
vt 0.1528 0.5500 1.0000
vt 0.1528 0.6000 1.0000
vt 0.2083 0.4500 1.0000
vt 0.2222 0.4500 1.0000
vt 0.2222 0.5000 1.0000
vt 0.2083 0.5000 1.0000
vt 0.2500 0.4500 1.0000
vt 0.2361 0.4500 1.0000
vt 0.2500 0.5000 1.0000
vt 0.2361 0.5000 1.0000
vt 0.2500 0.6000 1.0000
vt 0.2361 0.6000 1.0000
vt 0.2361 0.5500 1.0000
vt 0.2500 0.5500 1.0000
vt 0.2222 0.6000 1.0000
vt 0.2222 0.5500 1.0000
vt 0.2083 0.5500 1.0000
vt 0.2083 0.6000 1.0000
vt 0.2639 0.4500 1.0000
vt 0.2778 0.4500 1.0000
vt 0.2778 0.5000 1.0000
vt 0.2639 0.5000 1.0000
vt 0.3056 0.4500 1.0000
vt 0.2917 0.4500 1.0000
vt 0.3056 0.5000 1.0000
vt 0.2917 0.5000 1.0000
vt 0.3056 0.6000 1.0000
vt 0.2917 0.6000 1.0000
vt 0.2917 0.5500 1.0000
vt 0.3056 0.5500 1.0000
vt 0.2778 0.6000 1.0000
vt 0.2778 0.5500 1.0000
vt 0.2639 0.5500 1.0000
vt 0.2639 0.6000 1.0000
vt 0.3194 0.4500 1.0000
vt 0.3333 0.4500 1.0000
vt 0.3333 0.5000 1.0000
vt 0.3194 0.5000 1.0000
vt 0.3611 0.4500 1.0000
vt 0.3472 0.4500 1.0000
vt 0.3611 0.5000 1.0000
vt 0.3472 0.5000 1.0000
vt 0.3611 0.6000 1.0000
vt 0.3472 0.6000 1.0000
vt 0.3472 0.5500 1.0000
vt 0.3611 0.5500 1.0000
vt 0.3333 0.6000 1.0000
vt 0.3333 0.5500 1.0000
vt 0.3194 0.5500 1.0000
vt 0.3194 0.6000 1.0000
vt 0.3750 0.4500 1.0000
vt 0.3889 0.4500 1.0000
vt 0.3889 0.5000 1.0000
vt 0.3750 0.5000 1.0000
vt 0.4167 0.4500 1.0000
vt 0.4028 0.4500 1.0000
vt 0.4167 0.5000 1.0000
vt 0.4028 0.5000 1.0000
vt 0.4167 0.6000 1.0000
vt 0.4028 0.6000 1.0000
vt 0.4028 0.5500 1.0000
vt 0.4167 0.5500 1.0000
vt 0.3889 0.6000 1.0000
vt 0.3889 0.5500 1.0000
vt 0.3750 0.5500 1.0000
vt 0.3750 0.6000 1.0000
vt 0.4306 0.4500 1.0000
vt 0.4444 0.4500 1.0000
vt 0.4444 0.5000 1.0000
vt 0.4306 0.5000 1.0000
vt 0.4722 0.4500 1.0000
vt 0.4583 0.4500 1.0000
vt 0.4722 0.5000 1.0000
vt 0.4583 0.5000 1.0000
vt 0.4722 0.6000 1.0000
vt 0.4583 0.6000 1.0000
vt 0.4583 0.5500 1.0000
vt 0.4722 0.5500 1.0000
vt 0.4444 0.6000 1.0000
vt 0.4444 0.5500 1.0000
vt 0.4306 0.5500 1.0000
vt 0.4306 0.6000 1.0000
vt 0.4861 0.4500 1.0000
vt 0.5000 0.4500 1.0000
vt 0.5000 0.5000 1.0000
vt 0.4861 0.5000 1.0000
vt 0.5278 0.4500 1.0000
vt 0.5139 0.4500 1.0000
vt 0.5278 0.5000 1.0000
vt 0.5139 0.5000 1.0000
vt 0.5278 0.6000 1.0000
vt 0.5139 0.6000 1.0000
vt 0.5139 0.5500 1.0000
vt 0.5278 0.5500 1.0000
vt 0.5000 0.6000 1.0000
vt 0.5000 0.5500 1.0000
vt 0.4861 0.5500 1.0000
vt 0.4861 0.6000 1.0000
vt 0.5417 0.4500 1.0000
vt 0.5556 0.4500 1.0000
vt 0.5556 0.5000 1.0000
vt 0.5417 0.5000 1.0000
vt 0.5833 0.4500 1.0000
vt 0.5694 0.4500 1.0000
vt 0.5833 0.5000 1.0000
vt 0.5694 0.5000 1.0000
vt 0.5833 0.6000 1.0000
vt 0.5694 0.6000 1.0000
vt 0.5694 0.5500 1.0000
vt 0.5833 0.5500 1.0000
vt 0.5556 0.6000 1.0000
vt 0.5556 0.5500 1.0000
vt 0.5417 0.5500 1.0000
vt 0.5417 0.6000 1.0000
vt 0.5972 0.4500 1.0000
vt 0.6111 0.4500 1.0000
vt 0.6111 0.5000 1.0000
vt 0.5972 0.5000 1.0000
vt 0.6389 0.4500 1.0000
vt 0.6250 0.4500 1.0000
vt 0.6389 0.5000 1.0000
vt 0.6250 0.5000 1.0000
vt 0.6389 0.6000 1.0000
vt 0.6250 0.6000 1.0000
vt 0.6250 0.5500 1.0000
vt 0.6389 0.5500 1.0000
vt 0.6111 0.6000 1.0000
vt 0.6111 0.5500 1.0000
vt 0.5972 0.5500 1.0000
vt 0.5972 0.6000 1.0000
vt 0.6528 0.4500 1.0000
vt 0.6667 0.4500 1.0000
vt 0.6667 0.5000 1.0000
vt 0.6528 0.5000 1.0000
vt 0.6944 0.4500 1.0000
vt 0.6806 0.4500 1.0000
vt 0.6944 0.5000 1.0000
vt 0.6806 0.5000 1.0000
vt 0.6944 0.6000 1.0000
vt 0.6806 0.6000 1.0000
vt 0.6806 0.5500 1.0000
vt 0.6944 0.5500 1.0000
vt 0.6667 0.6000 1.0000
vt 0.6667 0.5500 1.0000
vt 0.6528 0.5500 1.0000
vt 0.6528 0.6000 1.0000
vt 0.7083 0.4500 1.0000
vt 0.7222 0.4500 1.0000
vt 0.7222 0.5000 1.0000
vt 0.7083 0.5000 1.0000
vt 0.7361 0.4500 1.0000
vt 0.7361 0.5000 1.0000
vt 0.7361 0.6000 1.0000
vt 0.7361 0.5500 1.0000
vt 0.7222 0.6000 1.0000
vt 0.7222 0.5500 1.0000
vt 0.7083 0.5500 1.0000
vt 0.7083 0.6000 1.0000
vt 0.7639 0.6500 1.0000
vt 0.7500 0.6500 1.0000
vt 0.7778 0.6500 1.0000
vt 0.7778 0.7000 1.0000
vt 0.7639 0.7000 1.0000
vt 0.7500 0.7000 1.0000
vt 0.8056 0.6500 1.0000
vt 0.7917 0.6500 1.0000
vt 0.8056 0.7000 1.0000
vt 0.7917 0.7000 1.0000
vt 0.8056 0.8000 1.0000
vt 0.7917 0.8000 1.0000
vt 0.7917 0.7500 1.0000
vt 0.8056 0.7500 1.0000
vt 0.7778 0.8000 1.0000
vt 0.7778 0.7500 1.0000
vt 0.7500 0.8000 1.0000
vt 0.7500 0.7500 1.0000
vt 0.7639 0.7500 1.0000
vt 0.7639 0.8000 1.0000
vt 0.8194 0.6500 1.0000
vt 0.8333 0.6500 1.0000
vt 0.8333 0.7000 1.0000
vt 0.8194 0.7000 1.0000
vt 0.8611 0.6500 1.0000
vt 0.8472 0.6500 1.0000
vt 0.8611 0.7000 1.0000
vt 0.8472 0.7000 1.0000
vt 0.8611 0.8000 1.0000
vt 0.8472 0.8000 1.0000
vt 0.8472 0.7500 1.0000
vt 0.8611 0.7500 1.0000
vt 0.8333 0.8000 1.0000
vt 0.8333 0.7500 1.0000
vt 0.8194 0.7500 1.0000
vt 0.8194 0.8000 1.0000
vt 0.8750 0.6500 1.0000
vt 0.8889 0.6500 1.0000
vt 0.8889 0.7000 1.0000
vt 0.8750 0.7000 1.0000
vt 0.9167 0.6500 1.0000
vt 0.9028 0.6500 1.0000
vt 0.9167 0.7000 1.0000
vt 0.9028 0.7000 1.0000
vt 0.9167 0.8000 1.0000
vt 0.9028 0.8000 1.0000
vt 0.9028 0.7500 1.0000
vt 0.9167 0.7500 1.0000
vt 0.8889 0.8000 1.0000
vt 0.8889 0.7500 1.0000
vt 0.8750 0.7500 1.0000
vt 0.8750 0.8000 1.0000
vt 0.9306 0.6500 1.0000
vt 0.9444 0.6500 1.0000
vt 0.9444 0.7000 1.0000
vt 0.9306 0.7000 1.0000
vt 0.9722 0.6500 1.0000
vt 0.9583 0.6500 1.0000
vt 0.9722 0.7000 1.0000
vt 0.9583 0.7000 1.0000
vt 0.9722 0.8000 1.0000
vt 0.9583 0.8000 1.0000
vt 0.9583 0.7500 1.0000
vt 0.9722 0.7500 1.0000
vt 0.9444 0.8000 1.0000
vt 0.9444 0.7500 1.0000
vt 0.9306 0.7500 1.0000
vt 0.9306 0.8000 1.0000
vt -0.0139 0.6500 1.0000
vt -0.0278 0.6500 1.0000
vt 0.0000 0.6500 1.0000
vt 0.0000 0.7000 1.0000
vt -0.0139 0.7000 1.0000
vt -0.0278 0.7000 1.0000
vt 0.0278 0.6500 1.0000
vt 0.0139 0.6500 1.0000
vt 0.0278 0.7000 1.0000
vt 0.0139 0.7000 1.0000
vt 0.0278 0.8000 1.0000
vt 0.0139 0.8000 1.0000
vt 0.0139 0.7500 1.0000
vt 0.0278 0.7500 1.0000
vt 0.0000 0.8000 1.0000
vt 0.0000 0.7500 1.0000
vt -0.0278 0.8000 1.0000
vt -0.0278 0.7500 1.0000
vt -0.0139 0.7500 1.0000
vt -0.0139 0.8000 1.0000
vt 0.0417 0.6500 1.0000
vt 0.0556 0.6500 1.0000
vt 0.0556 0.7000 1.0000
vt 0.0417 0.7000 1.0000
vt 0.0833 0.6500 1.0000
vt 0.0694 0.6500 1.0000
vt 0.0833 0.7000 1.0000
vt 0.0694 0.7000 1.0000
vt 0.0833 0.8000 1.0000
vt 0.0694 0.8000 1.0000
vt 0.0694 0.7500 1.0000
vt 0.0833 0.7500 1.0000
vt 0.0556 0.8000 1.0000
vt 0.0556 0.7500 1.0000
vt 0.0417 0.7500 1.0000
vt 0.0417 0.8000 1.0000
vt 0.0972 0.6500 1.0000
vt 0.1111 0.6500 1.0000
vt 0.1111 0.7000 1.0000
vt 0.0972 0.7000 1.0000
vt 0.1389 0.6500 1.0000
vt 0.1250 0.6500 1.0000
vt 0.1389 0.7000 1.0000
vt 0.1250 0.7000 1.0000
vt 0.1389 0.8000 1.0000
vt 0.1250 0.8000 1.0000
vt 0.1250 0.7500 1.0000
vt 0.1389 0.7500 1.0000
vt 0.1111 0.8000 1.0000
vt 0.1111 0.7500 1.0000
vt 0.0972 0.7500 1.0000
vt 0.0972 0.8000 1.0000
vt 0.1528 0.6500 1.0000
vt 0.1667 0.6500 1.0000
vt 0.1667 0.7000 1.0000
vt 0.1528 0.7000 1.0000
vt 0.1944 0.6500 1.0000
vt 0.1806 0.6500 1.0000
vt 0.1944 0.7000 1.0000
vt 0.1806 0.7000 1.0000
vt 0.1944 0.8000 1.0000
vt 0.1806 0.8000 1.0000
vt 0.1806 0.7500 1.0000
vt 0.1944 0.7500 1.0000
vt 0.1667 0.8000 1.0000
vt 0.1667 0.7500 1.0000
vt 0.1528 0.7500 1.0000
vt 0.1528 0.8000 1.0000
vt 0.2083 0.6500 1.0000
vt 0.2222 0.6500 1.0000
vt 0.2222 0.7000 1.0000
vt 0.2083 0.7000 1.0000
vt 0.2500 0.6500 1.0000
vt 0.2361 0.6500 1.0000
vt 0.2500 0.7000 1.0000
vt 0.2361 0.7000 1.0000
vt 0.2500 0.8000 1.0000
vt 0.2361 0.8000 1.0000
vt 0.2361 0.7500 1.0000
vt 0.2500 0.7500 1.0000
vt 0.2222 0.8000 1.0000
vt 0.2222 0.7500 1.0000
vt 0.2083 0.7500 1.0000
vt 0.2083 0.8000 1.0000
vt 0.2639 0.6500 1.0000
vt 0.2778 0.6500 1.0000
vt 0.2778 0.7000 1.0000
vt 0.2639 0.7000 1.0000
vt 0.3056 0.6500 1.0000
vt 0.2917 0.6500 1.0000
vt 0.3056 0.7000 1.0000
vt 0.2917 0.7000 1.0000
vt 0.3056 0.8000 1.0000
vt 0.2917 0.8000 1.0000
vt 0.2917 0.7500 1.0000
vt 0.3056 0.7500 1.0000
vt 0.2778 0.8000 1.0000
vt 0.2778 0.7500 1.0000
vt 0.2639 0.7500 1.0000
vt 0.2639 0.8000 1.0000
vt 0.3194 0.6500 1.0000
vt 0.3333 0.6500 1.0000
vt 0.3333 0.7000 1.0000
vt 0.3194 0.7000 1.0000
vt 0.3611 0.6500 1.0000
vt 0.3472 0.6500 1.0000
vt 0.3611 0.7000 1.0000
vt 0.3472 0.7000 1.0000
vt 0.3611 0.8000 1.0000
vt 0.3472 0.8000 1.0000
vt 0.3472 0.7500 1.0000
vt 0.3611 0.7500 1.0000
vt 0.3333 0.8000 1.0000
vt 0.3333 0.7500 1.0000
vt 0.3194 0.7500 1.0000
vt 0.3194 0.8000 1.0000
vt 0.3750 0.6500 1.0000
vt 0.3889 0.6500 1.0000
vt 0.3889 0.7000 1.0000
vt 0.3750 0.7000 1.0000
vt 0.4167 0.6500 1.0000
vt 0.4028 0.6500 1.0000
vt 0.4167 0.7000 1.0000
vt 0.4028 0.7000 1.0000
vt 0.4167 0.8000 1.0000
vt 0.4028 0.8000 1.0000
vt 0.4028 0.7500 1.0000
vt 0.4167 0.7500 1.0000
vt 0.3889 0.8000 1.0000
vt 0.3889 0.7500 1.0000
vt 0.3750 0.7500 1.0000
vt 0.3750 0.8000 1.0000
vt 0.4306 0.6500 1.0000
vt 0.4444 0.6500 1.0000
vt 0.4444 0.7000 1.0000
vt 0.4306 0.7000 1.0000
vt 0.4722 0.6500 1.0000
vt 0.4583 0.6500 1.0000
vt 0.4722 0.7000 1.0000
vt 0.4583 0.7000 1.0000
vt 0.4722 0.8000 1.0000
vt 0.4583 0.8000 1.0000
vt 0.4583 0.7500 1.0000
vt 0.4722 0.7500 1.0000
vt 0.4444 0.8000 1.0000
vt 0.4444 0.7500 1.0000
vt 0.4306 0.7500 1.0000
vt 0.4306 0.8000 1.0000
vt 0.4861 0.6500 1.0000
vt 0.5000 0.6500 1.0000
vt 0.5000 0.7000 1.0000
vt 0.4861 0.7000 1.0000
vt 0.5278 0.6500 1.0000
vt 0.5139 0.6500 1.0000
vt 0.5278 0.7000 1.0000
vt 0.5139 0.7000 1.0000
vt 0.5278 0.8000 1.0000
vt 0.5139 0.8000 1.0000
vt 0.5139 0.7500 1.0000
vt 0.5278 0.7500 1.0000
vt 0.5000 0.8000 1.0000
vt 0.5000 0.7500 1.0000
vt 0.4861 0.7500 1.0000
vt 0.4861 0.8000 1.0000
vt 0.5417 0.6500 1.0000
vt 0.5556 0.6500 1.0000
vt 0.5556 0.7000 1.0000
vt 0.5417 0.7000 1.0000
vt 0.5833 0.6500 1.0000
vt 0.5694 0.6500 1.0000
vt 0.5833 0.7000 1.0000
vt 0.5694 0.7000 1.0000
vt 0.5833 0.8000 1.0000
vt 0.5694 0.8000 1.0000
vt 0.5694 0.7500 1.0000
vt 0.5833 0.7500 1.0000
vt 0.5556 0.8000 1.0000
vt 0.5556 0.7500 1.0000
vt 0.5417 0.7500 1.0000
vt 0.5417 0.8000 1.0000
vt 0.5972 0.6500 1.0000
vt 0.6111 0.6500 1.0000
vt 0.6111 0.7000 1.0000
vt 0.5972 0.7000 1.0000
vt 0.6389 0.6500 1.0000
vt 0.6250 0.6500 1.0000
vt 0.6389 0.7000 1.0000
vt 0.6250 0.7000 1.0000
vt 0.6389 0.8000 1.0000
vt 0.6250 0.8000 1.0000
vt 0.6250 0.7500 1.0000
vt 0.6389 0.7500 1.0000
vt 0.6111 0.8000 1.0000
vt 0.6111 0.7500 1.0000
vt 0.5972 0.7500 1.0000
vt 0.5972 0.8000 1.0000
vt 0.6528 0.6500 1.0000
vt 0.6667 0.6500 1.0000
vt 0.6667 0.7000 1.0000
vt 0.6528 0.7000 1.0000
vt 0.6944 0.6500 1.0000
vt 0.6806 0.6500 1.0000
vt 0.6944 0.7000 1.0000
vt 0.6806 0.7000 1.0000
vt 0.6944 0.8000 1.0000
vt 0.6806 0.8000 1.0000
vt 0.6806 0.7500 1.0000
vt 0.6944 0.7500 1.0000
vt 0.6667 0.8000 1.0000
vt 0.6667 0.7500 1.0000
vt 0.6528 0.7500 1.0000
vt 0.6528 0.8000 1.0000
vt 0.7083 0.6500 1.0000
vt 0.7222 0.6500 1.0000
vt 0.7222 0.7000 1.0000
vt 0.7083 0.7000 1.0000
vt 0.7361 0.6500 1.0000
vt 0.7361 0.7000 1.0000
vt 0.7361 0.8000 1.0000
vt 0.7361 0.7500 1.0000
vt 0.7222 0.8000 1.0000
vt 0.7222 0.7500 1.0000
vt 0.7083 0.7500 1.0000
vt 0.7083 0.8000 1.0000
vt 0.7639 0.8500 1.0000
vt 0.7500 0.8500 1.0000
vt 0.7778 0.8500 1.0000
vt 0.7715 0.8963 0.9763
vt 0.7588 0.8957 0.9801
vt 0.7462 0.8951 0.9839
vt 0.8056 0.8500 1.0000
vt 0.7917 0.8500 1.0000
vt 0.8008 0.8951 0.9839
vt 0.7862 0.8957 0.9801
vt 0.7644 0.9509 0.8611
vt 0.7414 0.9599 0.8116
vt 0.7698 0.9326 0.9204
vt 0.7865 0.9302 0.9357
vt 0.7162 0.9643 0.7680
vt 0.7526 0.9351 0.9050
vt 0.7175 0.9509 0.8611
vt 0.7350 0.9302 0.9357
vt 0.7435 0.9326 0.9204
vt 0.7142 0.9599 0.8116
vt 0.8194 0.8500 1.0000
vt 0.8333 0.8500 1.0000
vt 0.8255 0.8963 0.9763
vt 0.8131 0.8957 0.9801
vt 0.8611 0.8500 1.0000
vt 0.8472 0.8500 1.0000
vt 0.8553 0.8951 0.9839
vt 0.8405 0.8957 0.9801
vt 0.8112 0.9509 0.8611
vt 0.7851 0.9599 0.8116
vt 0.8203 0.9326 0.9204
vt 0.8380 0.9302 0.9357
vt 0.7572 0.9643 0.7680
vt 0.8022 0.9351 0.9050
vt 0.7941 0.9326 0.9204
vt 0.7579 0.9599 0.8116
vt 0.8750 0.8500 1.0000
vt 0.8889 0.8500 1.0000
vt 0.8796 0.8963 0.9763
vt 0.8674 0.8957 0.9801
vt 0.9167 0.8500 1.0000
vt 0.9028 0.8500 1.0000
vt 0.9099 0.8951 0.9839
vt 0.8948 0.8957 0.9801
vt 0.8580 0.9509 0.8611
vt 0.8288 0.9599 0.8116
vt 0.8709 0.9326 0.9204
vt 0.8895 0.9302 0.9357
vt 0.7981 0.9643 0.7680
vt 0.8517 0.9351 0.9050
vt 0.8446 0.9326 0.9204
vt 0.8016 0.9599 0.8116
vt 0.9306 0.8500 1.0000
vt 0.9444 0.8500 1.0000
vt 0.9344 0.8970 0.9778
vt 0.9217 0.8957 0.9801
vt 0.9722 0.8500 1.0000
vt 0.9583 0.8500 1.0000
vt 0.9722 0.9000 1.0000
vt 0.9521 0.8984 0.9862
vt 0.9722 1.0000 1.0000
vt 0.8957 0.9781 0.8584
vt 0.9333 0.9438 0.9449
vt 0.9722 0.9500 1.0000
vt 0.8449 0.9689 0.7797
vt 0.9043 0.9378 0.9112
vt 0.8952 0.9326 0.9204
vt 0.8453 0.9599 0.8116
vt -0.0139 0.8500 1.0000
vt -0.0278 0.8500 1.0000
vt 0.0000 0.8500 1.0000
vt 0.0000 0.9000 1.0000
vt -0.0139 0.9000 1.0000
vt -0.0278 0.9000 1.0000
vt 0.0278 0.8500 1.0000
vt 0.0139 0.8500 1.0000
vt 0.0278 0.9000 1.0000
vt 0.0139 0.9000 1.0000
vt 0.0278 1.0000 1.0000
vt 0.0139 1.0000 1.0000
vt 0.0139 0.9500 1.0000
vt 0.0278 0.9500 1.0000
vt 0.0000 1.0000 1.0000
vt 0.0000 0.9500 1.0000
vt -0.0278 1.0000 1.0000
vt -0.0278 0.9500 1.0000
vt -0.0139 0.9500 1.0000
vt -0.0139 1.0000 1.0000
vt 0.0417 0.8500 1.0000
vt 0.0556 0.8500 1.0000
vt 0.0556 0.9000 1.0000
vt 0.0417 0.9000 1.0000
vt 0.0833 0.8500 1.0000
vt 0.0694 0.8500 1.0000
vt 0.0833 0.9000 1.0000
vt 0.0694 0.9000 1.0000
vt 0.0833 1.0000 1.0000
vt 0.0694 1.0000 1.0000
vt 0.0694 0.9500 1.0000
vt 0.0833 0.9500 1.0000
vt 0.0556 1.0000 1.0000
vt 0.0556 0.9500 1.0000
vt 0.0417 0.9500 1.0000
vt 0.0417 1.0000 1.0000
vt 0.0972 0.8500 1.0000
vt 0.1111 0.8500 1.0000
vt 0.1111 0.9000 1.0000
vt 0.0972 0.9000 1.0000
vt 0.1389 0.8500 1.0000
vt 0.1250 0.8500 1.0000
vt 0.1389 0.9000 1.0000
vt 0.1250 0.9000 1.0000
vt 0.1389 1.0000 1.0000
vt 0.1250 1.0000 1.0000
vt 0.1250 0.9500 1.0000
vt 0.1389 0.9500 1.0000
vt 0.1111 1.0000 1.0000
vt 0.1111 0.9500 1.0000
vt 0.0972 0.9500 1.0000
vt 0.0972 1.0000 1.0000
vt 0.1528 0.8500 1.0000
vt 0.1667 0.8500 1.0000
vt 0.1667 0.9000 1.0000
vt 0.1528 0.9000 1.0000
vt 0.1944 0.8500 1.0000
vt 0.1806 0.8500 1.0000
vt 0.1944 0.9000 1.0000
vt 0.1806 0.9000 1.0000
vt 0.1944 1.0000 1.0000
vt 0.1806 1.0000 1.0000
vt 0.1806 0.9500 1.0000
vt 0.1944 0.9500 1.0000
vt 0.1667 1.0000 1.0000
vt 0.1667 0.9500 1.0000
vt 0.1528 0.9500 1.0000
vt 0.1528 1.0000 1.0000
vt 0.2083 0.8500 1.0000
vt 0.2222 0.8500 1.0000
vt 0.2222 0.9000 1.0000
vt 0.2083 0.9000 1.0000
vt 0.2500 0.8500 1.0000
vt 0.2361 0.8500 1.0000
vt 0.2500 0.9000 1.0000
vt 0.2361 0.9000 1.0000
vt 0.2500 1.0000 1.0000
vt 0.2361 1.0000 1.0000
vt 0.2361 0.9500 1.0000
vt 0.2500 0.9500 1.0000
vt 0.2222 1.0000 1.0000
vt 0.2222 0.9500 1.0000
vt 0.2083 0.9500 1.0000
vt 0.2083 1.0000 1.0000
vt 0.2639 0.8500 1.0000
vt 0.2778 0.8500 1.0000
vt 0.2778 0.9000 1.0000
vt 0.2639 0.9000 1.0000
vt 0.3056 0.8500 1.0000
vt 0.2917 0.8500 1.0000
vt 0.3056 0.9000 1.0000
vt 0.2917 0.9000 1.0000
vt 0.3056 1.0000 1.0000
vt 0.2917 1.0000 1.0000
vt 0.2917 0.9500 1.0000
vt 0.3056 0.9500 1.0000
vt 0.2778 1.0000 1.0000
vt 0.2778 0.9500 1.0000
vt 0.2639 0.9500 1.0000
vt 0.2639 1.0000 1.0000
vt 0.3194 0.8500 1.0000
vt 0.3333 0.8500 1.0000
vt 0.3333 0.9000 1.0000
vt 0.3194 0.9000 1.0000
vt 0.3611 0.8500 1.0000
vt 0.3472 0.8500 1.0000
vt 0.3611 0.9000 1.0000
vt 0.3472 0.9000 1.0000
vt 0.3611 1.0000 1.0000
vt 0.3472 1.0000 1.0000
vt 0.3472 0.9500 1.0000
vt 0.3611 0.9500 1.0000
vt 0.3333 1.0000 1.0000
vt 0.3333 0.9500 1.0000
vt 0.3194 0.9500 1.0000
vt 0.3194 1.0000 1.0000
vt 0.3750 0.8500 1.0000
vt 0.3889 0.8500 1.0000
vt 0.3889 0.9000 1.0000
vt 0.3750 0.9000 1.0000
vt 0.4167 0.8500 1.0000
vt 0.4028 0.8500 1.0000
vt 0.4167 0.9000 1.0000
vt 0.4028 0.9000 1.0000
vt 0.4167 1.0000 1.0000
vt 0.4028 1.0000 1.0000
vt 0.4028 0.9500 1.0000
vt 0.4167 0.9500 1.0000
vt 0.3889 1.0000 1.0000
vt 0.3889 0.9500 1.0000
vt 0.3750 0.9500 1.0000
vt 0.3750 1.0000 1.0000
vt 0.4306 0.8500 1.0000
vt 0.4444 0.8500 1.0000
vt 0.4444 0.9000 1.0000
vt 0.4306 0.9000 1.0000
vt 0.4722 0.8500 1.0000
vt 0.4583 0.8500 1.0000
vt 0.4722 0.9000 1.0000
vt 0.4583 0.9000 1.0000
vt 0.4722 1.0000 1.0000
vt 0.4583 1.0000 1.0000
vt 0.4583 0.9500 1.0000
vt 0.4722 0.9500 1.0000
vt 0.4444 1.0000 1.0000
vt 0.4444 0.9500 1.0000
vt 0.4306 0.9500 1.0000
vt 0.4306 1.0000 1.0000
vt 0.4861 0.8500 1.0000
vt 0.5000 0.8500 1.0000
vt 0.5000 0.9000 1.0000
vt 0.4861 0.9000 1.0000
vt 0.5278 0.8500 1.0000
vt 0.5139 0.8500 1.0000
vt 0.5278 0.9000 1.0000
vt 0.5139 0.9000 1.0000
vt 0.5278 1.0000 1.0000
vt 0.5139 1.0000 1.0000
vt 0.5139 0.9500 1.0000
vt 0.5278 0.9500 1.0000
vt 0.5000 1.0000 1.0000
vt 0.5000 0.9500 1.0000
vt 0.4861 0.9500 1.0000
vt 0.4861 1.0000 1.0000
vt 0.5417 0.8500 1.0000
vt 0.5556 0.8500 1.0000
vt 0.5556 0.9000 1.0000
vt 0.5417 0.9000 1.0000
vt 0.5833 0.8500 1.0000
vt 0.5694 0.8500 1.0000
vt 0.5833 0.9000 1.0000
vt 0.5694 0.9000 1.0000
vt 0.5833 1.0000 1.0000
vt 0.5694 1.0000 1.0000
vt 0.5694 0.9500 1.0000
vt 0.5833 0.9500 1.0000
vt 0.5556 1.0000 1.0000
vt 0.5556 0.9500 1.0000
vt 0.5417 0.9500 1.0000
vt 0.5417 1.0000 1.0000
vt 0.5972 0.8500 1.0000
vt 0.6111 0.8500 1.0000
vt 0.6111 0.9000 1.0000
vt 0.5972 0.9000 1.0000
vt 0.6389 0.8500 1.0000
vt 0.6250 0.8500 1.0000
vt 0.6389 0.9000 1.0000
vt 0.6250 0.9000 1.0000
vt 0.6389 1.0000 1.0000
vt 0.6250 1.0000 1.0000
vt 0.6250 0.9500 1.0000
vt 0.6389 0.9500 1.0000
vt 0.6111 1.0000 1.0000
vt 0.6111 0.9500 1.0000
vt 0.5972 0.9500 1.0000
vt 0.5972 1.0000 1.0000
vt 0.6528 0.8500 1.0000
vt 0.6667 0.8500 1.0000
vt 0.6664 0.8993 0.9985
vt 0.6528 0.9000 1.0000
vt 0.6944 0.8500 1.0000
vt 0.6806 0.8500 1.0000
vt 0.6922 0.8954 0.9874
vt 0.6795 0.8972 0.9939
vt 0.6697 0.9551 0.8792
vt 0.6722 0.9778 0.9510
vt 0.6764 0.9389 0.9755
vt 0.6854 0.9318 0.9495
vt 0.6667 1.0000 1.0000
vt 0.6656 0.9472 0.9939
vt 0.6528 0.9500 1.0000
vt 0.6528 1.0000 1.0000
vt 0.7083 0.8500 1.0000
vt 0.7222 0.8500 1.0000
vt 0.7174 0.8963 0.9763
vt 0.7045 0.8957 0.9801
vt 0.7361 0.8500 1.0000
vt 0.7319 0.8957 0.9801
vt 0.6977 0.9599 0.8116
vt 0.7192 0.9326 0.9204
vt 0.6723 0.9647 0.7609
vt 0.7030 0.9351 0.9050
vt 0.6930 0.9326 0.9204
vt 0.6586 0.9615 0.7833
vt 0.5860 0.9826 0.5314
vt 0.5613 0.9778 0.6142
vt 0.6186 0.9835 0.5183
vt 0.5420 0.9993 0.1123
vt 0.4765 0.9957 0.2187
vt 0.4449 1.0000 0.3264
vt 0.6670 0.9764 0.6447
vt 0.6575 0.9819 0.5467
vt 0.7001 0.9764 0.6447
vt 0.6846 0.9819 0.5467
vt 0.7333 0.9764 0.6447
vt 0.7116 0.9819 0.5467
vt 0.7665 0.9764 0.6447
vt 0.7469 0.9863 0.5628
vt 0.9719 1.0000 0.9698
vt 0.8330 0.9938 0.7092
vt 0.9715 1.0000 0.9397
vt 0.8013 0.9984 0.6106
vt 0.9708 1.0000 0.8794
vt 0.9563 1.0000 0.8227
vt 0.8570 1.0000 0.6757
vt 0.9712 1.0000 0.9095
vt 0.9417 1.0000 0.7660
vt 0.7892 1.0000 0.5172
vt 0.9126 1.0000 0.6527
vt 0.8856 1.0000 0.5764
vt 0.8142 1.0000 0.5091
vt 0.9272 1.0000 0.7094
vt 0.8587 1.0000 0.5000
vt 0.7379 1.0000 0.3529
vt 0.8047 1.0000 0.3473
vt 0.7685 1.0000 0.2605
vt 0.7349 1.0000 0.2847
vt 0.8317 1.0000 0.4236
vt 0.7323 1.0000 0.1736
vt 0.6599 1.0000 0.1514
vt 0.6600 1.0000 0.0000
vt 0.6190 1.0000 -0.0868
vt 0.6285 1.0000 0.0295
vt 0.6961 1.0000 0.0868
vt 0.5780 1.0000 -0.1736
vt 0.5646 1.0000 -0.0630
vt 0.4960 1.0000 -0.3473
vt 0.4551 1.0000 -0.4236
vt 0.5080 1.0000 -0.2258
vt 0.5370 1.0000 -0.2605
vt 0.4142 1.0000 -0.5000
vt 0.4635 1.0000 -0.2646
vt 0.3325 1.0000 -0.6527
vt 0.2966 1.0000 -0.7094
vt 0.3878 1.0000 -0.4502
vt 0.3733 1.0000 -0.5764
vt 0.2608 1.0000 -0.7660
vt 0.3687 1.0000 -0.4288
vt 0.1891 1.0000 -0.8794
vt 0.1627 1.0000 -0.9095
vt 0.2825 1.0000 -0.6168
vt 0.2250 1.0000 -0.8227
vt 0.1362 1.0000 -0.9397
vt 0.2918 1.0000 -0.5360
vt 0.0833 1.0000 -1.0000
vt 0.0694 1.0000 -1.0000
vt 0.2047 1.0000 -0.7055
vt 0.1098 1.0000 -0.9698
vt 0.0556 1.0000 -1.0000
vt 0.2420 1.0000 -0.5733
vt 0.0278 1.0000 -1.0000
vt 0.0281 1.0000 -0.9698
vt 0.1639 1.0000 -0.7055
vt 0.0417 1.0000 -1.0000
vt 0.0285 1.0000 -0.9397
vt 0.2253 1.0000 -0.5360
vt 0.0292 1.0000 -0.8794
vt 0.0437 1.0000 -0.8227
vt 0.1649 1.0000 -0.6168
vt 0.0288 1.0000 -0.9095
vt 0.0583 1.0000 -0.7660
vt 0.2437 1.0000 -0.4288
vt 0.0874 1.0000 -0.6527
vt 0.1144 1.0000 -0.5764
vt 0.2077 1.0000 -0.4502
vt 0.0728 1.0000 -0.7094
vt 0.1413 1.0000 -0.5000
vt 0.3061 1.0000 -0.2333
vt 0.1953 1.0000 -0.3473
vt 0.3201 1.0000 -0.0105
vt 0.3313 1.0000 -0.1008
vt 0.1683 1.0000 -0.4236
# 1713 texture coords

o Cylinder002
g Cylinder002
usemtl wire_224086086
s 1
f 1/1/1 2/2/2 3/3/3 4/4/4 
f 5/5/5 6/6/6 3/3/3 2/2/2 
f 7/7/7 8/8/8 3/3/3 6/6/6 
f 9/9/9 4/4/4 3/3/3 8/8/8 
f 10/10/10 11/11/11 12/12/12 13/13/13 
f 14/14/14 15/15/15 12/12/12 11/11/11 
f 7/7/7 6/6/6 12/12/12 15/15/15 
f 5/5/5 13/13/13 12/12/12 6/6/6 
f 16/16/16 17/17/17 18/18/18 19/19/19 
f 20/20/20 21/21/21 18/18/18 17/17/17 
f 7/7/7 15/15/15 18/18/18 21/21/21 
f 14/14/14 19/19/19 18/18/18 15/15/15 
f 22/22/22 23/23/23 24/24/24 25/25/25 
f 26/26/26 27/27/27 24/24/24 23/23/23 
f 7/7/7 21/21/21 24/24/24 27/27/27 
f 20/20/20 25/25/25 24/24/24 21/21/21 
f 28/28/28 29/29/29 30/30/30 31/31/31 
f 32/32/32 33/33/33 30/30/30 29/29/29 
f 7/7/7 27/27/27 30/30/30 33/33/33 
f 26/26/26 31/31/31 30/30/30 27/27/27 
f 34/34/34 35/35/35 36/36/36 37/37/37 
f 38/38/38 39/39/39 36/36/36 35/35/35 
f 7/7/7 33/33/33 36/36/36 39/39/39 
f 32/32/32 37/37/37 36/36/36 33/33/33 
f 40/40/40 41/41/41 42/42/42 43/43/43 
f 44/44/44 45/45/45 42/42/42 41/41/41 
f 7/7/7 39/39/39 42/42/42 45/45/45 
f 38/38/38 43/43/43 42/42/42 39/39/39 
f 46/46/46 47/47/47 48/48/48 49/49/49 
f 50/50/50 51/51/51 48/48/48 47/47/47 
f 7/7/7 45/45/45 48/48/48 51/51/51 
f 44/44/44 49/49/49 48/48/48 45/45/45 
f 52/52/52 53/53/53 54/54/54 55/55/55 
f 56/56/56 57/57/57 54/54/54 53/53/53 
f 7/7/7 51/51/51 54/54/54 57/57/57 
f 50/50/50 55/55/55 54/54/54 51/51/51 
f 58/58/58 59/59/59 60/60/60 61/61/61 
f 62/62/62 63/63/63 60/60/60 59/59/59 
f 7/7/7 57/57/57 60/60/60 63/63/63 
f 56/56/56 61/61/61 60/60/60 57/57/57 
f 64/64/64 65/65/65 66/66/66 67/67/67 
f 68/68/68 69/69/69 66/66/66 65/65/65 
f 7/7/7 63/63/63 66/66/66 69/69/69 
f 62/62/62 67/67/67 66/66/66 63/63/63 
f 70/70/70 71/71/71 72/72/72 73/73/73 
f 74/74/74 75/75/75 72/72/72 71/71/71 
f 7/7/7 69/69/69 72/72/72 75/75/75 
f 68/68/68 73/73/73 72/72/72 69/69/69 
f 76/76/76 77/77/77 78/78/78 79/79/79 
f 80/80/80 81/81/81 78/78/78 77/77/77 
f 7/7/7 75/75/75 78/78/78 81/81/81 
f 74/74/74 79/79/79 78/78/78 75/75/75 
f 82/82/82 83/83/83 84/84/84 85/85/85 
f 86/86/86 87/87/87 84/84/84 83/83/83 
f 7/7/7 81/81/81 84/84/84 87/87/87 
f 80/80/80 85/85/85 84/84/84 81/81/81 
f 88/88/88 89/89/89 90/90/90 91/91/91 
f 92/92/92 93/93/93 90/90/90 89/89/89 
f 7/7/7 87/87/87 90/90/90 93/93/93 
f 86/86/86 91/91/91 90/90/90 87/87/87 
f 94/94/94 95/95/95 96/96/96 97/97/97 
f 98/98/98 99/99/99 96/96/96 95/95/95 
f 7/7/7 93/93/93 96/96/96 99/99/99 
f 92/92/92 97/97/97 96/96/96 93/93/93 
f 100/100/100 101/101/101 102/102/102 103/103/103 
f 104/104/104 105/105/105 102/102/102 101/101/101 
f 7/7/7 99/99/99 102/102/102 105/105/105 
f 98/98/98 103/103/103 102/102/102 99/99/99 
f 106/106/106 107/107/107 108/108/108 109/109/109 
f 9/9/9 8/8/8 108/108/108 107/107/107 
f 7/7/7 105/105/105 108/108/108 8/8/8 
f 104/104/104 109/109/109 108/108/108 105/105/105 
f 106/106/106 109/109/109 110/110/110 111/111/111 
f 104/104/104 112/112/112 110/110/110 109/109/109 
f 113/113/113 114/114/114 110/110/110 112/112/112 
f 115/115/115 111/111/111 110/110/110 114/114/114 
f 100/100/100 116/116/116 117/117/117 101/101/101 
f 118/118/118 119/119/119 117/117/117 116/116/116 
f 113/113/113 112/112/112 117/117/117 119/119/119 
f 104/104/104 101/101/101 117/117/117 112/112/112 
f 120/120/120 121/121/121 122/122/122 123/123/123 
f 124/124/124 125/125/125 122/122/122 121/121/121 
f 113/113/113 119/119/119 122/122/122 125/125/125 
f 118/118/118 123/123/123 122/122/122 119/119/119 
f 126/126/126 127/127/127 128/128/128 129/129/129 
f 115/115/115 114/114/114 128/128/128 127/127/127 
f 113/113/113 125/125/125 128/128/128 114/114/114 
f 124/124/124 129/129/129 128/128/128 125/125/125 
f 100/100/100 103/103/103 130/130/130 116/116/116 
f 98/98/98 131/131/131 130/130/130 103/103/103 
f 132/132/132 133/133/133 130/130/130 131/131/131 
f 118/118/118 116/116/116 130/130/130 133/133/133 
f 94/94/94 134/134/134 135/135/135 95/95/95 
f 136/136/136 137/137/137 135/135/135 134/134/134 
f 132/132/132 131/131/131 135/135/135 137/137/137 
f 98/98/98 95/95/95 135/135/135 131/131/131 
f 138/138/138 139/139/139 140/140/140 141/141/141 
f 142/142/142 143/143/143 140/140/140 139/139/139 
f 132/132/132 137/137/137 140/140/140 143/143/143 
f 136/136/136 141/141/141 140/140/140 137/137/137 
f 120/120/120 123/123/123 144/144/144 145/145/145 
f 118/118/118 133/133/133 144/144/144 123/123/123 
f 132/132/132 143/143/143 144/144/144 133/133/133 
f 142/142/142 145/145/145 144/144/144 143/143/143 
f 94/94/94 97/97/97 146/146/146 134/134/134 
f 92/92/92 147/147/147 146/146/146 97/97/97 
f 148/148/148 149/149/149 146/146/146 147/147/147 
f 136/136/136 134/134/134 146/146/146 149/149/149 
f 88/88/88 150/150/150 151/151/151 89/89/89 
f 152/152/152 153/153/153 151/151/151 150/150/150 
f 148/148/148 147/147/147 151/151/151 153/153/153 
f 92/92/92 89/89/89 151/151/151 147/147/147 
f 154/154/154 155/155/155 156/156/156 157/157/157 
f 158/158/158 159/159/159 156/156/156 155/155/155 
f 148/148/148 153/153/153 156/156/156 159/159/159 
f 152/152/152 157/157/157 156/156/156 153/153/153 
f 138/138/138 141/141/141 160/160/160 161/161/161 
f 136/136/136 149/149/149 160/160/160 141/141/141 
f 148/148/148 159/159/159 160/160/160 149/149/149 
f 158/158/158 161/161/161 160/160/160 159/159/159 
f 88/88/88 91/91/91 162/162/162 150/150/150 
f 86/86/86 163/163/163 162/162/162 91/91/91 
f 164/164/164 165/165/165 162/162/162 163/163/163 
f 152/152/152 150/150/150 162/162/162 165/165/165 
f 82/82/82 166/166/166 167/167/167 83/83/83 
f 168/168/168 169/169/169 167/167/167 166/166/166 
f 164/164/164 163/163/163 167/167/167 169/169/169 
f 86/86/86 83/83/83 167/167/167 163/163/163 
f 170/170/170 171/171/171 172/172/172 173/173/173 
f 174/174/174 175/175/175 172/172/172 171/171/171 
f 164/164/164 169/169/169 172/172/172 175/175/175 
f 168/168/168 173/173/173 172/172/172 169/169/169 
f 154/154/154 157/157/157 176/176/176 177/177/177 
f 152/152/152 165/165/165 176/176/176 157/157/157 
f 164/164/164 175/175/175 176/176/176 165/165/165 
f 174/174/174 177/177/177 176/176/176 175/175/175 
f 82/178/82 85/179/85 178/180/178 166/181/166 
f 80/182/80 179/183/179 178/180/178 85/179/85 
f 180/184/180 181/185/181 178/180/178 179/183/179 
f 168/186/168 166/181/166 178/180/178 181/185/181 
f 76/187/76 182/188/182 183/189/183 77/190/77 
f 184/191/184 185/192/185 183/189/183 182/188/182 
f 180/184/180 179/183/179 183/189/183 185/192/185 
f 80/182/80 77/190/77 183/189/183 179/183/179 
f 186/193/186 187/194/187 188/195/188 189/196/189 
f 190/197/190 191/198/191 188/195/188 187/194/187 
f 180/184/180 185/192/185 188/195/188 191/198/191 
f 184/191/184 189/196/189 188/195/188 185/192/185 
f 170/199/170 173/200/173 192/201/192 193/202/193 
f 168/186/168 181/185/181 192/201/192 173/200/173 
f 180/184/180 191/198/191 192/201/192 181/185/181 
f 190/197/190 193/202/193 192/201/192 191/198/191 
f 76/187/76 79/203/79 194/204/194 182/188/182 
f 74/205/74 195/206/195 194/204/194 79/203/79 
f 196/207/196 197/208/197 194/204/194 195/206/195 
f 184/191/184 182/188/182 194/204/194 197/208/197 
f 70/209/70 198/210/198 199/211/199 71/212/71 
f 200/213/200 201/214/201 199/211/199 198/210/198 
f 196/207/196 195/206/195 199/211/199 201/214/201 
f 74/205/74 71/212/71 199/211/199 195/206/195 
f 202/215/202 203/216/203 204/217/204 205/218/205 
f 206/219/206 207/220/207 204/217/204 203/216/203 
f 196/207/196 201/214/201 204/217/204 207/220/207 
f 200/213/200 205/218/205 204/217/204 201/214/201 
f 186/193/186 189/196/189 208/221/208 209/222/209 
f 184/191/184 197/208/197 208/221/208 189/196/189 
f 196/207/196 207/220/207 208/221/208 197/208/197 
f 206/219/206 209/222/209 208/221/208 207/220/207 
f 70/209/70 73/223/73 210/224/210 198/210/198 
f 68/225/68 211/226/211 210/224/210 73/223/73 
f 212/227/212 213/228/213 210/224/210 211/226/211 
f 200/213/200 198/210/198 210/224/210 213/228/213 
f 64/229/64 214/230/214 215/231/215 65/232/65 
f 216/233/216 217/234/217 215/231/215 214/230/214 
f 212/227/212 211/226/211 215/231/215 217/234/217 
f 68/225/68 65/232/65 215/231/215 211/226/211 
f 218/235/218 219/236/219 220/237/220 221/238/221 
f 222/239/222 223/240/223 220/237/220 219/236/219 
f 212/227/212 217/234/217 220/237/220 223/240/223 
f 216/233/216 221/238/221 220/237/220 217/234/217 
f 202/215/202 205/218/205 224/241/224 225/242/225 
f 200/213/200 213/228/213 224/241/224 205/218/205 
f 212/227/212 223/240/223 224/241/224 213/228/213 
f 222/239/222 225/242/225 224/241/224 223/240/223 
f 64/229/64 67/243/67 226/244/226 214/230/214 
f 62/245/62 227/246/227 226/244/226 67/243/67 
f 228/247/228 229/248/229 226/244/226 227/246/227 
f 216/233/216 214/230/214 226/244/226 229/248/229 
f 58/249/58 230/250/230 231/251/231 59/252/59 
f 232/253/232 233/254/233 231/251/231 230/250/230 
f 228/247/228 227/246/227 231/251/231 233/254/233 
f 62/245/62 59/252/59 231/251/231 227/246/227 
f 234/255/234 235/256/235 236/257/236 237/258/237 
f 238/259/238 239/260/239 236/257/236 235/256/235 
f 228/247/228 233/254/233 236/257/236 239/260/239 
f 232/253/232 237/258/237 236/257/236 233/254/233 
f 218/235/218 221/238/221 240/261/240 241/262/241 
f 216/233/216 229/248/229 240/261/240 221/238/221 
f 228/247/228 239/260/239 240/261/240 229/248/229 
f 238/259/238 241/262/241 240/261/240 239/260/239 
f 58/249/58 61/263/61 242/264/242 230/250/230 
f 56/265/56 243/266/243 242/264/242 61/263/61 
f 244/267/244 245/268/245 242/264/242 243/266/243 
f 232/253/232 230/250/230 242/264/242 245/268/245 
f 52/269/52 246/270/246 247/271/247 53/272/53 
f 248/273/248 249/274/249 247/271/247 246/270/246 
f 244/267/244 243/266/243 247/271/247 249/274/249 
f 56/265/56 53/272/53 247/271/247 243/266/243 
f 250/275/250 251/276/251 252/277/252 253/278/253 
f 254/279/254 255/280/255 252/277/252 251/276/251 
f 244/267/244 249/274/249 252/277/252 255/280/255 
f 248/273/248 253/278/253 252/277/252 249/274/249 
f 234/255/234 237/258/237 256/281/256 257/282/257 
f 232/253/232 245/268/245 256/281/256 237/258/237 
f 244/267/244 255/280/255 256/281/256 245/268/245 
f 254/279/254 257/282/257 256/281/256 255/280/255 
f 52/269/52 55/283/55 258/284/258 246/270/246 
f 50/285/50 259/286/259 258/284/258 55/283/55 
f 260/287/260 261/288/261 258/284/258 259/286/259 
f 248/273/248 246/270/246 258/284/258 261/288/261 
f 46/289/46 262/290/262 263/291/263 47/292/47 
f 264/293/264 265/294/265 263/291/263 262/290/262 
f 260/287/260 259/286/259 263/291/263 265/294/265 
f 50/285/50 47/292/47 263/291/263 259/286/259 
f 266/295/266 267/296/267 268/297/268 269/298/269 
f 270/299/270 271/300/271 268/297/268 267/296/267 
f 260/287/260 265/294/265 268/297/268 271/300/271 
f 264/293/264 269/298/269 268/297/268 265/294/265 
f 250/275/250 253/278/253 272/301/272 273/302/273 
f 248/273/248 261/288/261 272/301/272 253/278/253 
f 260/287/260 271/300/271 272/301/272 261/288/261 
f 270/299/270 273/302/273 272/301/272 271/300/271 
f 46/289/46 49/303/49 274/304/274 262/290/262 
f 44/305/44 275/306/275 274/304/274 49/303/49 
f 276/307/276 277/308/277 274/304/274 275/306/275 
f 264/293/264 262/290/262 274/304/274 277/308/277 
f 40/309/40 278/310/278 279/311/279 41/312/41 
f 280/313/280 281/314/281 279/311/279 278/310/278 
f 276/307/276 275/306/275 279/311/279 281/314/281 
f 44/305/44 41/312/41 279/311/279 275/306/275 
f 282/315/282 283/316/283 284/317/284 285/318/285 
f 286/319/286 287/320/287 284/317/284 283/316/283 
f 276/307/276 281/314/281 284/317/284 287/320/287 
f 280/313/280 285/318/285 284/317/284 281/314/281 
f 266/295/266 269/298/269 288/321/288 289/322/289 
f 264/293/264 277/308/277 288/321/288 269/298/269 
f 276/307/276 287/320/287 288/321/288 277/308/277 
f 286/319/286 289/322/289 288/321/288 287/320/287 
f 40/309/40 43/323/43 290/324/290 278/310/278 
f 38/325/38 291/326/291 290/324/290 43/323/43 
f 292/327/292 293/328/293 290/324/290 291/326/291 
f 280/313/280 278/310/278 290/324/290 293/328/293 
f 34/329/34 294/330/294 295/331/295 35/332/35 
f 296/333/296 297/334/297 295/331/295 294/330/294 
f 292/327/292 291/326/291 295/331/295 297/334/297 
f 38/325/38 35/332/35 295/331/295 291/326/291 
f 298/335/298 299/336/299 300/337/300 301/338/301 
f 302/339/302 303/340/303 300/337/300 299/336/299 
f 292/327/292 297/334/297 300/337/300 303/340/303 
f 296/333/296 301/338/301 300/337/300 297/334/297 
f 282/315/282 285/318/285 304/341/304 305/342/305 
f 280/313/280 293/328/293 304/341/304 285/318/285 
f 292/327/292 303/340/303 304/341/304 293/328/293 
f 302/339/302 305/342/305 304/341/304 303/340/303 
f 34/329/34 37/343/37 306/344/306 294/330/294 
f 32/345/32 307/346/307 306/344/306 37/343/37 
f 308/347/308 309/348/309 306/344/306 307/346/307 
f 296/333/296 294/330/294 306/344/306 309/348/309 
f 28/349/28 310/350/310 311/351/311 29/352/29 
f 312/353/312 313/354/313 311/351/311 310/350/310 
f 308/347/308 307/346/307 311/351/311 313/354/313 
f 32/345/32 29/352/29 311/351/311 307/346/307 
f 314/355/314 315/356/315 316/357/316 317/358/317 
f 318/359/318 319/360/319 316/357/316 315/356/315 
f 308/347/308 313/354/313 316/357/316 319/360/319 
f 312/353/312 317/358/317 316/357/316 313/354/313 
f 298/335/298 301/338/301 320/361/320 321/362/321 
f 296/333/296 309/348/309 320/361/320 301/338/301 
f 308/347/308 319/360/319 320/361/320 309/348/309 
f 318/359/318 321/362/321 320/361/320 319/360/319 
f 28/349/28 31/363/31 322/364/322 310/350/310 
f 26/365/26 323/366/323 322/364/322 31/363/31 
f 324/367/324 325/368/325 322/364/322 323/366/323 
f 312/353/312 310/350/310 322/364/322 325/368/325 
f 22/369/22 326/370/326 327/371/327 23/372/23 
f 328/373/328 329/374/329 327/371/327 326/370/326 
f 324/367/324 323/366/323 327/371/327 329/374/329 
f 26/365/26 23/372/23 327/371/327 323/366/323 
f 330/375/330 331/376/331 332/377/332 333/378/333 
f 334/379/334 335/380/335 332/377/332 331/376/331 
f 324/367/324 329/374/329 332/377/332 335/380/335 
f 328/373/328 333/378/333 332/377/332 329/374/329 
f 314/355/314 317/358/317 336/381/336 337/382/337 
f 312/353/312 325/368/325 336/381/336 317/358/317 
f 324/367/324 335/380/335 336/381/336 325/368/325 
f 334/379/334 337/382/337 336/381/336 335/380/335 
f 22/369/22 25/383/25 338/384/338 326/370/326 
f 20/385/20 339/386/339 338/384/338 25/383/25 
f 340/387/340 341/388/341 338/384/338 339/386/339 
f 328/373/328 326/370/326 338/384/338 341/388/341 
f 16/389/16 342/390/342 343/391/343 17/392/17 
f 344/393/344 345/394/345 343/391/343 342/390/342 
f 340/387/340 339/386/339 343/391/343 345/394/345 
f 20/385/20 17/392/17 343/391/343 339/386/339 
f 346/395/346 347/396/347 348/397/348 349/398/349 
f 350/399/350 351/400/351 348/397/348 347/396/347 
f 340/387/340 345/394/345 348/397/348 351/400/351 
f 344/393/344 349/398/349 348/397/348 345/394/345 
f 330/375/330 333/378/333 352/401/352 353/402/353 
f 328/373/328 341/388/341 352/401/352 333/378/333 
f 340/387/340 351/400/351 352/401/352 341/388/341 
f 350/399/350 353/402/353 352/401/352 351/400/351 
f 16/389/16 19/403/19 354/404/354 342/390/342 
f 14/405/14 355/406/355 354/404/354 19/403/19 
f 356/407/356 357/408/357 354/404/354 355/406/355 
f 344/393/344 342/390/342 354/404/354 357/408/357 
f 10/409/10 358/410/358 359/411/359 11/412/11 
f 360/413/360 361/414/361 359/411/359 358/410/358 
f 356/407/356 355/406/355 359/411/359 361/414/361 
f 14/405/14 11/412/11 359/411/359 355/406/355 
f 362/415/362 363/416/363 364/417/364 365/418/365 
f 366/419/366 367/420/367 364/417/364 363/416/363 
f 356/407/356 361/414/361 364/417/364 367/420/367 
f 360/413/360 365/418/365 364/417/364 361/414/361 
f 346/395/346 349/398/349 368/421/368 369/422/369 
f 344/393/344 357/408/357 368/421/368 349/398/349 
f 356/407/356 367/420/367 368/421/368 357/408/357 
f 366/419/366 369/422/369 368/421/368 367/420/367 
f 10/409/10 13/423/13 370/424/370 358/410/358 
f 5/425/5 371/426/371 370/424/370 13/423/13 
f 372/427/372 373/428/373 370/424/370 371/426/371 
f 360/413/360 358/410/358 370/424/370 373/428/373 
f 1/429/1 374/430/374 375/431/375 2/432/2 
f 376/433/376 377/434/377 375/431/375 374/430/374 
f 372/427/372 371/426/371 375/431/375 377/434/377 
f 5/425/5 2/432/2 375/431/375 371/426/371 
f 378/435/378 379/436/379 380/437/380 381/438/381 
f 382/439/382 383/440/383 380/437/380 379/436/379 
f 372/427/372 377/434/377 380/437/380 383/440/383 
f 376/433/376 381/438/381 380/437/380 377/434/377 
f 362/415/362 365/418/365 384/441/384 385/442/385 
f 360/413/360 373/428/373 384/441/384 365/418/365 
f 372/427/372 383/440/383 384/441/384 373/428/373 
f 382/439/382 385/442/385 384/441/384 383/440/383 
f 1/429/1 4/443/4 386/444/386 374/430/374 
f 9/445/9 387/446/387 386/444/386 4/443/4 
f 388/447/388 389/448/389 386/444/386 387/446/387 
f 376/433/376 374/430/374 386/444/386 389/448/389 
f 106/106/106 111/111/111 390/449/390 107/450/107 
f 115/115/115 391/451/391 390/449/390 111/111/111 
f 388/447/388 387/446/387 390/449/390 391/451/391 
f 9/445/9 107/450/107 390/449/390 387/446/387 
f 126/126/126 392/452/392 393/453/393 127/127/127 
f 394/454/394 395/455/395 393/453/393 392/452/392 
f 388/447/388 391/451/391 393/453/393 395/455/395 
f 115/115/115 127/127/127 393/453/393 391/451/391 
f 378/435/378 381/438/381 396/456/396 397/457/397 
f 376/433/376 389/448/389 396/456/396 381/438/381 
f 388/447/388 395/455/395 396/456/396 389/448/389 
f 394/454/394 397/457/397 396/456/396 395/455/395 
f 126/126/126 129/129/129 398/458/129 399/459/398 
f 124/124/124 400/460/399 398/458/129 129/129/129 
f 401/461/124 402/462/400 398/458/129 400/460/399 
f 403/463/126 399/459/398 398/458/129 402/462/400 
f 120/120/120 404/464/401 405/465/121 121/121/121 
f 406/466/401 407/467/121 405/465/121 404/464/401 
f 401/461/124 400/460/399 405/465/121 407/467/121 
f 124/124/124 121/121/121 405/465/121 400/460/399 
f 408/468/401 409/469/121 410/470/121 411/471/120 
f 412/472/402 413/473/403 410/470/121 409/469/121 
f 401/461/124 407/467/121 410/470/121 413/473/403 
f 406/466/401 411/471/120 410/470/121 407/467/121 
f 414/474/126 415/475/404 416/476/129 417/477/129 
f 403/463/126 402/462/400 416/476/129 415/475/404 
f 401/461/124 413/473/403 416/476/129 402/462/400 
f 412/472/402 417/477/129 416/476/129 413/473/403 
f 120/120/120 145/145/145 418/478/145 404/464/401 
f 142/142/142 419/479/142 418/478/145 145/145/145 
f 420/480/405 421/481/145 418/478/145 419/479/142 
f 406/466/401 404/464/401 418/478/145 421/481/145 
f 138/138/138 422/482/406 423/483/407 139/139/139 
f 424/484/406 425/485/408 423/483/407 422/482/406 
f 420/480/405 419/479/142 423/483/407 425/485/408 
f 142/142/142 139/139/139 423/483/407 419/479/142 
f 426/486/138 427/487/139 428/488/139 429/489/138 
f 430/490/142 431/491/405 428/488/139 427/487/139 
f 420/480/405 425/485/408 428/488/139 431/491/405 
f 424/484/406 429/489/138 428/488/139 425/485/408 
f 408/468/401 411/471/120 432/492/145 433/493/145 
f 406/466/401 421/481/145 432/492/145 411/471/120 
f 420/480/405 431/491/405 432/492/145 421/481/145 
f 430/490/142 433/493/145 432/492/145 431/491/405 
f 138/138/138 161/161/161 434/494/409 422/482/406 
f 158/158/158 435/495/410 434/494/409 161/161/161 
f 436/496/410 437/497/409 434/494/409 435/495/410 
f 424/484/406 422/482/406 434/494/409 437/497/409 
f 154/154/154 438/498/411 439/499/155 155/155/155 
f 440/500/154 441/501/412 439/499/155 438/498/411 
f 436/496/410 435/495/410 439/499/155 441/501/412 
f 158/158/158 155/155/155 439/499/155 435/495/410 
f 442/502/154 443/503/155 444/504/412 445/505/154 
f 446/506/158 447/507/158 444/504/412 443/503/155 
f 436/496/410 441/501/412 444/504/412 447/507/158 
f 440/500/154 445/505/154 444/504/412 441/501/412 
f 426/486/138 429/489/138 448/508/409 449/509/161 
f 424/484/406 437/497/409 448/508/409 429/489/138 
f 436/496/410 447/507/158 448/508/409 437/497/409 
f 446/506/158 449/509/161 448/508/409 447/507/158 
f 154/154/154 177/177/177 450/510/413 438/498/411 
f 174/174/174 451/511/414 450/510/413 177/177/177 
f 452/512/174 453/513/413 450/510/413 451/511/414 
f 440/500/154 438/498/411 450/510/413 453/513/413 
f 170/170/170 454/514/415 455/515/171 171/171/171 
f 456/516/170 457/517/171 455/515/171 454/514/415 
f 452/512/174 451/511/414 455/515/171 457/517/171 
f 174/174/174 171/171/171 455/515/171 451/511/414 
f 458/518/170 459/519/171 460/520/171 461/521/416 
f 462/522/174 463/523/174 460/520/171 459/519/171 
f 452/512/174 457/517/171 460/520/171 463/523/174 
f 456/516/170 461/521/416 460/520/171 457/517/171 
f 442/502/154 445/505/154 464/524/177 465/525/177 
f 440/500/154 453/513/413 464/524/177 445/505/154 
f 452/512/174 463/523/174 464/524/177 453/513/413 
f 462/522/174 465/525/177 464/524/177 463/523/174 
f 170/199/170 193/202/193 466/526/193 454/527/415 
f 190/197/190 467/528/417 466/526/193 193/202/193 
f 468/529/418 469/530/193 466/526/193 467/528/417 
f 456/531/170 454/527/415 466/526/193 469/530/193 
f 186/193/186 470/532/186 471/533/187 187/194/187 
f 472/534/419 473/535/420 471/533/187 470/532/186 
f 468/529/418 467/528/417 471/533/187 473/535/420 
f 190/197/190 187/194/187 471/533/187 467/528/417 
f 474/536/419 475/537/187 476/538/420 477/539/419 
f 478/540/421 479/541/421 476/538/420 475/537/187 
f 468/529/418 473/535/420 476/538/420 479/541/421 
f 472/534/419 477/539/419 476/538/420 473/535/420 
f 458/542/170 461/543/416 480/544/193 481/545/193 
f 456/531/170 469/530/193 480/544/193 461/543/416 
f 468/529/418 479/541/421 480/544/193 469/530/193 
f 478/540/421 481/545/193 480/544/193 479/541/421 
f 186/193/186 209/222/209 482/546/209 470/532/186 
f 206/219/206 483/547/422 482/546/209 209/222/209 
f 484/548/422 485/549/209 482/546/209 483/547/422 
f 472/534/419 470/532/186 482/546/209 485/549/209 
f 202/215/202 486/550/202 487/551/203 203/216/203 
f 488/552/423 489/553/424 487/551/203 486/550/202 
f 484/548/422 483/547/422 487/551/203 489/553/424 
f 206/219/206 203/216/203 487/551/203 483/547/422 
f 490/554/202 491/555/203 492/556/424 493/557/423 
f 494/558/206 495/559/206 492/556/424 491/555/203 
f 484/548/422 489/553/424 492/556/424 495/559/206 
f 488/552/423 493/557/423 492/556/424 489/553/424 
f 474/536/419 477/539/419 496/560/209 497/561/209 
f 472/534/419 485/549/209 496/560/209 477/539/419 
f 484/548/422 495/559/206 496/560/209 485/549/209 
f 494/558/206 497/561/209 496/560/209 495/559/206 
f 202/215/202 225/242/225 498/562/225 486/550/202 
f 222/239/222 499/563/425 498/562/225 225/242/225 
f 500/564/222 501/565/426 498/562/225 499/563/425 
f 488/552/423 486/550/202 498/562/225 501/565/426 
f 218/235/218 502/566/427 503/567/219 219/236/219 
f 504/568/427 505/569/428 503/567/219 502/566/427 
f 500/564/222 499/563/425 503/567/219 505/569/428 
f 222/239/222 219/236/219 503/567/219 499/563/425 
f 506/570/218 507/571/219 508/572/219 509/573/218 
f 510/574/222 511/575/222 508/572/219 507/571/219 
f 500/564/222 505/569/428 508/572/219 511/575/222 
f 504/568/427 509/573/218 508/572/219 505/569/428 
f 490/554/202 493/557/423 512/576/426 513/577/225 
f 488/552/423 501/565/426 512/576/426 493/557/423 
f 500/564/222 511/575/222 512/576/426 501/565/426 
f 510/574/222 513/577/225 512/576/426 511/575/222 
f 218/235/218 241/262/241 514/578/241 502/566/427 
f 238/259/238 515/579/238 514/578/241 241/262/241 
f 516/580/429 517/581/241 514/578/241 515/579/238 
f 504/568/427 502/566/427 514/578/241 517/581/241 
f 234/255/234 518/582/430 519/583/431 235/256/235 
f 520/584/430 521/585/431 519/583/431 518/582/430 
f 516/580/429 515/579/238 519/583/431 521/585/431 
f 238/259/238 235/256/235 519/583/431 515/579/238 
f 522/586/234 523/587/235 524/588/431 525/589/234 
f 526/590/238 527/591/429 524/588/431 523/587/235 
f 516/580/429 521/585/431 524/588/431 527/591/429 
f 520/584/430 525/589/234 524/588/431 521/585/431 
f 506/570/218 509/573/218 528/592/241 529/593/241 
f 504/568/427 517/581/241 528/592/241 509/573/218 
f 516/580/429 527/591/429 528/592/241 517/581/241 
f 526/590/238 529/593/241 528/592/241 527/591/429 
f 234/255/234 257/282/257 530/594/257 518/582/430 
f 254/279/254 531/595/432 530/594/257 257/282/257 
f 532/596/433 533/597/257 530/594/257 531/595/432 
f 520/584/430 518/582/430 530/594/257 533/597/257 
f 250/275/250 534/598/434 535/599/435 251/276/251 
f 536/600/434 537/601/435 535/599/435 534/598/434 
f 532/596/433 531/595/432 535/599/435 537/601/435 
f 254/279/254 251/276/251 535/599/435 531/595/432 
f 538/602/250 539/603/251 540/604/251 541/605/250 
f 542/606/433 543/607/436 540/604/251 539/603/251 
f 532/596/433 537/601/435 540/604/251 543/607/436 
f 536/600/434 541/605/250 540/604/251 537/601/435 
f 522/586/234 525/589/234 544/608/437 545/609/257 
f 520/584/430 533/597/257 544/608/437 525/589/234 
f 532/596/433 543/607/436 544/608/437 533/597/257 
f 542/606/433 545/609/257 544/608/437 543/607/436 
f 250/275/250 273/302/273 546/610/438 534/598/434 
f 270/299/270 547/611/439 546/610/438 273/302/273 
f 548/612/270 549/613/438 546/610/438 547/611/439 
f 536/600/434 534/598/434 546/610/438 549/613/438 
f 266/295/266 550/614/266 551/615/267 267/296/267 
f 552/616/266 553/617/267 551/615/267 550/614/266 
f 548/612/270 547/611/439 551/615/267 553/617/267 
f 270/299/270 267/296/267 551/615/267 547/611/439 
f 554/618/266 555/619/267 556/620/267 557/621/266 
f 558/622/270 559/623/440 556/620/267 555/619/267 
f 548/612/270 553/617/267 556/620/267 559/623/440 
f 552/616/266 557/621/266 556/620/267 553/617/267 
f 538/602/250 541/605/250 560/624/273 561/625/273 
f 536/600/434 549/613/438 560/624/273 541/605/250 
f 548/612/270 559/623/440 560/624/273 549/613/438 
f 558/622/270 561/625/273 560/624/273 559/623/440 
f 266/295/266 289/322/289 562/626/289 550/614/266 
f 286/319/286 563/627/286 562/626/289 289/322/289 
f 564/628/441 565/629/442 562/626/289 563/627/286 
f 552/616/266 550/614/266 562/626/289 565/629/442 
f 282/315/282 566/630/443 567/631/283 283/316/283 
f 568/632/444 569/633/283 567/631/283 566/630/443 
f 564/628/441 563/627/286 567/631/283 569/633/283 
f 286/319/286 283/316/283 567/631/283 563/627/286 
f 570/634/282 571/635/283 572/636/283 573/637/445 
f 574/638/286 575/639/441 572/636/283 571/635/283 
f 564/628/441 569/633/283 572/636/283 575/639/441 
f 568/632/444 573/637/445 572/636/283 569/633/283 
f 554/618/266 557/621/266 576/640/289 577/641/289 
f 552/616/266 565/629/442 576/640/289 557/621/266 
f 564/628/441 575/639/441 576/640/289 565/629/442 
f 574/638/286 577/641/289 576/640/289 575/639/441 
f 282/315/282 305/342/305 578/642/446 566/630/443 
f 302/339/302 579/643/447 578/642/446 305/342/305 
f 580/644/448 581/645/446 578/642/446 579/643/447 
f 568/632/444 566/630/443 578/642/446 581/645/446 
f 298/335/298 582/646/298 583/647/449 299/336/299 
f 584/648/450 585/649/451 583/647/449 582/646/298 
f 580/644/448 579/643/447 583/647/449 585/649/451 
f 302/339/302 299/336/299 583/647/449 579/643/447 
f 586/650/450 587/651/299 588/652/449 589/653/450 
f 590/654/447 591/655/302 588/652/449 587/651/299 
f 580/644/448 585/649/451 588/652/449 591/655/302 
f 584/648/450 589/653/450 588/652/449 585/649/451 
f 570/634/282 573/637/445 592/656/446 593/657/305 
f 568/632/444 581/645/446 592/656/446 573/637/445 
f 580/644/448 591/655/302 592/656/446 581/645/446 
f 590/654/447 593/657/305 592/656/446 591/655/302 
f 298/335/298 321/362/321 594/658/321 582/646/298 
f 318/359/318 595/659/318 594/658/321 321/362/321 
f 596/660/452 597/661/321 594/658/321 595/659/318 
f 584/648/450 582/646/298 594/658/321 597/661/321 
f 314/355/314 598/662/453 599/663/454 315/356/315 
f 600/664/455 601/665/454 599/663/454 598/662/453 
f 596/660/452 595/659/318 599/663/454 601/665/454 
f 318/359/318 315/356/315 599/663/454 595/659/318 
f 602/666/314 603/667/315 604/668/454 605/669/456 
f 606/670/452 607/671/452 604/668/454 603/667/315 
f 596/660/452 601/665/454 604/668/454 607/671/452 
f 600/664/455 605/669/456 604/668/454 601/665/454 
f 586/650/450 589/653/450 608/672/321 609/673/321 
f 584/648/450 597/661/321 608/672/321 589/653/450 
f 596/660/452 607/671/452 608/672/321 597/661/321 
f 606/670/452 609/673/321 608/672/321 607/671/452 
f 314/355/314 337/382/337 610/674/337 598/662/453 
f 334/379/334 611/675/457 610/674/337 337/382/337 
f 612/676/457 613/677/337 610/674/337 611/675/457 
f 600/664/455 598/662/453 610/674/337 613/677/337 
f 330/375/330 614/678/330 615/679/331 331/376/331 
f 616/680/458 617/681/459 615/679/331 614/678/330 
f 612/676/457 611/675/457 615/679/331 617/681/459 
f 334/379/334 331/376/331 615/679/331 611/675/457 
f 618/682/458 619/683/331 620/684/459 621/685/458 
f 622/686/334 623/687/334 620/684/459 619/683/331 
f 612/676/457 617/681/459 620/684/459 623/687/334 
f 616/680/458 621/685/458 620/684/459 617/681/459 
f 602/666/314 605/669/456 624/688/460 625/689/337 
f 600/664/455 613/677/337 624/688/460 605/669/456 
f 612/676/457 623/687/334 624/688/460 613/677/337 
f 622/686/334 625/689/337 624/688/460 623/687/334 
f 330/375/330 353/402/353 626/690/353 614/678/330 
f 350/399/350 627/691/461 626/690/353 353/402/353 
f 628/692/461 629/693/462 626/690/353 627/691/461 
f 616/680/458 614/678/330 626/690/353 629/693/462 
f 346/395/346 630/694/463 631/695/347 347/396/347 
f 632/696/346 633/697/347 631/695/347 630/694/463 
f 628/692/461 627/691/461 631/695/347 633/697/347 
f 350/399/350 347/396/347 631/695/347 627/691/461 
f 634/698/463 635/699/464 636/700/347 637/701/346 
f 638/702/350 639/703/461 636/700/347 635/699/464 
f 628/692/461 633/697/347 636/700/347 639/703/461 
f 632/696/346 637/701/346 636/700/347 633/697/347 
f 618/682/458 621/685/458 640/704/353 641/705/353 
f 616/680/458 629/693/462 640/704/353 621/685/458 
f 628/692/461 639/703/461 640/704/353 629/693/462 
f 638/702/350 641/705/353 640/704/353 639/703/461 
f 346/395/346 369/422/369 642/706/369 630/694/463 
f 366/419/366 643/707/465 642/706/369 369/422/369 
f 644/708/466 645/709/369 642/706/369 643/707/465 
f 632/696/346 630/694/463 642/706/369 645/709/369 
f 362/415/362 646/710/467 647/711/468 363/416/363 
f 648/712/362 649/713/468 647/711/468 646/710/467 
f 644/708/466 643/707/465 647/711/468 649/713/468 
f 366/419/366 363/416/363 647/711/468 643/707/465 
f 650/714/467 651/715/363 652/716/468 653/717/362 
f 654/718/366 655/719/366 652/716/468 651/715/363 
f 644/708/466 649/713/468 652/716/468 655/719/366 
f 648/712/362 653/717/362 652/716/468 649/713/468 
f 634/698/463 637/701/346 656/720/369 657/721/369 
f 632/696/346 645/709/369 656/720/369 637/701/346 
f 644/708/466 655/719/366 656/720/369 645/709/369 
f 654/718/366 657/721/369 656/720/369 655/719/366 
f 362/415/362 385/442/385 658/722/469 646/710/467 
f 382/439/382 659/723/382 658/722/469 385/442/385 
f 660/724/470 661/725/469 658/722/469 659/723/382 
f 648/712/362 646/710/467 658/722/469 661/725/469 
f 378/435/378 662/726/471 663/727/472 379/436/379 
f 664/728/471 665/729/472 663/727/472 662/726/471 
f 660/724/470 659/723/382 663/727/472 665/729/472 
f 382/439/382 379/436/379 663/727/472 659/723/382 
f 666/730/378 667/731/379 668/732/379 669/733/378 
f 670/734/382 671/735/470 668/732/379 667/731/379 
f 660/724/470 665/729/472 668/732/379 671/735/470 
f 664/728/471 669/733/378 668/732/379 665/729/472 
f 650/714/467 653/717/362 672/736/385 673/737/385 
f 648/712/362 661/725/469 672/736/385 653/717/362 
f 660/724/470 671/735/470 672/736/385 661/725/469 
f 670/734/382 673/737/385 672/736/385 671/735/470 
f 378/435/378 397/457/397 674/738/397 662/726/471 
f 394/454/394 675/739/473 674/738/397 397/457/397 
f 676/740/394 677/741/397 674/738/397 675/739/473 
f 664/728/471 662/726/471 674/738/397 677/741/397 
f 126/126/126 399/459/398 678/742/392 392/452/392 
f 403/463/126 679/743/392 678/742/392 399/459/398 
f 676/740/394 675/739/473 678/742/392 679/743/392 
f 394/454/394 392/452/392 678/742/392 675/739/473 
f 414/474/126 680/744/392 681/745/392 415/475/404 
f 682/746/473 683/747/394 681/745/392 680/744/392 
f 676/740/394 679/743/392 681/745/392 683/747/394 
f 403/463/126 415/475/404 681/745/392 679/743/392 
f 666/730/378 669/733/378 684/748/397 685/749/397 
f 664/728/471 677/741/397 684/748/397 669/733/378 
f 676/740/394 683/747/394 684/748/397 677/741/397 
f 682/746/473 685/749/397 684/748/397 683/747/394 
f 414/474/126 417/477/129 686/750/129 687/751/398 
f 412/472/402 688/752/399 686/750/129 417/477/129 
f 689/753/124 690/754/400 686/750/129 688/752/399 
f 691/755/126 687/751/398 686/750/129 690/754/400 
f 408/468/401 692/756/401 693/757/121 409/469/121 
f 694/758/401 695/759/121 693/757/121 692/756/401 
f 689/753/124 688/752/399 693/757/121 695/759/121 
f 412/472/402 409/469/121 693/757/121 688/752/399 
f 696/760/401 697/761/121 698/762/121 699/763/120 
f 700/764/402 701/765/403 698/762/121 697/761/121 
f 689/753/124 695/759/121 698/762/121 701/765/403 
f 694/758/401 699/763/120 698/762/121 695/759/121 
f 702/766/126 703/767/404 704/768/400 705/769/129 
f 691/755/126 690/754/400 704/768/400 703/767/404 
f 689/753/124 701/765/403 704/768/400 690/754/400 
f 700/764/402 705/769/129 704/768/400 701/765/403 
f 408/468/401 433/493/145 706/770/145 692/756/401 
f 430/490/142 707/771/142 706/770/145 433/493/145 
f 708/772/405 709/773/145 706/770/145 707/771/142 
f 694/758/401 692/756/401 706/770/145 709/773/145 
f 426/486/138 710/774/406 711/775/474 427/487/139 
f 712/776/406 713/777/408 711/775/474 710/774/406 
f 708/772/405 707/771/142 711/775/474 713/777/408 
f 430/490/142 427/487/139 711/775/474 707/771/142 
f 714/778/138 715/779/139 716/780/139 717/781/138 
f 718/782/142 719/783/405 716/780/139 715/779/139 
f 708/772/405 713/777/408 716/780/139 719/783/405 
f 712/776/406 717/781/138 716/780/139 713/777/408 
f 696/760/401 699/763/120 720/784/145 721/785/145 
f 694/758/401 709/773/145 720/784/145 699/763/120 
f 708/772/405 719/783/405 720/784/145 709/773/145 
f 718/782/142 721/785/145 720/784/145 719/783/405 
f 426/486/138 449/509/161 722/786/161 710/774/406 
f 446/506/158 723/787/410 722/786/161 449/509/161 
f 724/788/410 725/789/409 722/786/161 723/787/410 
f 712/776/406 710/774/406 722/786/161 725/789/409 
f 442/502/154 726/790/411 727/791/155 443/503/155 
f 728/792/154 729/793/412 727/791/155 726/790/411 
f 724/788/410 723/787/410 727/791/155 729/793/412 
f 446/506/158 443/503/155 727/791/155 723/787/410 
f 730/794/154 731/795/155 732/796/412 733/797/154 
f 734/798/158 735/799/158 732/796/412 731/795/155 
f 724/788/410 729/793/412 732/796/412 735/799/158 
f 728/792/154 733/797/154 732/796/412 729/793/412 
f 714/778/138 717/781/138 736/800/409 737/801/161 
f 712/776/406 725/789/409 736/800/409 717/781/138 
f 724/788/410 735/799/158 736/800/409 725/789/409 
f 734/798/158 737/801/161 736/800/409 735/799/158 
f 442/502/154 465/525/177 738/802/177 726/790/411 
f 462/522/174 739/803/414 738/802/177 465/525/177 
f 740/804/174 741/805/413 738/802/177 739/803/414 
f 728/792/154 726/790/411 738/802/177 741/805/413 
f 458/518/170 742/806/415 743/807/171 459/519/171 
f 744/808/170 745/809/171 743/807/171 742/806/415 
f 740/804/174 739/803/414 743/807/171 745/809/171 
f 462/522/174 459/519/171 743/807/171 739/803/414 
f 746/810/170 747/811/171 748/812/171 749/813/416 
f 750/814/174 751/815/174 748/812/171 747/811/171 
f 740/804/174 745/809/171 748/812/171 751/815/174 
f 744/808/170 749/813/416 748/812/171 745/809/171 
f 730/794/154 733/797/154 752/816/177 753/817/177 
f 728/792/154 741/805/413 752/816/177 733/797/154 
f 740/804/174 751/815/174 752/816/177 741/805/413 
f 750/814/174 753/817/177 752/816/177 751/815/174 
f 458/542/170 481/545/193 754/818/193 742/819/415 
f 478/540/421 755/820/418 754/818/193 481/545/193 
f 756/821/418 757/822/193 754/818/193 755/820/418 
f 744/823/170 742/819/415 754/818/193 757/822/193 
f 474/536/419 758/824/186 759/825/187 475/537/187 
f 760/826/419 761/827/420 759/825/187 758/824/186 
f 756/821/418 755/820/418 759/825/187 761/827/420 
f 478/540/421 475/537/187 759/825/187 755/820/418 
f 762/828/419 763/829/187 764/830/420 765/831/419 
f 766/832/421 767/833/421 764/830/420 763/829/187 
f 756/821/418 761/827/420 764/830/420 767/833/421 
f 760/826/419 765/831/419 764/830/420 761/827/420 
f 746/834/170 749/835/416 768/836/193 769/837/193 
f 744/823/170 757/822/193 768/836/193 749/835/416 
f 756/821/418 767/833/421 768/836/193 757/822/193 
f 766/832/421 769/837/193 768/836/193 767/833/421 
f 474/536/419 497/561/209 770/838/209 758/824/186 
f 494/558/206 771/839/206 770/838/209 497/561/209 
f 772/840/422 773/841/209 770/838/209 771/839/206 
f 760/826/419 758/824/186 770/838/209 773/841/209 
f 490/554/202 774/842/423 775/843/203 491/555/203 
f 776/844/423 777/845/424 775/843/203 774/842/423 
f 772/840/422 771/839/206 775/843/203 777/845/424 
f 494/558/206 491/555/203 775/843/203 771/839/206 
f 778/846/202 779/847/203 780/848/203 781/849/423 
f 782/850/206 783/851/206 780/848/203 779/847/203 
f 772/840/422 777/845/424 780/848/203 783/851/206 
f 776/844/423 781/849/423 780/848/203 777/845/424 
f 762/828/419 765/831/419 784/852/209 785/853/209 
f 760/826/419 773/841/209 784/852/209 765/831/419 
f 772/840/422 783/851/206 784/852/209 773/841/209 
f 782/850/206 785/853/209 784/852/209 783/851/206 
f 490/554/202 513/577/225 786/854/225 774/842/423 
f 510/574/222 787/855/425 786/854/225 513/577/225 
f 788/856/222 789/857/426 786/854/225 787/855/425 
f 776/844/423 774/842/423 786/854/225 789/857/426 
f 506/570/218 790/858/427 791/859/219 507/571/219 
f 792/860/427 793/861/428 791/859/219 790/858/427 
f 788/856/222 787/855/425 791/859/219 793/861/428 
f 510/574/222 507/571/219 791/859/219 787/855/425 
f 794/862/218 795/863/219 796/864/219 797/865/218 
f 798/866/222 799/867/222 796/864/219 795/863/219 
f 788/856/222 793/861/428 796/864/219 799/867/222 
f 792/860/427 797/865/218 796/864/219 793/861/428 
f 778/846/202 781/849/423 800/868/426 801/869/225 
f 776/844/423 789/857/426 800/868/426 781/849/423 
f 788/856/222 799/867/222 800/868/426 789/857/426 
f 798/866/222 801/869/225 800/868/426 799/867/222 
f 506/570/218 529/593/241 802/870/241 790/858/427 
f 526/590/238 803/871/429 802/870/241 529/593/241 
f 804/872/429 805/873/241 802/870/241 803/871/429 
f 792/860/427 790/858/427 802/870/241 805/873/241 
f 522/586/234 806/874/430 807/875/431 523/587/235 
f 808/876/430 809/877/431 807/875/431 806/874/430 
f 804/872/429 803/871/429 807/875/431 809/877/431 
f 526/590/238 523/587/235 807/875/431 803/871/429 
f 810/878/234 811/879/235 812/880/431 813/881/234 
f 814/882/238 815/883/429 812/880/431 811/879/235 
f 804/872/429 809/877/431 812/880/431 815/883/429 
f 808/876/430 813/881/234 812/880/431 809/877/431 
f 794/862/218 797/865/218 816/884/241 817/885/241 
f 792/860/427 805/873/241 816/884/241 797/865/218 
f 804/872/429 815/883/429 816/884/241 805/873/241 
f 814/882/238 817/885/241 816/884/241 815/883/429 
f 522/586/234 545/609/257 818/886/257 806/874/430 
f 542/606/433 819/887/432 818/886/257 545/609/257 
f 820/888/433 821/889/437 818/886/257 819/887/432 
f 808/876/430 806/874/430 818/886/257 821/889/437 
f 538/602/250 822/890/434 823/891/435 539/603/251 
f 824/892/434 825/893/435 823/891/435 822/890/434 
f 820/888/433 819/887/432 823/891/435 825/893/435 
f 542/606/433 539/603/251 823/891/435 819/887/432 
f 826/894/250 827/895/251 828/896/251 829/897/250 
f 830/898/433 831/899/254 828/896/251 827/895/251 
f 820/888/433 825/893/435 828/896/251 831/899/254 
f 824/892/434 829/897/250 828/896/251 825/893/435 
f 810/878/234 813/881/234 832/900/437 833/901/257 
f 808/876/430 821/889/437 832/900/437 813/881/234 
f 820/888/433 831/899/254 832/900/437 821/889/437 
f 830/898/433 833/901/257 832/900/437 831/899/254 
f 538/602/250 561/625/273 834/902/438 822/890/434 
f 558/622/270 835/903/439 834/902/438 561/625/273 
f 836/904/270 837/905/438 834/902/438 835/903/439 
f 824/892/434 822/890/434 834/902/438 837/905/438 
f 554/618/266 838/906/266 839/907/267 555/619/267 
f 840/908/266 841/909/267 839/907/267 838/906/266 
f 836/904/270 835/903/439 839/907/267 841/909/267 
f 558/622/270 555/619/267 839/907/267 835/903/439 
f 842/910/266 843/911/267 844/912/267 845/913/266 
f 846/914/270 847/915/440 844/912/267 843/911/267 
f 836/904/270 841/909/267 844/912/267 847/915/440 
f 840/908/266 845/913/266 844/912/267 841/909/267 
f 826/894/250 829/897/250 848/916/273 849/917/273 
f 824/892/434 837/905/438 848/916/273 829/897/250 
f 836/904/270 847/915/440 848/916/273 837/905/438 
f 846/914/270 849/917/273 848/916/273 847/915/440 
f 554/618/266 577/641/289 850/918/289 838/906/266 
f 574/638/286 851/919/286 850/918/289 577/641/289 
f 852/920/441 853/921/442 850/918/289 851/919/286 
f 840/908/266 838/906/266 850/918/289 853/921/442 
f 570/634/282 854/922/445 855/923/283 571/635/283 
f 856/924/444 857/925/283 855/923/283 854/922/445 
f 852/920/441 851/919/286 855/923/283 857/925/283 
f 574/638/286 571/635/283 855/923/283 851/919/286 
f 858/926/282 859/927/283 860/928/283 861/929/445 
f 862/930/286 863/931/441 860/928/283 859/927/283 
f 852/920/441 857/925/283 860/928/283 863/931/441 
f 856/924/444 861/929/445 860/928/283 857/925/283 
f 842/910/266 845/913/266 864/932/289 865/933/289 
f 840/908/266 853/921/442 864/932/289 845/913/266 
f 852/920/441 863/931/441 864/932/289 853/921/442 
f 862/930/286 865/933/289 864/932/289 863/931/441 
f 570/634/282 593/657/305 866/934/446 854/922/445 
f 590/654/447 867/935/447 866/934/446 593/657/305 
f 868/936/448 869/937/446 866/934/446 867/935/447 
f 856/924/444 854/922/445 866/934/446 869/937/446 
f 586/650/450 870/938/450 871/939/449 587/651/299 
f 872/940/450 873/941/451 871/939/449 870/938/450 
f 868/936/448 867/935/447 871/939/449 873/941/451 
f 590/654/447 587/651/299 871/939/449 867/935/447 
f 874/942/450 875/943/299 876/944/449 877/945/450 
f 878/946/447 879/947/302 876/944/449 875/943/299 
f 868/936/448 873/941/451 876/944/449 879/947/302 
f 872/940/450 877/945/450 876/944/449 873/941/451 
f 858/926/282 861/929/445 880/948/446 881/949/305 
f 856/924/444 869/937/446 880/948/446 861/929/445 
f 868/936/448 879/947/302 880/948/446 869/937/446 
f 878/946/447 881/949/305 880/948/446 879/947/302 
f 586/650/450 609/673/321 882/950/321 870/938/450 
f 606/670/452 883/951/452 882/950/321 609/673/321 
f 884/952/452 885/953/321 882/950/321 883/951/452 
f 872/940/450 870/938/450 882/950/321 885/953/321 
f 602/666/314 886/954/456 887/955/454 603/667/315 
f 888/956/455 889/957/454 887/955/454 886/954/456 
f 884/952/452 883/951/452 887/955/454 889/957/454 
f 606/670/452 603/667/315 887/955/454 883/951/452 
f 890/958/314 891/959/315 892/960/454 893/961/456 
f 894/962/452 895/963/452 892/960/454 891/959/315 
f 884/952/452 889/957/454 892/960/454 895/963/452 
f 888/956/455 893/961/456 892/960/454 889/957/454 
f 874/942/450 877/945/450 896/964/321 897/965/321 
f 872/940/450 885/953/321 896/964/321 877/945/450 
f 884/952/452 895/963/452 896/964/321 885/953/321 
f 894/962/452 897/965/321 896/964/321 895/963/452 
f 602/666/314 625/689/337 898/966/337 886/954/456 
f 622/686/334 899/967/334 898/966/337 625/689/337 
f 900/968/457 901/969/460 898/966/337 899/967/334 
f 888/956/455 886/954/456 898/966/337 901/969/460 
f 618/682/458 902/970/330 903/971/331 619/683/331 
f 904/972/458 905/973/459 903/971/331 902/970/330 
f 900/968/457 899/967/334 903/971/331 905/973/459 
f 622/686/334 619/683/331 903/971/331 899/967/334 
f 906/974/458 907/975/331 908/976/459 909/977/458 
f 910/978/334 911/979/334 908/976/459 907/975/331 
f 900/968/457 905/973/459 908/976/459 911/979/334 
f 904/972/458 909/977/458 908/976/459 905/973/459 
f 890/958/314 893/961/456 912/980/460 913/981/337 
f 888/956/455 901/969/460 912/980/460 893/961/456 
f 900/968/457 911/979/334 912/980/460 901/969/460 
f 910/978/334 913/981/337 912/980/460 911/979/334 
f 618/682/458 641/705/353 914/982/353 902/970/330 
f 638/702/350 915/983/350 914/982/353 641/705/353 
f 916/984/461 917/985/462 914/982/353 915/983/350 
f 904/972/458 902/970/330 914/982/353 917/985/462 
f 634/698/463 918/986/463 919/987/347 635/699/464 
f 920/988/346 921/989/347 919/987/347 918/986/463 
f 916/984/461 915/983/350 919/987/347 921/989/347 
f 638/702/350 635/699/464 919/987/347 915/983/350 
f 922/990/463 923/991/464 924/992/347 925/993/346 
f 926/994/350 927/995/461 924/992/347 923/991/464 
f 916/984/461 921/989/347 924/992/347 927/995/461 
f 920/988/346 925/993/346 924/992/347 921/989/347 
f 906/974/458 909/977/458 928/996/462 929/997/353 
f 904/972/458 917/985/462 928/996/462 909/977/458 
f 916/984/461 927/995/461 928/996/462 917/985/462 
f 926/994/350 929/997/353 928/996/462 927/995/461 
f 634/698/463 657/721/369 930/998/475 918/986/463 
f 654/718/366 931/999/465 930/998/475 657/721/369 
f 932/1000/466 933/1001/369 930/998/475 931/999/465 
f 920/988/346 918/986/463 930/998/475 933/1001/369 
f 650/714/467 934/1002/467 935/1003/468 651/715/363 
f 936/1004/362 937/1005/468 935/1003/468 934/1002/467 
f 932/1000/466 931/999/465 935/1003/468 937/1005/468 
f 654/718/366 651/715/363 935/1003/468 931/999/465 
f 938/1006/467 939/1007/363 940/1008/363 941/1009/362 
f 942/1010/366 943/1011/366 940/1008/363 939/1007/363 
f 932/1000/466 937/1005/468 940/1008/363 943/1011/366 
f 936/1004/362 941/1009/362 940/1008/363 937/1005/468 
f 922/990/463 925/993/346 944/1012/369 945/1013/369 
f 920/988/346 933/1001/369 944/1012/369 925/993/346 
f 932/1000/466 943/1011/366 944/1012/369 933/1001/369 
f 942/1010/366 945/1013/369 944/1012/369 943/1011/366 
f 650/714/467 673/737/385 946/1014/469 934/1002/467 
f 670/734/382 947/1015/382 946/1014/469 673/737/385 
f 948/1016/470 949/1017/469 946/1014/469 947/1015/382 
f 936/1004/362 934/1002/467 946/1014/469 949/1017/469 
f 666/730/378 950/1018/471 951/1019/472 667/731/379 
f 952/1020/471 953/1021/472 951/1019/472 950/1018/471 
f 948/1016/470 947/1015/382 951/1019/472 953/1021/472 
f 670/734/382 667/731/379 951/1019/472 947/1015/382 
f 954/1022/378 955/1023/379 956/1024/379 957/1025/378 
f 958/1026/382 959/1027/470 956/1024/379 955/1023/379 
f 948/1016/470 953/1021/472 956/1024/379 959/1027/470 
f 952/1020/471 957/1025/378 956/1024/379 953/1021/472 
f 938/1006/467 941/1009/362 960/1028/385 961/1029/385 
f 936/1004/362 949/1017/469 960/1028/385 941/1009/362 
f 948/1016/470 959/1027/470 960/1028/385 949/1017/469 
f 958/1026/382 961/1029/385 960/1028/385 959/1027/470 
f 666/730/378 685/749/397 962/1030/397 950/1018/471 
f 682/746/473 963/1031/473 962/1030/397 685/749/397 
f 964/1032/394 965/1033/397 962/1030/397 963/1031/473 
f 952/1020/471 950/1018/471 962/1030/397 965/1033/397 
f 414/474/126 687/751/398 966/1034/392 680/744/392 
f 691/755/126 967/1035/392 966/1034/392 687/751/398 
f 964/1032/394 963/1031/473 966/1034/392 967/1035/392 
f 682/746/473 680/744/392 966/1034/392 963/1031/473 
f 702/766/126 968/1036/392 969/1037/392 703/767/404 
f 970/1038/473 971/1039/394 969/1037/392 968/1036/392 
f 964/1032/394 967/1035/392 969/1037/392 971/1039/394 
f 691/755/126 703/767/404 969/1037/392 967/1035/392 
f 954/1022/378 957/1025/378 972/1040/397 973/1041/397 
f 952/1020/471 965/1033/397 972/1040/397 957/1025/378 
f 964/1032/394 971/1039/394 972/1040/397 965/1033/397 
f 970/1038/473 973/1041/397 972/1040/397 971/1039/394 
f 702/766/126 705/769/129 974/1042/129 975/1043/398 
f 700/764/402 976/1044/399 974/1042/129 705/769/129 
f 977/1045/402 978/1046/400 974/1042/129 976/1044/399 
f 979/1047/126 975/1043/398 974/1042/129 978/1046/400 
f 696/760/401 980/1048/401 981/1049/121 697/761/121 
f 982/1050/401 983/1051/121 981/1049/121 980/1048/401 
f 977/1045/402 976/1044/399 981/1049/121 983/1051/121 
f 700/764/402 697/761/121 981/1049/121 976/1044/399 
f 984/1052/401 985/1053/121 986/1054/121 987/1055/120 
f 988/1056/402 989/1057/403 986/1054/121 985/1053/121 
f 977/1045/402 983/1051/121 986/1054/121 989/1057/403 
f 982/1050/401 987/1055/120 986/1054/121 983/1051/121 
f 990/1058/398 991/1059/404 992/1060/129 993/1061/129 
f 979/1047/126 978/1046/400 992/1060/129 991/1059/404 
f 977/1045/402 989/1057/403 992/1060/129 978/1046/400 
f 988/1056/402 993/1061/129 992/1060/129 989/1057/403 
f 696/760/401 721/785/145 994/1062/145 980/1048/401 
f 718/782/142 995/1063/142 994/1062/145 721/785/145 
f 996/1064/405 997/1065/145 994/1062/145 995/1063/142 
f 982/1050/401 980/1048/401 994/1062/145 997/1065/145 
f 714/778/138 998/1066/406 999/1067/474 715/779/139 
f 1000/1068/406 1001/1069/408 999/1067/474 998/1066/406 
f 996/1064/405 995/1063/142 999/1067/474 1001/1069/408 
f 718/782/142 715/779/139 999/1067/474 995/1063/142 
f 1002/1070/138 1003/1071/139 1004/1072/139 1005/1073/138 
f 1006/1074/142 1007/1075/405 1004/1072/139 1003/1071/139 
f 996/1064/405 1001/1069/408 1004/1072/139 1007/1075/405 
f 1000/1068/406 1005/1073/138 1004/1072/139 1001/1069/408 
f 984/1052/401 987/1055/120 1008/1076/145 1009/1077/145 
f 982/1050/401 997/1065/145 1008/1076/145 987/1055/120 
f 996/1064/405 1007/1075/405 1008/1076/145 997/1065/145 
f 1006/1074/142 1009/1077/145 1008/1076/145 1007/1075/405 
f 714/778/138 737/801/161 1010/1078/161 998/1066/406 
f 734/798/158 1011/1079/410 1010/1078/161 737/801/161 
f 1012/1080/410 1013/1081/409 1010/1078/161 1011/1079/410 
f 1000/1068/406 998/1066/406 1010/1078/161 1013/1081/409 
f 730/794/154 1014/1082/411 1015/1083/155 731/795/155 
f 1016/1084/411 1017/1085/412 1015/1083/155 1014/1082/411 
f 1012/1080/410 1011/1079/410 1015/1083/155 1017/1085/412 
f 734/798/158 731/795/155 1015/1083/155 1011/1079/410 
f 1018/1086/154 1019/1087/155 1020/1088/412 1021/1089/154 
f 1022/1090/158 1023/1091/158 1020/1088/412 1019/1087/155 
f 1012/1080/410 1017/1085/412 1020/1088/412 1023/1091/158 
f 1016/1084/411 1021/1089/154 1020/1088/412 1017/1085/412 
f 1002/1070/138 1005/1073/138 1024/1092/409 1025/1093/161 
f 1000/1068/406 1013/1081/409 1024/1092/409 1005/1073/138 
f 1012/1080/410 1023/1091/158 1024/1092/409 1013/1081/409 
f 1022/1090/158 1025/1093/161 1024/1092/409 1023/1091/158 
f 730/794/154 753/817/177 1026/1094/177 1014/1082/411 
f 750/814/174 1027/1095/414 1026/1094/177 753/817/177 
f 1028/1096/414 1029/1097/413 1026/1094/177 1027/1095/414 
f 1016/1084/411 1014/1082/411 1026/1094/177 1029/1097/413 
f 746/810/170 1030/1098/415 1031/1099/171 747/811/171 
f 1032/1100/476 1033/1101/171 1031/1099/171 1030/1098/415 
f 1028/1096/414 1027/1095/414 1031/1099/171 1033/1101/171 
f 750/814/174 747/811/171 1031/1099/171 1027/1095/414 
f 1034/1102/170 1035/1103/171 1036/1104/171 1037/1105/416 
f 1038/1106/174 1039/1107/174 1036/1104/171 1035/1103/171 
f 1028/1096/414 1033/1101/171 1036/1104/171 1039/1107/174 
f 1032/1100/476 1037/1105/416 1036/1104/171 1033/1101/171 
f 1018/1086/154 1021/1089/154 1040/1108/177 1041/1109/177 
f 1016/1084/411 1029/1097/413 1040/1108/177 1021/1089/154 
f 1028/1096/414 1039/1107/174 1040/1108/177 1029/1097/413 
f 1038/1106/174 1041/1109/177 1040/1108/177 1039/1107/174 
f 746/834/170 769/837/193 1042/1110/193 1030/1111/415 
f 766/832/421 1043/1112/417 1042/1110/193 769/837/193 
f 1044/1113/417 1045/1114/193 1042/1110/193 1043/1112/417 
f 1032/1115/476 1030/1111/415 1042/1110/193 1045/1114/193 
f 762/828/419 1046/1116/186 1047/1117/187 763/829/187 
f 1048/1118/186 1049/1119/420 1047/1117/187 1046/1116/186 
f 1044/1113/417 1043/1112/417 1047/1117/187 1049/1119/420 
f 766/832/421 763/829/187 1047/1117/187 1043/1112/417 
f 1050/1120/419 1051/1121/187 1052/1122/420 1053/1123/419 
f 1054/1124/421 1055/1125/190 1052/1122/420 1051/1121/187 
f 1044/1113/417 1049/1119/420 1052/1122/420 1055/1125/190 
f 1048/1118/186 1053/1123/419 1052/1122/420 1049/1119/420 
f 1034/1126/170 1037/1127/416 1056/1128/193 1057/1129/193 
f 1032/1115/476 1045/1114/193 1056/1128/193 1037/1127/416 
f 1044/1113/417 1055/1125/190 1056/1128/193 1045/1114/193 
f 1054/1124/421 1057/1129/193 1056/1128/193 1055/1125/190 
f 762/828/419 785/853/209 1058/1130/209 1046/1116/186 
f 782/850/206 1059/1131/422 1058/1130/209 785/853/209 
f 1060/1132/422 1061/1133/209 1058/1130/209 1059/1131/422 
f 1048/1118/186 1046/1116/186 1058/1130/209 1061/1133/209 
f 778/846/202 1062/1134/202 1063/1135/203 779/847/203 
f 1064/1136/202 1065/1137/424 1063/1135/203 1062/1134/202 
f 1060/1132/422 1059/1131/422 1063/1135/203 1065/1137/424 
f 782/850/206 779/847/203 1063/1135/203 1059/1131/422 
f 1066/1138/202 1067/1139/203 1068/1140/424 1069/1141/202 
f 1070/1142/206 1071/1143/206 1068/1140/424 1067/1139/203 
f 1060/1132/422 1065/1137/424 1068/1140/424 1071/1143/206 
f 1064/1136/202 1069/1141/202 1068/1140/424 1065/1137/424 
f 1050/1120/419 1053/1123/419 1072/1144/209 1073/1145/209 
f 1048/1118/186 1061/1133/209 1072/1144/209 1053/1123/419 
f 1060/1132/422 1071/1143/206 1072/1144/209 1061/1133/209 
f 1070/1142/206 1073/1145/209 1072/1144/209 1071/1143/206 
f 778/846/202 801/869/225 1074/1146/225 1062/1134/202 
f 798/866/222 1075/1147/425 1074/1146/225 801/869/225 
f 1076/1148/425 1077/1149/426 1074/1146/225 1075/1147/425 
f 1064/1136/202 1062/1134/202 1074/1146/225 1077/1149/426 
f 794/862/218 1078/1150/427 1079/1151/219 795/863/219 
f 1080/1152/427 1081/1153/428 1079/1151/219 1078/1150/427 
f 1076/1148/425 1075/1147/425 1079/1151/219 1081/1153/428 
f 798/866/222 795/863/219 1079/1151/219 1075/1147/425 
f 1082/1154/218 1083/1155/219 1084/1156/219 1085/1157/218 
f 1086/1158/222 1087/1159/222 1084/1156/219 1083/1155/219 
f 1076/1148/425 1081/1153/428 1084/1156/219 1087/1159/222 
f 1080/1152/427 1085/1157/218 1084/1156/219 1081/1153/428 
f 1066/1138/202 1069/1141/202 1088/1160/426 1089/1161/225 
f 1064/1136/202 1077/1149/426 1088/1160/426 1069/1141/202 
f 1076/1148/425 1087/1159/222 1088/1160/426 1077/1149/426 
f 1086/1158/222 1089/1161/225 1088/1160/426 1087/1159/222 
f 794/862/218 817/885/241 1090/1162/241 1078/1150/427 
f 814/882/238 1091/1163/238 1090/1162/241 817/885/241 
f 1092/1164/238 1093/1165/241 1090/1162/241 1091/1163/238 
f 1080/1152/427 1078/1150/427 1090/1162/241 1093/1165/241 
f 810/878/234 1094/1166/430 1095/1167/431 811/879/235 
f 1096/1168/430 1097/1169/431 1095/1167/431 1094/1166/430 
f 1092/1164/238 1091/1163/238 1095/1167/431 1097/1169/431 
f 814/882/238 811/879/235 1095/1167/431 1091/1163/238 
f 1098/1170/234 1099/1171/235 1100/1172/431 1101/1173/234 
f 1102/1174/238 1103/1175/238 1100/1172/431 1099/1171/235 
f 1092/1164/238 1097/1169/431 1100/1172/431 1103/1175/238 
f 1096/1168/430 1101/1173/234 1100/1172/431 1097/1169/431 
f 1082/1154/218 1085/1157/218 1104/1176/241 1105/1177/241 
f 1080/1152/427 1093/1165/241 1104/1176/241 1085/1157/218 
f 1092/1164/238 1103/1175/238 1104/1176/241 1093/1165/241 
f 1102/1174/238 1105/1177/241 1104/1176/241 1103/1175/238 
f 810/878/234 833/901/257 1106/1178/257 1094/1166/430 
f 830/898/433 1107/1179/432 1106/1178/257 833/901/257 
f 1108/1180/433 1109/1181/437 1106/1178/257 1107/1179/432 
f 1096/1168/430 1094/1166/430 1106/1178/257 1109/1181/437 
f 826/894/250 1110/1182/434 1111/1183/435 827/895/251 
f 1112/1184/434 1113/1185/435 1111/1183/435 1110/1182/434 
f 1108/1180/433 1107/1179/432 1111/1183/435 1113/1185/435 
f 830/898/433 827/895/251 1111/1183/435 1107/1179/432 
f 1114/1186/250 1115/1187/251 1116/1188/251 1117/1189/250 
f 1118/1190/433 1119/1191/436 1116/1188/251 1115/1187/251 
f 1108/1180/433 1113/1185/435 1116/1188/251 1119/1191/436 
f 1112/1184/434 1117/1189/250 1116/1188/251 1113/1185/435 
f 1098/1170/234 1101/1173/234 1120/1192/437 1121/1193/257 
f 1096/1168/430 1109/1181/437 1120/1192/437 1101/1173/234 
f 1108/1180/433 1119/1191/436 1120/1192/437 1109/1181/437 
f 1118/1190/433 1121/1193/257 1120/1192/437 1119/1191/436 
f 826/894/250 849/917/273 1122/1194/438 1110/1182/434 
f 846/914/270 1123/1195/439 1122/1194/438 849/917/273 
f 1124/1196/477 1125/1197/438 1122/1194/438 1123/1195/439 
f 1112/1184/434 1110/1182/434 1122/1194/438 1125/1197/438 
f 842/910/266 1126/1198/266 1127/1199/267 843/911/267 
f 1128/1200/266 1129/1201/267 1127/1199/267 1126/1198/266 
f 1124/1196/477 1123/1195/439 1127/1199/267 1129/1201/267 
f 846/914/270 843/911/267 1127/1199/267 1123/1195/439 
f 1130/1202/266 1131/1203/267 1132/1204/267 1133/1205/266 
f 1134/1206/270 1135/1207/440 1132/1204/267 1131/1203/267 
f 1124/1196/477 1129/1201/267 1132/1204/267 1135/1207/440 
f 1128/1200/266 1133/1205/266 1132/1204/267 1129/1201/267 
f 1114/1186/250 1117/1189/250 1136/1208/273 1137/1209/273 
f 1112/1184/434 1125/1197/438 1136/1208/273 1117/1189/250 
f 1124/1196/477 1135/1207/440 1136/1208/273 1125/1197/438 
f 1134/1206/270 1137/1209/273 1136/1208/273 1135/1207/440 
f 842/910/266 865/933/289 1138/1210/289 1126/1198/266 
f 862/930/286 1139/1211/286 1138/1210/289 865/933/289 
f 1140/1212/441 1141/1213/442 1138/1210/289 1139/1211/286 
f 1128/1200/266 1126/1198/266 1138/1210/289 1141/1213/442 
f 858/926/282 1142/1214/443 1143/1215/283 859/927/283 
f 1144/1216/282 1145/1217/283 1143/1215/283 1142/1214/443 
f 1140/1212/441 1139/1211/286 1143/1215/283 1145/1217/283 
f 862/930/286 859/927/283 1143/1215/283 1139/1211/286 
f 1146/1218/282 1147/1219/283 1148/1220/283 1149/1221/443 
f 1150/1222/286 1151/1223/441 1148/1220/283 1147/1219/283 
f 1140/1212/441 1145/1217/283 1148/1220/283 1151/1223/441 
f 1144/1216/282 1149/1221/443 1148/1220/283 1145/1217/283 
f 1130/1202/266 1133/1205/266 1152/1224/289 1153/1225/289 
f 1128/1200/266 1141/1213/442 1152/1224/289 1133/1205/266 
f 1140/1212/441 1151/1223/441 1152/1224/289 1141/1213/442 
f 1150/1222/286 1153/1225/289 1152/1224/289 1151/1223/441 
f 858/926/282 881/949/305 1154/1226/446 1142/1214/443 
f 878/946/447 1155/1227/447 1154/1226/446 881/949/305 
f 1156/1228/478 1157/1229/446 1154/1226/446 1155/1227/447 
f 1144/1216/282 1142/1214/443 1154/1226/446 1157/1229/446 
f 874/942/450 1158/1230/298 1159/1231/449 875/943/299 
f 1160/1232/298 1161/1233/449 1159/1231/449 1158/1230/298 
f 1156/1228/478 1155/1227/447 1159/1231/449 1161/1233/449 
f 878/946/447 875/943/299 1159/1231/449 1155/1227/447 
f 1162/1234/450 1163/1235/299 1164/1236/449 1165/1237/298 
f 1166/1238/447 1167/1239/302 1164/1236/449 1163/1235/299 
f 1156/1228/478 1161/1233/449 1164/1236/449 1167/1239/302 
f 1160/1232/298 1165/1237/298 1164/1236/449 1161/1233/449 
f 1146/1218/282 1149/1221/443 1168/1240/446 1169/1241/305 
f 1144/1216/282 1157/1229/446 1168/1240/446 1149/1221/443 
f 1156/1228/478 1167/1239/302 1168/1240/446 1157/1229/446 
f 1166/1238/447 1169/1241/305 1168/1240/446 1167/1239/302 
f 874/942/450 897/965/321 1170/1242/321 1158/1230/298 
f 894/962/452 1171/1243/318 1170/1242/321 897/965/321 
f 1172/1244/318 1173/1245/321 1170/1242/321 1171/1243/318 
f 1160/1232/298 1158/1230/298 1170/1242/321 1173/1245/321 
f 890/958/314 1174/1246/453 1175/1247/454 891/959/315 
f 1176/1248/455 1177/1249/454 1175/1247/454 1174/1246/453 
f 1172/1244/318 1171/1243/318 1175/1247/454 1177/1249/454 
f 894/962/452 891/959/315 1175/1247/454 1171/1243/318 
f 1178/1250/314 1179/1251/315 1180/1252/454 1181/1253/453 
f 1182/1254/452 1183/1255/318 1180/1252/454 1179/1251/315 
f 1172/1244/318 1177/1249/454 1180/1252/454 1183/1255/318 
f 1176/1248/455 1181/1253/453 1180/1252/454 1177/1249/454 
f 1162/1234/450 1165/1237/298 1184/1256/321 1185/1257/321 
f 1160/1232/298 1173/1245/321 1184/1256/321 1165/1237/298 
f 1172/1244/318 1183/1255/318 1184/1256/321 1173/1245/321 
f 1182/1254/452 1185/1257/321 1184/1256/321 1183/1255/318 
f 890/958/314 913/981/337 1186/1258/337 1174/1246/453 
f 910/978/334 1187/1259/457 1186/1258/337 913/981/337 
f 1188/1260/457 1189/1261/460 1186/1258/337 1187/1259/457 
f 1176/1248/455 1174/1246/453 1186/1258/337 1189/1261/460 
f 906/974/458 1190/1262/330 1191/1263/331 907/975/331 
f 1192/1264/330 1193/1265/459 1191/1263/331 1190/1262/330 
f 1188/1260/457 1187/1259/457 1191/1263/331 1193/1265/459 
f 910/978/334 907/975/331 1191/1263/331 1187/1259/457 
f 1194/1266/458 1195/1267/331 1196/1268/459 1197/1269/458 
f 1198/1270/334 1199/1271/334 1196/1268/459 1195/1267/331 
f 1188/1260/457 1193/1265/459 1196/1268/459 1199/1271/334 
f 1192/1264/330 1197/1269/458 1196/1268/459 1193/1265/459 
f 1178/1250/314 1181/1253/453 1200/1272/460 1201/1273/337 
f 1176/1248/455 1189/1261/460 1200/1272/460 1181/1253/453 
f 1188/1260/457 1199/1271/334 1200/1272/460 1189/1261/460 
f 1198/1270/334 1201/1273/337 1200/1272/460 1199/1271/334 
f 906/974/458 929/997/353 1202/1274/353 1190/1262/330 
f 926/994/350 1203/1275/461 1202/1274/353 929/997/353 
f 1204/1276/461 1205/1277/462 1202/1274/353 1203/1275/461 
f 1192/1264/330 1190/1262/330 1202/1274/353 1205/1277/462 
f 922/990/463 1206/1278/463 1207/1279/347 923/991/464 
f 1208/1280/346 1209/1281/347 1207/1279/347 1206/1278/463 
f 1204/1276/461 1203/1275/461 1207/1279/347 1209/1281/347 
f 926/994/350 923/991/464 1207/1279/347 1203/1275/461 
f 1210/1282/463 1211/1283/464 1212/1284/347 1213/1285/346 
f 1214/1286/350 1215/1287/350 1212/1284/347 1211/1283/464 
f 1204/1276/461 1209/1281/347 1212/1284/347 1215/1287/350 
f 1208/1280/346 1213/1285/346 1212/1284/347 1209/1281/347 
f 1194/1266/458 1197/1269/458 1216/1288/353 1217/1289/353 
f 1192/1264/330 1205/1277/462 1216/1288/353 1197/1269/458 
f 1204/1276/461 1215/1287/350 1216/1288/353 1205/1277/462 
f 1214/1286/350 1217/1289/353 1216/1288/353 1215/1287/350 
f 922/990/463 945/1013/369 1218/1290/475 1206/1278/463 
f 942/1010/366 1219/1291/465 1218/1290/475 945/1013/369 
f 1220/1292/466 1221/1293/369 1218/1290/475 1219/1291/465 
f 1208/1280/346 1206/1278/463 1218/1290/475 1221/1293/369 
f 938/1006/467 1222/1294/467 1223/1295/468 939/1007/363 
f 1224/1296/467 1225/1297/468 1223/1295/468 1222/1294/467 
f 1220/1292/466 1219/1291/465 1223/1295/468 1225/1297/468 
f 942/1010/366 939/1007/363 1223/1295/468 1219/1291/465 
f 1226/1298/467 1227/1299/363 1228/1300/468 1229/1301/362 
f 1230/1302/366 1231/1303/366 1228/1300/468 1227/1299/363 
f 1220/1292/466 1225/1297/468 1228/1300/468 1231/1303/366 
f 1224/1296/467 1229/1301/362 1228/1300/468 1225/1297/468 
f 1210/1282/463 1213/1285/346 1232/1304/369 1233/1305/369 
f 1208/1280/346 1221/1293/369 1232/1304/369 1213/1285/346 
f 1220/1292/466 1231/1303/366 1232/1304/369 1221/1293/369 
f 1230/1302/366 1233/1305/369 1232/1304/369 1231/1303/366 
f 938/1006/467 961/1029/385 1234/1306/469 1222/1294/467 
f 958/1026/382 1235/1307/382 1234/1306/469 961/1029/385 
f 1236/1308/382 1237/1309/469 1234/1306/469 1235/1307/382 
f 1224/1296/467 1222/1294/467 1234/1306/469 1237/1309/469 
f 954/1022/378 1238/1310/471 1239/1311/472 955/1023/379 
f 1240/1312/471 1241/1313/472 1239/1311/472 1238/1310/471 
f 1236/1308/382 1235/1307/382 1239/1311/472 1241/1313/472 
f 958/1026/382 955/1023/379 1239/1311/472 1235/1307/382 
f 1242/1314/378 1243/1315/379 1244/1316/379 1245/1317/378 
f 1246/1318/382 1247/1319/470 1244/1316/379 1243/1315/379 
f 1236/1308/382 1241/1313/472 1244/1316/379 1247/1319/470 
f 1240/1312/471 1245/1317/378 1244/1316/379 1241/1313/472 
f 1226/1298/467 1229/1301/362 1248/1320/385 1249/1321/385 
f 1224/1296/467 1237/1309/469 1248/1320/385 1229/1301/362 
f 1236/1308/382 1247/1319/470 1248/1320/385 1237/1309/469 
f 1246/1318/382 1249/1321/385 1248/1320/385 1247/1319/470 
f 954/1022/378 973/1041/397 1250/1322/397 1238/1310/471 
f 970/1038/473 1251/1323/473 1250/1322/397 973/1041/397 
f 1252/1324/394 1253/1325/397 1250/1322/397 1251/1323/473 
f 1240/1312/471 1238/1310/471 1250/1322/397 1253/1325/397 
f 702/766/126 975/1043/398 1254/1326/392 968/1036/392 
f 979/1047/126 1255/1327/392 1254/1326/392 975/1043/398 
f 1252/1324/394 1251/1323/473 1254/1326/392 1255/1327/392 
f 970/1038/473 968/1036/392 1254/1326/392 1251/1323/473 
f 990/1058/398 1256/1328/392 1257/1329/392 991/1059/404 
f 1258/1330/473 1259/1331/394 1257/1329/392 1256/1328/392 
f 1252/1324/394 1255/1327/392 1257/1329/392 1259/1331/394 
f 979/1047/126 991/1059/404 1257/1329/392 1255/1327/392 
f 1242/1314/378 1245/1317/378 1260/1332/397 1261/1333/397 
f 1240/1312/471 1253/1325/397 1260/1332/397 1245/1317/378 
f 1252/1324/394 1259/1331/394 1260/1332/397 1253/1325/397 
f 1258/1330/473 1261/1333/397 1260/1332/397 1259/1331/394 
f 990/1058/398 993/1061/129 1262/1334/479 1263/1335/480 
f 988/1056/402 1264/1336/481 1262/1334/479 993/1061/129 
f 1265/1337/482 1266/1338/483 1262/1334/479 1264/1336/481 
f 1267/1339/484 1263/1335/480 1262/1334/479 1266/1338/483 
f 984/1052/401 1268/1340/485 1269/1341/486 985/1053/121 
f 1270/1342/487 1271/1343/488 1269/1341/486 1268/1340/485 
f 1265/1337/482 1264/1336/481 1269/1341/486 1271/1343/488 
f 988/1056/402 985/1053/121 1269/1341/486 1264/1336/481 
f 1272/1344/489 1273/1345/490 1274/1346/491 1275/1347/492 
f 1276/1348/493 1277/1349/494 1274/1346/491 1273/1345/490 
f 1265/1337/482 1271/1343/488 1274/1346/491 1277/1349/494 
f 1270/1342/487 1275/1347/492 1274/1346/491 1271/1343/488 
f 1278/1350/495 1279/1351/496 1280/1352/497 1281/1353/498 
f 1267/1339/484 1266/1338/483 1280/1352/497 1279/1351/496 
f 1265/1337/482 1277/1349/494 1280/1352/497 1266/1338/483 
f 1276/1348/493 1281/1353/498 1280/1352/497 1277/1349/494 
f 984/1052/401 1009/1077/145 1282/1354/499 1268/1340/485 
f 1006/1074/142 1283/1355/500 1282/1354/499 1009/1077/145 
f 1284/1356/501 1285/1357/502 1282/1354/499 1283/1355/500 
f 1270/1342/487 1268/1340/485 1282/1354/499 1285/1357/502 
f 1002/1070/138 1286/1358/503 1287/1359/504 1003/1071/139 
f 1288/1360/505 1289/1361/506 1287/1359/504 1286/1358/503 
f 1284/1356/501 1283/1355/500 1287/1359/504 1289/1361/506 
f 1006/1074/142 1003/1071/139 1287/1359/504 1283/1355/500 
f 1290/1362/507 1291/1363/508 1292/1364/509 1293/1365/510 
f 1294/1366/511 1295/1367/512 1292/1364/509 1291/1363/508 
f 1284/1356/501 1289/1361/506 1292/1364/509 1295/1367/512 
f 1288/1360/505 1293/1365/510 1292/1364/509 1289/1361/506 
f 1272/1344/489 1275/1347/492 1296/1368/513 1297/1369/514 
f 1270/1342/487 1285/1357/502 1296/1368/513 1275/1347/492 
f 1284/1356/501 1295/1367/512 1296/1368/513 1285/1357/502 
f 1294/1366/511 1297/1369/514 1296/1368/513 1295/1367/512 
f 1002/1070/138 1025/1093/161 1298/1370/515 1286/1358/503 
f 1022/1090/158 1299/1371/516 1298/1370/515 1025/1093/161 
f 1300/1372/517 1301/1373/518 1298/1370/515 1299/1371/516 
f 1288/1360/505 1286/1358/503 1298/1370/515 1301/1373/518 
f 1018/1086/154 1302/1374/519 1303/1375/520 1019/1087/155 
f 1304/1376/521 1305/1377/522 1303/1375/520 1302/1374/519 
f 1300/1372/517 1299/1371/516 1303/1375/520 1305/1377/522 
f 1022/1090/158 1019/1087/155 1303/1375/520 1299/1371/516 
f 1306/1378/523 1307/1379/524 1308/1380/525 1309/1381/526 
f 1310/1382/527 1311/1383/528 1308/1380/525 1307/1379/524 
f 1300/1372/517 1305/1377/522 1308/1380/525 1311/1383/528 
f 1304/1376/521 1309/1381/526 1308/1380/525 1305/1377/522 
f 1290/1362/507 1293/1365/510 1312/1384/529 1313/1385/530 
f 1288/1360/505 1301/1373/518 1312/1384/529 1293/1365/510 
f 1300/1372/517 1311/1383/528 1312/1384/529 1301/1373/518 
f 1310/1382/527 1313/1385/530 1312/1384/529 1311/1383/528 
f 1018/1086/154 1041/1109/177 1314/1386/531 1302/1374/519 
f 1038/1106/174 1315/1387/532 1314/1386/531 1041/1109/177 
f 1316/1388/533 1317/1389/534 1314/1386/531 1315/1387/532 
f 1304/1376/521 1302/1374/519 1314/1386/531 1317/1389/534 
f 1034/1102/170 1318/1390/535 1319/1391/536 1035/1103/171 
f 1320/1392/537 1321/1393/538 1319/1391/536 1318/1390/535 
f 1316/1388/533 1315/1387/532 1319/1391/536 1321/1393/538 
f 1038/1106/174 1035/1103/171 1319/1391/536 1315/1387/532 
f 1322/1394/539 1323/1395/540 1324/1396/541 1325/1397/542 
f 1326/1398/543 1327/1399/544 1324/1396/541 1323/1395/540 
f 1316/1388/533 1321/1393/538 1324/1396/541 1327/1399/544 
f 1320/1392/537 1325/1397/542 1324/1396/541 1321/1393/538 
f 1306/1378/523 1309/1381/526 1328/1400/545 1329/1401/546 
f 1304/1376/521 1317/1389/534 1328/1400/545 1309/1381/526 
f 1316/1388/533 1327/1399/544 1328/1400/545 1317/1389/534 
f 1326/1398/543 1329/1401/546 1328/1400/545 1327/1399/544 
f 1034/1126/170 1057/1129/193 1330/1402/547 1318/1403/535 
f 1054/1124/421 1331/1404/548 1330/1402/547 1057/1129/193 
f 1332/1405/549 1333/1406/550 1330/1402/547 1331/1404/548 
f 1320/1407/537 1318/1403/535 1330/1402/547 1333/1406/550 
f 1050/1120/419 1334/1408/551 1335/1409/552 1051/1121/187 
f 1336/1410/553 1337/1411/554 1335/1409/552 1334/1408/551 
f 1332/1405/549 1331/1404/548 1335/1409/552 1337/1411/554 
f 1054/1124/421 1051/1121/187 1335/1409/552 1331/1404/548 
f 1338/1412/555 1339/1413/556 1340/1414/557 1341/1415/558 
f 1342/1416/559 1343/1417/560 1340/1414/557 1339/1413/556 
f 1332/1405/549 1337/1411/554 1340/1414/557 1343/1417/560 
f 1336/1410/553 1341/1415/558 1340/1414/557 1337/1411/554 
f 1322/1418/539 1325/1419/542 1344/1420/561 1345/1421/562 
f 1320/1407/537 1333/1406/550 1344/1420/561 1325/1419/542 
f 1332/1405/549 1343/1417/560 1344/1420/561 1333/1406/550 
f 1342/1416/559 1345/1421/562 1344/1420/561 1343/1417/560 
f 1050/1120/419 1073/1145/209 1346/1422/563 1334/1408/551 
f 1070/1142/206 1347/1423/564 1346/1422/563 1073/1145/209 
f 1348/1424/565 1349/1425/566 1346/1422/563 1347/1423/564 
f 1336/1410/553 1334/1408/551 1346/1422/563 1349/1425/566 
f 1066/1138/202 1350/1426/567 1351/1427/568 1067/1139/203 
f 1352/1428/569 1353/1429/570 1351/1427/568 1350/1426/567 
f 1348/1424/565 1347/1423/564 1351/1427/568 1353/1429/570 
f 1070/1142/206 1067/1139/203 1351/1427/568 1347/1423/564 
f 1354/1430/571 1355/1431/572 1356/1432/573 1357/1433/574 
f 1358/1434/575 1359/1435/576 1356/1432/573 1355/1431/572 
f 1348/1424/565 1353/1429/570 1356/1432/573 1359/1435/576 
f 1352/1428/569 1357/1433/574 1356/1432/573 1353/1429/570 
f 1338/1412/555 1341/1415/558 1360/1436/577 1361/1437/578 
f 1336/1410/553 1349/1425/566 1360/1436/577 1341/1415/558 
f 1348/1424/565 1359/1435/576 1360/1436/577 1349/1425/566 
f 1358/1434/575 1361/1437/578 1360/1436/577 1359/1435/576 
f 1066/1138/202 1089/1161/225 1362/1438/579 1350/1426/567 
f 1086/1158/222 1363/1439/580 1362/1438/579 1089/1161/225 
f 1364/1440/581 1365/1441/582 1362/1438/579 1363/1439/580 
f 1352/1428/569 1350/1426/567 1362/1438/579 1365/1441/582 
f 1082/1154/218 1366/1442/583 1367/1443/584 1083/1155/219 
f 1368/1444/585 1369/1445/586 1367/1443/584 1366/1442/583 
f 1364/1440/581 1363/1439/580 1367/1443/584 1369/1445/586 
f 1086/1158/222 1083/1155/219 1367/1443/584 1363/1439/580 
f 1370/1446/587 1371/1447/588 1372/1448/589 1373/1449/590 
f 1374/1450/591 1375/1451/592 1372/1448/589 1371/1447/588 
f 1364/1440/581 1369/1445/586 1372/1448/589 1375/1451/592 
f 1368/1444/585 1373/1449/590 1372/1448/589 1369/1445/586 
f 1354/1430/571 1357/1433/574 1376/1452/593 1377/1453/594 
f 1352/1428/569 1365/1441/582 1376/1452/593 1357/1433/574 
f 1364/1440/581 1375/1451/592 1376/1452/593 1365/1441/582 
f 1374/1450/591 1377/1453/594 1376/1452/593 1375/1451/592 
f 1082/1154/218 1105/1177/241 1378/1454/595 1366/1442/583 
f 1102/1174/238 1379/1455/596 1378/1454/595 1105/1177/241 
f 1380/1456/597 1381/1457/598 1378/1454/595 1379/1455/596 
f 1368/1444/585 1366/1442/583 1378/1454/595 1381/1457/598 
f 1098/1170/234 1382/1458/599 1383/1459/600 1099/1171/235 
f 1384/1460/601 1385/1461/602 1383/1459/600 1382/1458/599 
f 1380/1456/597 1379/1455/596 1383/1459/600 1385/1461/602 
f 1102/1174/238 1099/1171/235 1383/1459/600 1379/1455/596 
f 1386/1462/603 1387/1463/604 1388/1464/605 1389/1465/606 
f 1390/1466/607 1391/1467/608 1388/1464/605 1387/1463/604 
f 1380/1456/597 1385/1461/602 1388/1464/605 1391/1467/608 
f 1384/1460/601 1389/1465/606 1388/1464/605 1385/1461/602 
f 1370/1446/587 1373/1449/590 1392/1468/609 1393/1469/610 
f 1368/1444/585 1381/1457/598 1392/1468/609 1373/1449/590 
f 1380/1456/597 1391/1467/608 1392/1468/609 1381/1457/598 
f 1390/1466/607 1393/1469/610 1392/1468/609 1391/1467/608 
f 1098/1170/234 1121/1193/257 1394/1470/611 1382/1458/599 
f 1118/1190/433 1395/1471/612 1394/1470/611 1121/1193/257 
f 1396/1472/613 1397/1473/614 1394/1470/611 1395/1471/612 
f 1384/1460/601 1382/1458/599 1394/1470/611 1397/1473/614 
f 1114/1186/250 1398/1474/615 1399/1475/616 1115/1187/251 
f 1400/1476/617 1401/1477/618 1399/1475/616 1398/1474/615 
f 1396/1472/613 1395/1471/612 1399/1475/616 1401/1477/618 
f 1118/1190/433 1115/1187/251 1399/1475/616 1395/1471/612 
f 1402/1478/619 1403/1479/620 1404/1480/621 1405/1481/622 
f 1406/1482/623 1407/1483/624 1404/1480/621 1403/1479/620 
f 1396/1472/613 1401/1477/618 1404/1480/621 1407/1483/624 
f 1400/1476/617 1405/1481/622 1404/1480/621 1401/1477/618 
f 1386/1462/603 1389/1465/606 1408/1484/625 1409/1485/626 
f 1384/1460/601 1397/1473/614 1408/1484/625 1389/1465/606 
f 1396/1472/613 1407/1483/624 1408/1484/625 1397/1473/614 
f 1406/1482/623 1409/1485/626 1408/1484/625 1407/1483/624 
f 1114/1186/250 1137/1209/273 1410/1486/627 1398/1474/615 
f 1134/1206/270 1411/1487/628 1410/1486/627 1137/1209/273 
f 1412/1488/629 1413/1489/630 1410/1486/627 1411/1487/628 
f 1400/1476/617 1398/1474/615 1410/1486/627 1413/1489/630 
f 1130/1202/266 1414/1490/631 1415/1491/632 1131/1203/267 
f 1416/1492/633 1417/1493/634 1415/1491/632 1414/1490/631 
f 1412/1488/629 1411/1487/628 1415/1491/632 1417/1493/634 
f 1134/1206/270 1131/1203/267 1415/1491/632 1411/1487/628 
f 1418/1494/635 1419/1495/636 1420/1496/637 1421/1497/638 
f 1422/1498/639 1423/1499/640 1420/1496/637 1419/1495/636 
f 1412/1488/629 1417/1493/634 1420/1496/637 1423/1499/640 
f 1416/1492/633 1421/1497/638 1420/1496/637 1417/1493/634 
f 1402/1478/619 1405/1481/622 1424/1500/641 1425/1501/642 
f 1400/1476/617 1413/1489/630 1424/1500/641 1405/1481/622 
f 1412/1488/629 1423/1499/640 1424/1500/641 1413/1489/630 
f 1422/1498/639 1425/1501/642 1424/1500/641 1423/1499/640 
f 1130/1202/266 1153/1225/289 1426/1502/643 1414/1490/631 
f 1150/1222/286 1427/1503/644 1426/1502/643 1153/1225/289 
f 1428/1504/645 1429/1505/646 1426/1502/643 1427/1503/644 
f 1416/1492/633 1414/1490/631 1426/1502/643 1429/1505/646 
f 1146/1218/282 1430/1506/647 1431/1507/648 1147/1219/283 
f 1432/1508/649 1433/1509/650 1431/1507/648 1430/1506/647 
f 1428/1504/645 1427/1503/644 1431/1507/648 1433/1509/650 
f 1150/1222/286 1147/1219/283 1431/1507/648 1427/1503/644 
f 1434/1510/651 1435/1511/652 1436/1512/653 1437/1513/654 
f 1438/1514/655 1439/1515/656 1436/1512/653 1435/1511/652 
f 1428/1504/645 1433/1509/650 1436/1512/653 1439/1515/656 
f 1432/1508/649 1437/1513/654 1436/1512/653 1433/1509/650 
f 1418/1494/635 1421/1497/638 1440/1516/657 1441/1517/658 
f 1416/1492/633 1429/1505/646 1440/1516/657 1421/1497/638 
f 1428/1504/645 1439/1515/656 1440/1516/657 1429/1505/646 
f 1438/1514/655 1441/1517/658 1440/1516/657 1439/1515/656 
f 1146/1218/282 1169/1241/305 1442/1518/659 1430/1506/647 
f 1166/1238/447 1443/1519/660 1442/1518/659 1169/1241/305 
f 1444/1520/661 1445/1521/662 1442/1518/659 1443/1519/660 
f 1432/1508/649 1430/1506/647 1442/1518/659 1445/1521/662 
f 1162/1234/450 1446/1522/663 1447/1523/664 1163/1235/299 
f 1448/1524/665 1449/1525/666 1447/1523/664 1446/1522/663 
f 1444/1520/661 1443/1519/660 1447/1523/664 1449/1525/666 
f 1166/1238/447 1163/1235/299 1447/1523/664 1443/1519/660 
f 1450/1526/667 1451/1527/668 1452/1528/669 1453/1529/670 
f 1454/1530/671 1455/1531/672 1452/1528/669 1451/1527/668 
f 1444/1520/661 1449/1525/666 1452/1528/669 1455/1531/672 
f 1448/1524/665 1453/1529/670 1452/1528/669 1449/1525/666 
f 1434/1510/651 1437/1513/654 1456/1532/673 1457/1533/674 
f 1432/1508/649 1445/1521/662 1456/1532/673 1437/1513/654 
f 1444/1520/661 1455/1531/672 1456/1532/673 1445/1521/662 
f 1454/1530/671 1457/1533/674 1456/1532/673 1455/1531/672 
f 1162/1234/450 1185/1257/321 1458/1534/675 1446/1522/663 
f 1182/1254/452 1459/1535/676 1458/1534/675 1185/1257/321 
f 1460/1536/677 1461/1537/678 1458/1534/675 1459/1535/676 
f 1448/1524/665 1446/1522/663 1458/1534/675 1461/1537/678 
f 1178/1250/314 1462/1538/679 1463/1539/680 1179/1251/315 
f 1464/1540/681 1465/1541/682 1463/1539/680 1462/1538/679 
f 1460/1536/677 1459/1535/676 1463/1539/680 1465/1541/682 
f 1182/1254/452 1179/1251/315 1463/1539/680 1459/1535/676 
f 1466/1542/683 1467/1543/684 1468/1544/685 1469/1545/686 
f 1470/1546/687 1471/1547/688 1468/1544/685 1467/1543/684 
f 1460/1536/677 1465/1541/682 1468/1544/685 1471/1547/688 
f 1464/1540/681 1469/1545/686 1468/1544/685 1465/1541/682 
f 1450/1526/667 1453/1529/670 1472/1548/689 1473/1549/690 
f 1448/1524/665 1461/1537/678 1472/1548/689 1453/1529/670 
f 1460/1536/677 1471/1547/688 1472/1548/689 1461/1537/678 
f 1470/1546/687 1473/1549/690 1472/1548/689 1471/1547/688 
f 1178/1250/314 1201/1273/337 1474/1550/691 1462/1538/679 
f 1198/1270/334 1475/1551/692 1474/1550/691 1201/1273/337 
f 1476/1552/693 1477/1553/694 1474/1550/691 1475/1551/692 
f 1464/1540/681 1462/1538/679 1474/1550/691 1477/1553/694 
f 1194/1266/458 1478/1554/695 1479/1555/696 1195/1267/331 
f 1480/1556/697 1481/1557/698 1479/1555/696 1478/1554/695 
f 1476/1552/693 1475/1551/692 1479/1555/696 1481/1557/698 
f 1198/1270/334 1195/1267/331 1479/1555/696 1475/1551/692 
f 1482/1558/699 1483/1559/700 1484/1560/701 1485/1561/702 
f 1486/1562/703 1487/1563/704 1484/1560/701 1483/1559/700 
f 1476/1552/693 1481/1557/698 1484/1560/701 1487/1563/704 
f 1480/1556/697 1485/1561/702 1484/1560/701 1481/1557/698 
f 1466/1542/683 1469/1545/686 1488/1564/705 1489/1565/706 
f 1464/1540/681 1477/1553/694 1488/1564/705 1469/1545/686 
f 1476/1552/693 1487/1563/704 1488/1564/705 1477/1553/694 
f 1486/1562/703 1489/1565/706 1488/1564/705 1487/1563/704 
f 1194/1266/458 1217/1289/353 1490/1566/707 1478/1554/695 
f 1214/1286/350 1491/1567/708 1490/1566/707 1217/1289/353 
f 1492/1568/709 1493/1569/710 1490/1566/707 1491/1567/708 
f 1480/1556/697 1478/1554/695 1490/1566/707 1493/1569/710 
f 1210/1282/463 1494/1570/711 1495/1571/712 1211/1283/464 
f 1496/1572/713 1497/1573/714 1495/1571/712 1494/1570/711 
f 1492/1568/709 1491/1567/708 1495/1571/712 1497/1573/714 
f 1214/1286/350 1211/1283/464 1495/1571/712 1491/1567/708 
f 1498/1574/715 1499/1575/716 1500/1576/717 1501/1577/718 
f 1502/1578/719 1503/1579/720 1500/1576/717 1499/1575/716 
f 1492/1568/709 1497/1573/714 1500/1576/717 1503/1579/720 
f 1496/1572/713 1501/1577/718 1500/1576/717 1497/1573/714 
f 1482/1558/699 1485/1561/702 1504/1580/721 1505/1581/722 
f 1480/1556/697 1493/1569/710 1504/1580/721 1485/1561/702 
f 1492/1568/709 1503/1579/720 1504/1580/721 1493/1569/710 
f 1502/1578/719 1505/1581/722 1504/1580/721 1503/1579/720 
f 1210/1282/463 1233/1305/369 1506/1582/723 1494/1570/711 
f 1230/1302/366 1507/1583/724 1506/1582/723 1233/1305/369 
f 1508/1584/725 1509/1585/726 1506/1582/723 1507/1583/724 
f 1496/1572/713 1494/1570/711 1506/1582/723 1509/1585/726 
f 1226/1298/467 1510/1586/727 1511/1587/728 1227/1299/363 
f 1512/1588/729 1513/1589/730 1511/1587/728 1510/1586/727 
f 1508/1584/725 1507/1583/724 1511/1587/728 1513/1589/730 
f 1230/1302/366 1227/1299/363 1511/1587/728 1507/1583/724 
f 1514/1590/731 1515/1591/732 1516/1592/733 1517/1593/734 
f 1518/1594/735 1519/1595/736 1516/1592/733 1515/1591/732 
f 1508/1584/725 1513/1589/730 1516/1592/733 1519/1595/736 
f 1512/1588/729 1517/1593/734 1516/1592/733 1513/1589/730 
f 1498/1574/715 1501/1577/718 1520/1596/737 1521/1597/738 
f 1496/1572/713 1509/1585/726 1520/1596/737 1501/1577/718 
f 1508/1584/725 1519/1595/736 1520/1596/737 1509/1585/726 
f 1518/1594/735 1521/1597/738 1520/1596/737 1519/1595/736 
f 1226/1298/467 1249/1321/385 1522/1598/739 1510/1586/727 
f 1246/1318/382 1523/1599/740 1522/1598/739 1249/1321/385 
f 1524/1600/741 1525/1601/742 1522/1598/739 1523/1599/740 
f 1512/1588/729 1510/1586/727 1522/1598/739 1525/1601/742 
f 1242/1314/378 1526/1602/743 1527/1603/744 1243/1315/379 
f 1528/1604/745 1529/1605/746 1527/1603/744 1526/1602/743 
f 1524/1600/741 1523/1599/740 1527/1603/744 1529/1605/746 
f 1246/1318/382 1243/1315/379 1527/1603/744 1523/1599/740 
f 1530/1606/747 1531/1607/748 1532/1608/749 1533/1609/750 
f 1534/1610/751 1535/1611/752 1532/1608/749 1531/1607/748 
f 1524/1600/741 1529/1605/746 1532/1608/749 1535/1611/752 
f 1528/1604/745 1533/1609/750 1532/1608/749 1529/1605/746 
f 1514/1590/731 1517/1593/734 1536/1612/753 1537/1613/754 
f 1512/1588/729 1525/1601/742 1536/1612/753 1517/1593/734 
f 1524/1600/741 1535/1611/752 1536/1612/753 1525/1601/742 
f 1534/1610/751 1537/1613/754 1536/1612/753 1535/1611/752 
f 1242/1314/378 1261/1333/397 1538/1614/755 1526/1602/743 
f 1258/1330/473 1539/1615/756 1538/1614/755 1261/1333/397 
f 1540/1616/757 1541/1617/758 1538/1614/755 1539/1615/756 
f 1528/1604/745 1526/1602/743 1538/1614/755 1541/1617/758 
f 990/1058/398 1263/1335/480 1542/1618/759 1256/1328/392 
f 1267/1339/484 1543/1619/760 1542/1618/759 1263/1335/480 
f 1540/1616/757 1539/1615/756 1542/1618/759 1543/1619/760 
f 1258/1330/473 1256/1328/392 1542/1618/759 1539/1615/756 
f 1278/1350/495 1544/1620/761 1545/1621/762 1279/1351/496 
f 1546/1622/763 1547/1623/764 1545/1621/762 1544/1620/761 
f 1540/1616/757 1543/1619/760 1545/1621/762 1547/1623/764 
f 1267/1339/484 1279/1351/496 1545/1621/762 1543/1619/760 
f 1530/1606/747 1533/1609/750 1548/1624/765 1549/1625/766 
f 1528/1604/745 1541/1617/758 1548/1624/765 1533/1609/750 
f 1540/1616/757 1547/1623/764 1548/1624/765 1541/1617/758 
f 1546/1622/763 1549/1625/766 1548/1624/765 1547/1623/764 
f 1530/1606/747 1549/1625/766 1550/1626/767 1531/1627/748 
f 1546/1622/763 1551/1628/768 1550/1626/767 1549/1625/766 
f 1552/1629/769 1553/1630/770 1550/1626/767 1551/1628/768 
f 1534/1631/751 1531/1627/748 1550/1626/767 1553/1630/770 
f 1278/1350/495 1281/1353/498 1554/1632/771 1544/1620/761 
f 1276/1348/493 1555/1633/772 1554/1632/771 1281/1353/498 
f 1552/1629/769 1551/1628/768 1554/1632/771 1555/1633/772 
f 1546/1622/763 1544/1620/761 1554/1632/771 1551/1628/768 
f 1272/1344/489 1297/1369/514 1556/1634/773 1273/1345/490 
f 1294/1366/511 1557/1635/774 1556/1634/773 1297/1369/514 
f 1552/1629/769 1555/1633/772 1556/1634/773 1557/1635/774 
f 1276/1348/493 1273/1345/490 1556/1634/773 1555/1633/772 
f 1290/1362/507 1313/1385/530 1558/1636/775 1291/1363/508 
f 1310/1382/527 1559/1637/776 1558/1636/775 1313/1385/530 
f 1552/1629/769 1557/1635/774 1558/1636/775 1559/1637/776 
f 1294/1366/511 1291/1363/508 1558/1636/775 1557/1635/774 
f 1306/1378/523 1329/1401/546 1560/1638/777 1307/1379/524 
f 1326/1398/543 1561/1639/778 1560/1638/777 1329/1401/546 
f 1552/1629/769 1559/1637/776 1560/1638/777 1561/1639/778 
f 1310/1382/527 1307/1379/524 1560/1638/777 1559/1637/776 
f 1322/1394/539 1345/1640/562 1562/1641/779 1323/1395/540 
f 1342/1642/559 1563/1643/780 1562/1641/779 1345/1640/562 
f 1552/1629/769 1561/1639/778 1562/1641/779 1563/1643/780 
f 1326/1398/543 1323/1395/540 1562/1641/779 1561/1639/778 
f 1338/1644/555 1361/1645/578 1564/1646/781 1339/1647/556 
f 1358/1648/575 1565/1649/782 1564/1646/781 1361/1645/578 
f 1552/1629/769 1563/1643/780 1564/1646/781 1565/1649/782 
f 1342/1642/559 1339/1647/556 1564/1646/781 1563/1643/780 
f 1354/1650/571 1377/1651/594 1566/1652/783 1355/1653/572 
f 1374/1654/591 1567/1655/784 1566/1652/783 1377/1651/594 
f 1552/1629/769 1565/1649/782 1566/1652/783 1567/1655/784 
f 1358/1648/575 1355/1653/572 1566/1652/783 1565/1649/782 
f 1370/1656/587 1393/1657/610 1568/1658/785 1371/1659/588 
f 1390/1660/607 1569/1661/786 1568/1658/785 1393/1657/610 
f 1552/1629/769 1567/1655/784 1568/1658/785 1569/1661/786 
f 1374/1654/591 1371/1659/588 1568/1658/785 1567/1655/784 
f 1386/1662/603 1409/1663/626 1570/1664/787 1387/1665/604 
f 1406/1666/623 1571/1667/788 1570/1664/787 1409/1663/626 
f 1552/1629/769 1569/1661/786 1570/1664/787 1571/1667/788 
f 1390/1660/607 1387/1665/604 1570/1664/787 1569/1661/786 
f 1402/1668/619 1425/1669/642 1572/1670/789 1403/1671/620 
f 1422/1672/639 1573/1673/790 1572/1670/789 1425/1669/642 
f 1552/1629/769 1571/1667/788 1572/1670/789 1573/1673/790 
f 1406/1666/623 1403/1671/620 1572/1670/789 1571/1667/788 
f 1418/1674/635 1441/1675/658 1574/1676/791 1419/1677/636 
f 1438/1678/655 1575/1679/792 1574/1676/791 1441/1675/658 
f 1552/1629/769 1573/1673/790 1574/1676/791 1575/1679/792 
f 1422/1672/639 1419/1677/636 1574/1676/791 1573/1673/790 
f 1434/1680/651 1457/1681/674 1576/1682/793 1435/1683/652 
f 1454/1684/671 1577/1685/794 1576/1682/793 1457/1681/674 
f 1552/1629/769 1575/1679/792 1576/1682/793 1577/1685/794 
f 1438/1678/655 1435/1683/652 1576/1682/793 1575/1679/792 
f 1450/1686/667 1473/1687/690 1578/1688/795 1451/1689/668 
f 1470/1690/687 1579/1691/796 1578/1688/795 1473/1687/690 
f 1552/1629/769 1577/1685/794 1578/1688/795 1579/1691/796 
f 1454/1684/671 1451/1689/668 1578/1688/795 1577/1685/794 
f 1466/1692/683 1489/1693/706 1580/1694/797 1467/1695/684 
f 1486/1696/703 1581/1697/798 1580/1694/797 1489/1693/706 
f 1552/1629/769 1579/1691/796 1580/1694/797 1581/1697/798 
f 1470/1690/687 1467/1695/684 1580/1694/797 1579/1691/796 
f 1482/1698/699 1505/1699/722 1582/1700/799 1483/1701/700 
f 1502/1702/719 1583/1703/800 1582/1700/799 1505/1699/722 
f 1552/1629/769 1581/1697/798 1582/1700/799 1583/1703/800 
f 1486/1696/703 1483/1701/700 1582/1700/799 1581/1697/798 
f 1498/1704/715 1521/1705/738 1584/1706/801 1499/1707/716 
f 1518/1708/735 1585/1709/802 1584/1706/801 1521/1705/738 
f 1552/1629/769 1583/1703/800 1584/1706/801 1585/1709/802 
f 1502/1702/719 1499/1707/716 1584/1706/801 1583/1703/800 
f 1514/1710/731 1537/1711/754 1586/1712/803 1515/1713/732 
f 1534/1631/751 1553/1630/770 1586/1712/803 1537/1711/754 
f 1552/1629/769 1585/1709/802 1586/1712/803 1553/1630/770 
f 1518/1708/735 1515/1713/732 1586/1712/803 1585/1709/802 
# 1584 polygons

#
# object Star002
#

v  1.5259 0.0000 -0.0000
v  3.0254 0.0000 -1.7467
v  0.7630 0.0000 -1.3215
v  -0.0000 0.0000 -3.4935
v  -0.7630 0.0000 -1.3215
v  -3.0254 0.0000 -1.7467
v  -1.5259 0.0000 0.0000
v  -3.0254 0.0000 1.7467
v  -0.7630 0.0000 1.3215
v  0.0000 0.0000 3.4935
v  0.7630 0.0000 1.3215
v  3.0254 0.0000 1.7467
# 12 vertices

vn 0.0000 1.0000 -0.0000
vn 0.0000 -1.0000 -0.0000
vn 1.0000 0.0000 -0.0000
# 3 vertex normals

o Star002
g Star002
usemtl wire_224086086
s 1
f 1587//804 1588//805 1588//804 1587//805 
s 4
f 1588//805 1589//805 1589//804 1588//804 
s 2
f 1589//805 1590//806 1590//806 1589//804 
s 4
f 1590//806 1591//805 1591//804 1590//806 
s 2
f 1591//805 1592//804 1592//805 1591//804 
s 4
f 1592//804 1593//804 1593//805 1592//805 
s 2
f 1593//804 1594//806 1594//806 1593//805 
s 4
f 1594//806 1595//805 1595//804 1594//806 
s 2
f 1595//805 1596//804 1596//805 1595//804 
s 4
f 1596//804 1597//805 1597//804 1596//805 
s 2
f 1597//805 1598//804 1598//805 1597//804 
s 4
f 1598//804 1587//804 1587//805 1598//805 
s 16
f 1587//804 1598//804 1597//805 1596//804 1595//805 1594//806 1593//804 1592//804 1591//805 1590//806 1589//805 1588//805 
f 1587//805 1588//804 1589//804 1590//806 1591//804 1592//805 1593//805 1594//806 1595//804 1596//805 1597//804 1598//805 
# 14 polygons

