# 3ds Max Wavefront OBJ Exporter v0.97b - (c)2007 guruware
# ´´½¨µÄÎÄ¼ş:23.05.2022 14:38:29

mtllib star.mtl

#
# object Cylinder001
#

v  -17.7504 0.0020 9.0219
v  -18.6463 0.0017 9.3847
v  -20.6451 0.0010 7.9683
v  -18.2035 0.0017 8.1681
v  -19.6523 0.0015 10.0266
v  -22.4076 0.0007 8.4358
v  -27.6049 0.0001 5.4351
v  -21.6948 0.0007 6.4772
v  -18.5615 0.0015 7.0297
v  -19.5715 0.0020 12.1760
v  -20.5374 0.0017 12.2105
v  -21.9313 0.0010 10.1959
v  -19.7052 0.0017 11.2188
v  -21.7023 0.0015 12.4696
v  -23.7474 0.0007 10.0324
v  -22.3615 0.0020 14.5171
v  -23.2809 0.0017 14.2192
v  -23.9017 0.0010 11.8493
v  -22.1597 0.0017 13.5719
v  -24.4642 0.0015 14.0642
v  -25.5524 0.0007 11.0745
v  -25.7839 0.0020 15.7627
v  -26.5460 0.0017 15.1683
v  -26.3188 0.0010 12.7291
v  -25.2711 0.0017 14.9435
v  -27.6049 0.0015 14.6180
v  -27.6049 0.0007 11.4364
v  -29.4260 0.0020 15.7627
v  -29.9388 0.0017 14.9435
v  -28.8911 0.0010 12.7291
v  -28.6639 0.0017 15.1683
v  -30.7457 0.0015 14.0642
v  -29.6575 0.0007 11.0745
v  -32.8484 0.0020 14.5171
v  -33.0501 0.0017 13.5718
v  -31.3082 0.0010 11.8493
v  -31.9290 0.0017 14.2192
v  -33.5076 0.0015 12.4696
v  -31.4625 0.0007 10.0324
v  -35.6384 0.0020 12.1760
v  -35.5047 0.0017 11.2188
v  -33.2786 0.0010 10.1959
v  -34.6725 0.0017 12.2105
v  -35.5576 0.0015 10.0266
v  -32.8022 0.0007 8.4358
v  -37.4595 0.0020 9.0219
v  -37.0064 0.0017 8.1681
v  -34.5648 0.0010 7.9683
v  -36.5636 0.0017 9.3847
v  -36.6484 0.0015 7.0297
v  -33.5151 0.0007 6.4772
v  -38.0919 0.0020 5.4351
v  -37.3742 0.0017 4.7878
v  -35.0114 0.0010 5.4351
v  -37.3742 0.0017 6.0824
v  -36.6484 0.0015 3.8405
v  -33.5151 0.0007 4.3930
v  -37.4595 0.0020 1.8484
v  -36.5636 0.0017 1.4856
v  -34.5648 0.0010 2.9019
v  -37.0064 0.0017 2.7021
v  -35.5576 0.0015 0.8436
v  -32.8022 0.0007 2.4344
v  -35.6384 0.0020 -1.3058
v  -34.6725 0.0017 -1.3403
v  -33.2786 0.0010 0.6743
v  -35.5047 0.0017 -0.3486
v  -33.5076 0.0015 -1.5994
v  -31.4625 0.0007 0.8378
v  -32.8484 0.0020 -3.6469
v  -31.9290 0.0017 -3.3489
v  -31.3082 0.0010 -0.9791
v  -33.0501 0.0017 -2.7016
v  -30.7457 0.0015 -3.1940
v  -29.6575 0.0007 -0.2043
v  -29.4260 0.0020 -4.8925
v  -28.6639 0.0017 -4.2981
v  -28.8911 0.0010 -1.8589
v  -29.9388 0.0017 -4.0733
v  -27.6049 0.0015 -3.7478
v  -27.6049 0.0007 -0.5662
v  -25.7839 0.0020 -4.8925
v  -25.2711 0.0017 -4.0733
v  -26.3188 0.0010 -1.8589
v  -26.5460 0.0017 -4.2981
v  -24.4642 0.0015 -3.1940
v  -25.5524 0.0007 -0.2043
v  -22.3615 0.0020 -3.6469
v  -22.1597 0.0017 -2.7016
v  -23.9017 0.0010 -0.9791
v  -23.2809 0.0017 -3.3489
v  -21.7023 0.0015 -1.5994
v  -23.7474 0.0007 0.8378
v  -19.5715 0.0020 -1.3058
v  -19.7052 0.0017 -0.3486
v  -21.9312 0.0010 0.6743
v  -20.5374 0.0017 -1.3403
v  -19.6523 0.0015 0.8436
v  -22.4076 0.0007 2.4344
v  -17.7504 0.0020 1.8484
v  -18.2035 0.0017 2.7021
v  -20.6451 0.0010 2.9019
v  -18.6463 0.0017 1.4856
v  -18.5615 0.0015 3.8405
v  -21.6948 0.0007 4.3930
v  -17.1180 0.0020 5.4351
v  -17.8357 0.0017 6.0824
v  -20.1985 0.0010 5.4351
v  -17.8357 0.0017 4.7878
v  -16.2861 0.0028 4.4812
v  -16.0367 0.0029 5.4351
v  -16.6246 0.0027 3.4990
v  -15.6205 0.0043 3.3219
v  -15.4288 0.0043 4.3790
v  -15.3304 0.0043 5.4351
v  -16.7344 0.0029 1.4785
v  -16.6424 0.0028 2.4602
v  -16.0707 0.0043 1.2370
v  -15.8019 0.0043 2.2631
v  -15.8494 0.0083 1.1565
v  -15.5217 0.0083 2.1973
v  -15.5217 0.0062 2.1973
v  -15.8494 0.0062 1.1564
v  -15.2858 0.0083 3.2629
v  -15.2858 0.0062 3.2629
v  -15.0950 0.0083 5.4351
v  -15.0950 0.0062 5.4351
v  -15.1430 0.0062 4.3449
v  -15.1430 0.0083 4.3449
v  -17.2950 0.0028 0.6674
v  -17.9490 0.0027 -0.1398
v  -17.0660 0.0043 -0.6496
v  -16.5243 0.0043 0.2782
v  -18.7432 0.0029 -2.0008
v  -18.3210 0.0028 -1.1098
v  -18.2021 0.0043 -2.4548
v  -17.5986 0.0043 -1.5825
v  -18.0218 0.0083 -2.6061
v  -17.3578 0.0083 -1.7401
v  -17.3578 0.0062 -1.7401
v  -18.0218 0.0062 -2.6061
v  -16.7716 0.0083 -0.8195
v  -16.7716 0.0062 -0.8195
v  -16.2675 0.0062 0.1484
v  -16.2675 0.0083 0.1484
v  -19.5474 0.0028 -2.5713
v  -20.4380 0.0027 -3.1061
v  -19.7826 0.0043 -3.8872
v  -18.9564 0.0043 -3.2006
v  -21.8208 0.0029 -4.5833
v  -21.1194 0.0028 -3.8903
v  -21.4677 0.0043 -5.1949
v  -20.6022 0.0043 -4.5817
v  -21.3500 0.0083 -5.3988
v  -20.4298 0.0083 -4.8121
v  -20.4298 0.0062 -4.8121
v  -21.3500 0.0062 -5.3988
v  -19.5642 0.0083 -4.1475
v  -19.5642 0.0062 -4.1475
v  -18.7593 0.0062 -3.4104
v  -18.7593 0.0083 -3.4104
v  -22.7717 0.0028 -4.8443
v  -23.7915 0.0027 -5.0422
v  -23.4428 0.0043 -6.0003
v  -22.4315 0.0043 -5.6378
v  -25.5961 0.0029 -5.9574
v  -24.7000 0.0028 -5.5461
v  -25.4735 0.0043 -6.6529
v  -24.4505 0.0043 -6.3727
v  -25.4326 0.0083 -6.8848
v  -24.3673 0.0083 -6.6482
v  -24.3673 0.0062 -6.6482
v  -25.4326 0.0062 -6.8848
v  -23.3265 0.0083 -6.3197
v  -23.3265 0.0062 -6.3197
v  -22.3181 0.0062 -5.9023
v  -22.3181 0.0083 -5.9023
v  -26.5789 0.0028 -5.8774
v  -27.6049 0.0027 -5.7147
v  -27.6049 0.0043 -6.7342
v  -26.5307 0.0043 -6.7394
v  -29.6137 0.0029 -5.9574
v  -28.6310 0.0028 -5.8774
v  -29.7364 0.0043 -6.6529
v  -28.6792 0.0043 -6.7394
v  -29.7773 0.0083 -6.8848
v  -28.6953 0.0083 -7.0268
v  -28.6953 0.0062 -7.0268
v  -29.7773 0.0062 -6.8848
v  -27.6049 0.0083 -7.0741
v  -27.6049 0.0062 -7.0741
v  -26.5146 0.0062 -7.0268
v  -26.5146 0.0083 -7.0268
v  -30.5099 0.0028 -5.5461
v  -31.4184 0.0027 -5.0422
v  -31.7671 0.0043 -6.0003
v  -30.7594 0.0043 -6.3726
v  -33.3891 0.0029 -4.5833
v  -32.4382 0.0028 -4.8443
v  -33.7422 0.0043 -5.1949
v  -32.7784 0.0043 -5.6378
v  -33.8599 0.0083 -5.3988
v  -32.8917 0.0083 -5.9023
v  -32.8917 0.0062 -5.9023
v  -33.8599 0.0062 -5.3988
v  -31.8833 0.0083 -6.3197
v  -31.8833 0.0062 -6.3197
v  -30.8426 0.0062 -6.6482
v  -30.8426 0.0083 -6.6482
v  -34.0905 0.0028 -3.8903
v  -34.7719 0.0027 -3.1061
v  -35.4273 0.0043 -3.8872
v  -34.6077 0.0043 -4.5817
v  -36.4667 0.0029 -2.0008
v  -35.6625 0.0028 -2.5713
v  -37.0078 0.0043 -2.4548
v  -36.2535 0.0043 -3.2006
v  -37.1881 0.0083 -2.6061
v  -36.4505 0.0083 -3.4104
v  -36.4505 0.0062 -3.4104
v  -37.1881 0.0062 -2.6061
v  -35.6457 0.0083 -4.1475
v  -35.6457 0.0062 -4.1475
v  -34.7800 0.0062 -4.8121
v  -34.7800 0.0083 -4.8121
v  -36.8889 0.0028 -1.1098
v  -37.2609 0.0027 -0.1398
v  -38.1439 0.0043 -0.6496
v  -37.6113 0.0043 -1.5825
v  -38.4755 0.0029 1.4785
v  -37.9149 0.0028 0.6674
v  -39.1392 0.0043 1.2370
v  -38.6855 0.0043 0.2782
v  -39.3605 0.0083 1.1564
v  -38.9424 0.0083 0.1484
v  -38.9424 0.0062 0.1484
v  -39.3605 0.0062 1.1564
v  -38.4382 0.0083 -0.8195
v  -38.4382 0.0062 -0.8195
v  -37.8521 0.0062 -1.7401
v  -37.8521 0.0083 -1.7401
v  -38.5674 0.0028 2.4602
v  -38.5853 0.0027 3.4990
v  -39.5894 0.0043 3.3219
v  -39.4080 0.0043 2.2631
v  -39.1732 0.0029 5.4351
v  -38.9238 0.0028 4.4812
v  -39.8795 0.0043 5.4351
v  -39.7811 0.0043 4.3790
v  -40.1149 0.0083 5.4351
v  -40.0668 0.0083 4.3449
v  -40.0668 0.0062 4.3449
v  -40.1149 0.0062 5.4351
v  -39.9241 0.0083 3.2629
v  -39.9241 0.0062 3.2629
v  -39.6882 0.0062 2.1973
v  -39.6882 0.0083 2.1973
v  -38.9238 0.0028 6.3890
v  -38.5853 0.0027 7.3712
v  -39.5894 0.0043 7.5483
v  -39.7811 0.0043 6.4912
v  -38.4755 0.0029 9.3917
v  -38.5674 0.0028 8.4100
v  -39.1392 0.0043 9.6332
v  -39.4080 0.0043 8.6071
v  -39.3605 0.0083 9.7138
v  -39.6882 0.0083 8.6729
v  -39.6882 0.0062 8.6729
v  -39.3605 0.0062 9.7138
v  -39.9241 0.0083 7.6073
v  -39.9241 0.0062 7.6073
v  -40.0668 0.0062 6.5253
v  -40.0668 0.0083 6.5253
v  -37.9149 0.0028 10.2028
v  -37.2609 0.0027 11.0100
v  -38.1439 0.0043 11.5198
v  -38.6855 0.0043 10.5920
v  -36.4667 0.0029 12.8710
v  -36.8889 0.0028 11.9800
v  -37.0078 0.0043 13.3250
v  -37.6113 0.0043 12.4527
v  -37.1881 0.0083 13.4764
v  -37.8521 0.0083 12.6103
v  -37.8521 0.0062 12.6103
v  -37.1881 0.0062 13.4764
v  -38.4382 0.0083 11.6897
v  -38.4382 0.0062 11.6897
v  -38.9424 0.0062 10.7218
v  -38.9424 0.0083 10.7218
v  -35.6625 0.0028 13.4415
v  -34.7719 0.0027 13.9763
v  -35.4273 0.0043 14.7574
v  -36.2535 0.0043 14.0708
v  -33.3891 0.0029 15.4535
v  -34.0905 0.0028 14.7605
v  -33.7422 0.0043 16.0652
v  -34.6077 0.0043 15.4519
v  -33.8599 0.0083 16.2691
v  -34.7800 0.0083 15.6823
v  -34.7800 0.0062 15.6823
v  -33.8599 0.0062 16.2690
v  -35.6457 0.0083 15.0177
v  -35.6457 0.0062 15.0177
v  -36.4505 0.0062 14.2806
v  -36.4505 0.0083 14.2806
v  -32.4382 0.0028 15.7145
v  -31.4184 0.0027 15.9125
v  -31.7671 0.0043 16.8706
v  -32.7784 0.0043 16.5080
v  -29.6138 0.0029 16.8276
v  -30.5099 0.0028 16.4163
v  -29.7364 0.0043 17.5232
v  -30.7594 0.0043 17.2429
v  -29.7773 0.0083 17.7550
v  -30.8426 0.0083 17.5184
v  -30.8426 0.0062 17.5184
v  -29.7773 0.0062 17.7550
v  -31.8834 0.0083 17.1899
v  -31.8834 0.0062 17.1899
v  -32.8917 0.0062 16.7725
v  -32.8917 0.0083 16.7725
v  -28.6310 0.0028 16.7476
v  -27.6049 0.0027 16.5849
v  -27.6049 0.0043 17.6045
v  -28.6792 0.0043 17.6097
v  -25.5961 0.0029 16.8276
v  -26.5789 0.0028 16.7476
v  -25.4735 0.0043 17.5232
v  -26.5307 0.0043 17.6097
v  -25.4326 0.0083 17.7550
v  -26.5146 0.0083 17.8970
v  -26.5146 0.0062 17.8970
v  -25.4326 0.0062 17.7550
v  -27.6049 0.0083 17.9443
v  -27.6049 0.0062 17.9443
v  -28.6953 0.0062 17.8970
v  -28.6953 0.0083 17.8970
v  -24.7000 0.0028 16.4163
v  -23.7915 0.0027 15.9125
v  -23.4428 0.0043 16.8706
v  -24.4505 0.0043 17.2429
v  -21.8208 0.0029 15.4535
v  -22.7717 0.0028 15.7145
v  -21.4677 0.0043 16.0652
v  -22.4315 0.0043 16.5080
v  -21.3500 0.0083 16.2691
v  -22.3181 0.0083 16.7725
v  -22.3181 0.0062 16.7725
v  -21.3500 0.0062 16.2691
v  -23.3265 0.0083 17.1899
v  -23.3265 0.0062 17.1899
v  -24.3673 0.0062 17.5184
v  -24.3673 0.0083 17.5184
v  -21.1194 0.0028 14.7606
v  -20.4380 0.0027 13.9763
v  -19.7826 0.0043 14.7574
v  -20.6022 0.0043 15.4519
v  -18.7432 0.0029 12.8710
v  -19.5474 0.0028 13.4415
v  -18.2021 0.0043 13.3250
v  -18.9564 0.0043 14.0708
v  -18.0218 0.0083 13.4764
v  -18.7594 0.0083 14.2806
v  -18.7594 0.0062 14.2806
v  -18.0218 0.0062 13.4764
v  -19.5642 0.0083 15.0177
v  -19.5642 0.0062 15.0177
v  -20.4298 0.0062 15.6823
v  -20.4298 0.0083 15.6823
v  -18.3210 0.0028 11.9800
v  -17.9490 0.0027 11.0100
v  -17.0660 0.0043 11.5198
v  -17.5986 0.0043 12.4527
v  -16.7344 0.0029 9.3917
v  -17.2950 0.0028 10.2028
v  -16.0707 0.0043 9.6333
v  -16.5243 0.0043 10.5920
v  -15.8494 0.0083 9.7138
v  -16.2675 0.0083 10.7218
v  -16.2675 0.0062 10.7218
v  -15.8494 0.0062 9.7138
v  -16.7716 0.0083 11.6897
v  -16.7716 0.0062 11.6897
v  -17.3578 0.0062 12.6103
v  -17.3578 0.0083 12.6103
v  -16.6424 0.0028 8.4100
v  -16.6246 0.0027 7.3712
v  -15.6205 0.0043 7.5483
v  -15.8019 0.0043 8.6071
v  -16.2861 0.0028 6.3890
v  -15.4288 0.0043 6.4913
v  -15.1430 0.0083 6.5253
v  -15.1430 0.0062 6.5253
v  -15.2858 0.0083 7.6073
v  -15.2858 0.0062 7.6073
v  -15.5217 0.0062 8.6729
v  -15.5217 0.0083 8.6729
v  -15.1430 0.0103 4.3449
v  -15.0950 0.0103 5.4351
v  -15.2858 0.0103 3.2629
v  -15.2858 0.0124 3.2629
v  -15.1430 0.0124 4.3449
v  -15.0950 0.0124 5.4351
v  -15.8494 0.0103 1.1564
v  -15.5217 0.0103 2.1973
v  -15.8494 0.0124 1.1564
v  -15.5217 0.0124 2.1973
v  -15.8494 0.0165 1.1565
v  -15.5217 0.0165 2.1973
v  -15.5217 0.0145 2.1973
v  -15.8494 0.0145 1.1564
v  -15.2858 0.0165 3.2629
v  -15.2858 0.0145 3.2629
v  -15.0950 0.0165 5.4351
v  -15.0950 0.0145 5.4351
v  -15.1430 0.0145 4.3449
v  -15.1430 0.0165 4.3449
v  -16.2675 0.0103 0.1484
v  -16.7716 0.0103 -0.8195
v  -16.7716 0.0124 -0.8195
v  -16.2675 0.0124 0.1484
v  -18.0218 0.0103 -2.6061
v  -17.3578 0.0103 -1.7401
v  -18.0218 0.0124 -2.6061
v  -17.3578 0.0124 -1.7401
v  -18.0218 0.0165 -2.6061
v  -17.3578 0.0165 -1.7401
v  -17.3578 0.0145 -1.7401
v  -18.0218 0.0145 -2.6061
v  -16.7716 0.0165 -0.8195
v  -16.7716 0.0145 -0.8195
v  -16.2675 0.0145 0.1484
v  -16.2675 0.0165 0.1484
v  -18.7593 0.0103 -3.4104
v  -19.5642 0.0103 -4.1475
v  -19.5642 0.0124 -4.1475
v  -18.7593 0.0124 -3.4104
v  -21.3500 0.0103 -5.3988
v  -20.4298 0.0103 -4.8121
v  -21.3500 0.0124 -5.3988
v  -20.4298 0.0124 -4.8121
v  -21.3500 0.0165 -5.3988
v  -20.4298 0.0165 -4.8121
v  -20.4298 0.0145 -4.8121
v  -21.3500 0.0145 -5.3988
v  -19.5642 0.0165 -4.1475
v  -19.5642 0.0145 -4.1475
v  -18.7593 0.0145 -3.4104
v  -18.7593 0.0165 -3.4104
v  -22.3181 0.0103 -5.9023
v  -23.3265 0.0103 -6.3197
v  -23.3265 0.0124 -6.3197
v  -22.3181 0.0124 -5.9023
v  -25.4326 0.0103 -6.8848
v  -24.3673 0.0103 -6.6482
v  -25.4326 0.0124 -6.8848
v  -24.3673 0.0124 -6.6482
v  -25.4326 0.0165 -6.8848
v  -24.3673 0.0165 -6.6482
v  -24.3673 0.0145 -6.6482
v  -25.4326 0.0145 -6.8848
v  -23.3265 0.0165 -6.3197
v  -23.3265 0.0145 -6.3197
v  -22.3181 0.0145 -5.9023
v  -22.3181 0.0165 -5.9023
v  -26.5146 0.0103 -7.0268
v  -27.6049 0.0103 -7.0741
v  -27.6049 0.0124 -7.0741
v  -26.5146 0.0124 -7.0268
v  -29.7773 0.0103 -6.8848
v  -28.6953 0.0103 -7.0268
v  -29.7773 0.0124 -6.8848
v  -28.6953 0.0124 -7.0268
v  -29.7773 0.0165 -6.8848
v  -28.6953 0.0165 -7.0268
v  -28.6953 0.0145 -7.0268
v  -29.7773 0.0145 -6.8848
v  -27.6049 0.0165 -7.0741
v  -27.6049 0.0145 -7.0741
v  -26.5146 0.0145 -7.0268
v  -26.5146 0.0165 -7.0268
v  -30.8426 0.0103 -6.6482
v  -31.8833 0.0103 -6.3197
v  -31.8833 0.0124 -6.3197
v  -30.8426 0.0124 -6.6482
v  -33.8599 0.0103 -5.3988
v  -32.8917 0.0103 -5.9023
v  -33.8599 0.0124 -5.3988
v  -32.8917 0.0124 -5.9023
v  -33.8599 0.0165 -5.3988
v  -32.8917 0.0165 -5.9023
v  -32.8917 0.0145 -5.9023
v  -33.8599 0.0145 -5.3988
v  -31.8833 0.0165 -6.3197
v  -31.8833 0.0145 -6.3197
v  -30.8426 0.0145 -6.6482
v  -30.8426 0.0165 -6.6482
v  -34.7800 0.0103 -4.8121
v  -35.6457 0.0103 -4.1475
v  -35.6457 0.0124 -4.1475
v  -34.7800 0.0124 -4.8121
v  -37.1881 0.0103 -2.6061
v  -36.4505 0.0103 -3.4104
v  -37.1881 0.0124 -2.6061
v  -36.4505 0.0124 -3.4104
v  -37.1881 0.0165 -2.6061
v  -36.4505 0.0165 -3.4104
v  -36.4505 0.0145 -3.4104
v  -37.1881 0.0145 -2.6061
v  -35.6457 0.0165 -4.1475
v  -35.6457 0.0145 -4.1475
v  -34.7800 0.0145 -4.8121
v  -34.7800 0.0165 -4.8121
v  -37.8521 0.0103 -1.7401
v  -38.4382 0.0103 -0.8195
v  -38.4382 0.0124 -0.8195
v  -37.8521 0.0124 -1.7401
v  -39.3605 0.0103 1.1564
v  -38.9424 0.0103 0.1484
v  -39.3605 0.0124 1.1564
v  -38.9424 0.0124 0.1484
v  -39.3605 0.0165 1.1564
v  -38.9424 0.0165 0.1484
v  -38.9424 0.0145 0.1484
v  -39.3605 0.0145 1.1564
v  -38.4382 0.0165 -0.8195
v  -38.4382 0.0145 -0.8195
v  -37.8521 0.0145 -1.7401
v  -37.8521 0.0165 -1.7401
v  -39.6882 0.0103 2.1973
v  -39.9241 0.0103 3.2629
v  -39.9241 0.0124 3.2629
v  -39.6882 0.0124 2.1973
v  -40.1149 0.0103 5.4351
v  -40.0668 0.0103 4.3449
v  -40.1149 0.0124 5.4351
v  -40.0668 0.0124 4.3449
v  -40.1149 0.0165 5.4351
v  -40.0668 0.0165 4.3449
v  -40.0668 0.0145 4.3449
v  -40.1149 0.0145 5.4351
v  -39.9241 0.0165 3.2629
v  -39.9241 0.0145 3.2629
v  -39.6882 0.0145 2.1973
v  -39.6882 0.0165 2.1973
v  -40.0668 0.0103 6.5253
v  -39.9241 0.0103 7.6073
v  -39.9241 0.0124 7.6073
v  -40.0668 0.0124 6.5253
v  -39.3605 0.0103 9.7138
v  -39.6882 0.0103 8.6729
v  -39.3605 0.0124 9.7138
v  -39.6882 0.0124 8.6729
v  -39.3605 0.0165 9.7138
v  -39.6882 0.0165 8.6729
v  -39.6882 0.0145 8.6729
v  -39.3605 0.0145 9.7138
v  -39.9241 0.0165 7.6073
v  -39.9241 0.0145 7.6073
v  -40.0668 0.0145 6.5253
v  -40.0668 0.0165 6.5253
v  -38.9424 0.0103 10.7218
v  -38.4382 0.0103 11.6897
v  -38.4382 0.0124 11.6897
v  -38.9424 0.0124 10.7218
v  -37.1881 0.0103 13.4764
v  -37.8521 0.0103 12.6103
v  -37.1881 0.0124 13.4764
v  -37.8521 0.0124 12.6103
v  -37.1881 0.0165 13.4764
v  -37.8521 0.0165 12.6103
v  -37.8521 0.0145 12.6103
v  -37.1881 0.0145 13.4764
v  -38.4382 0.0165 11.6897
v  -38.4382 0.0145 11.6897
v  -38.9424 0.0145 10.7218
v  -38.9424 0.0165 10.7218
v  -36.4505 0.0103 14.2806
v  -35.6457 0.0103 15.0177
v  -35.6457 0.0124 15.0177
v  -36.4505 0.0124 14.2806
v  -33.8599 0.0103 16.2690
v  -34.7800 0.0103 15.6823
v  -33.8599 0.0124 16.2691
v  -34.7800 0.0124 15.6823
v  -33.8599 0.0165 16.2691
v  -34.7800 0.0165 15.6823
v  -34.7800 0.0145 15.6823
v  -33.8599 0.0145 16.2690
v  -35.6457 0.0165 15.0177
v  -35.6457 0.0145 15.0177
v  -36.4505 0.0145 14.2806
v  -36.4505 0.0165 14.2806
v  -32.8917 0.0103 16.7725
v  -31.8834 0.0103 17.1899
v  -31.8834 0.0124 17.1899
v  -32.8917 0.0124 16.7725
v  -29.7773 0.0103 17.7550
v  -30.8426 0.0103 17.5184
v  -29.7773 0.0124 17.7550
v  -30.8426 0.0124 17.5184
v  -29.7773 0.0165 17.7550
v  -30.8426 0.0165 17.5184
v  -30.8426 0.0145 17.5184
v  -29.7773 0.0145 17.7550
v  -31.8834 0.0165 17.1899
v  -31.8834 0.0145 17.1899
v  -32.8917 0.0145 16.7725
v  -32.8917 0.0165 16.7725
v  -28.6953 0.0103 17.8970
v  -27.6049 0.0103 17.9443
v  -27.6049 0.0124 17.9443
v  -28.6953 0.0124 17.8970
v  -25.4326 0.0103 17.7550
v  -26.5146 0.0103 17.8970
v  -25.4326 0.0124 17.7550
v  -26.5146 0.0124 17.8970
v  -25.4326 0.0165 17.7550
v  -26.5146 0.0165 17.8970
v  -26.5146 0.0145 17.8970
v  -25.4326 0.0145 17.7550
v  -27.6049 0.0165 17.9443
v  -27.6049 0.0145 17.9443
v  -28.6953 0.0145 17.8970
v  -28.6953 0.0165 17.8970
v  -24.3673 0.0103 17.5184
v  -23.3265 0.0103 17.1899
v  -23.3265 0.0124 17.1899
v  -24.3673 0.0124 17.5184
v  -21.3500 0.0103 16.2691
v  -22.3181 0.0103 16.7725
v  -21.3500 0.0124 16.2691
v  -22.3181 0.0124 16.7725
v  -21.3500 0.0165 16.2691
v  -22.3181 0.0165 16.7725
v  -22.3181 0.0145 16.7725
v  -21.3500 0.0145 16.2691
v  -23.3265 0.0165 17.1899
v  -23.3265 0.0145 17.1899
v  -24.3673 0.0145 17.5184
v  -24.3673 0.0165 17.5184
v  -20.4298 0.0103 15.6823
v  -19.5642 0.0103 15.0177
v  -19.5642 0.0124 15.0177
v  -20.4298 0.0124 15.6823
v  -18.0218 0.0103 13.4764
v  -18.7594 0.0103 14.2806
v  -18.0218 0.0124 13.4764
v  -18.7594 0.0124 14.2806
v  -18.0218 0.0165 13.4764
v  -18.7594 0.0165 14.2806
v  -18.7594 0.0145 14.2806
v  -18.0218 0.0145 13.4764
v  -19.5642 0.0165 15.0177
v  -19.5642 0.0145 15.0177
v  -20.4298 0.0145 15.6823
v  -20.4298 0.0165 15.6823
v  -17.3578 0.0103 12.6103
v  -16.7716 0.0103 11.6897
v  -16.7716 0.0124 11.6897
v  -17.3578 0.0124 12.6103
v  -15.8494 0.0103 9.7138
v  -16.2675 0.0103 10.7218
v  -15.8494 0.0124 9.7138
v  -16.2675 0.0124 10.7218
v  -15.8494 0.0165 9.7138
v  -16.2675 0.0165 10.7218
v  -16.2675 0.0145 10.7218
v  -15.8494 0.0145 9.7138
v  -16.7716 0.0165 11.6897
v  -16.7716 0.0145 11.6897
v  -17.3578 0.0145 12.6103
v  -17.3578 0.0165 12.6103
v  -15.5217 0.0103 8.6729
v  -15.2858 0.0103 7.6073
v  -15.2858 0.0124 7.6073
v  -15.5217 0.0124 8.6729
v  -15.1430 0.0103 6.5253
v  -15.1430 0.0124 6.5253
v  -15.1430 0.0165 6.5253
v  -15.1430 0.0145 6.5253
v  -15.2858 0.0165 7.6073
v  -15.2858 0.0145 7.6073
v  -15.5217 0.0145 8.6729
v  -15.5217 0.0165 8.6729
v  -15.1430 0.0186 4.3449
v  -15.0950 0.0186 5.4351
v  -15.2858 0.0186 3.2629
v  -15.2858 0.0207 3.2629
v  -15.1430 0.0207 4.3449
v  -15.0950 0.0207 5.4351
v  -15.8494 0.0186 1.1564
v  -15.5217 0.0186 2.1973
v  -15.8494 0.0207 1.1564
v  -15.5217 0.0207 2.1973
v  -15.8494 0.0248 1.1565
v  -15.5217 0.0248 2.1973
v  -15.5217 0.0227 2.1973
v  -15.8494 0.0227 1.1564
v  -15.2858 0.0248 3.2629
v  -15.2858 0.0227 3.2629
v  -15.0950 0.0248 5.4351
v  -15.0950 0.0227 5.4351
v  -15.1430 0.0227 4.3449
v  -15.1430 0.0248 4.3449
v  -16.2675 0.0186 0.1484
v  -16.7716 0.0186 -0.8195
v  -16.7716 0.0207 -0.8195
v  -16.2675 0.0207 0.1484
v  -18.0218 0.0186 -2.6061
v  -17.3578 0.0186 -1.7401
v  -18.0218 0.0207 -2.6061
v  -17.3578 0.0207 -1.7401
v  -18.0218 0.0248 -2.6061
v  -17.3578 0.0248 -1.7401
v  -17.3578 0.0227 -1.7401
v  -18.0218 0.0227 -2.6061
v  -16.7716 0.0248 -0.8195
v  -16.7716 0.0227 -0.8195
v  -16.2675 0.0227 0.1484
v  -16.2675 0.0248 0.1484
v  -18.7593 0.0186 -3.4104
v  -19.5642 0.0186 -4.1475
v  -19.5642 0.0207 -4.1475
v  -18.7593 0.0207 -3.4104
v  -21.3500 0.0186 -5.3988
v  -20.4298 0.0186 -4.8121
v  -21.3500 0.0207 -5.3988
v  -20.4298 0.0207 -4.8121
v  -21.3500 0.0248 -5.3988
v  -20.4298 0.0248 -4.8121
v  -20.4298 0.0227 -4.8121
v  -21.3500 0.0227 -5.3988
v  -19.5642 0.0248 -4.1475
v  -19.5642 0.0227 -4.1475
v  -18.7593 0.0227 -3.4104
v  -18.7593 0.0248 -3.4104
v  -22.3181 0.0186 -5.9023
v  -23.3265 0.0186 -6.3197
v  -23.3265 0.0207 -6.3197
v  -22.3181 0.0207 -5.9023
v  -25.4326 0.0186 -6.8848
v  -24.3673 0.0186 -6.6482
v  -25.4326 0.0207 -6.8848
v  -24.3673 0.0207 -6.6482
v  -25.4326 0.0248 -6.8848
v  -24.3673 0.0248 -6.6482
v  -24.3673 0.0227 -6.6482
v  -25.4326 0.0227 -6.8848
v  -23.3265 0.0248 -6.3197
v  -23.3265 0.0227 -6.3197
v  -22.3181 0.0227 -5.9023
v  -22.3181 0.0248 -5.9023
v  -26.5146 0.0186 -7.0268
v  -27.6049 0.0186 -7.0741
v  -27.6049 0.0207 -7.0741
v  -26.5146 0.0207 -7.0268
v  -29.7773 0.0186 -6.8848
v  -28.6953 0.0186 -7.0268
v  -29.7773 0.0207 -6.8848
v  -28.6953 0.0207 -7.0268
v  -29.7773 0.0248 -6.8848
v  -28.6953 0.0248 -7.0268
v  -28.6953 0.0227 -7.0268
v  -29.7773 0.0227 -6.8848
v  -27.6049 0.0248 -7.0741
v  -27.6049 0.0227 -7.0741
v  -26.5146 0.0227 -7.0268
v  -26.5146 0.0248 -7.0268
v  -30.8426 0.0186 -6.6482
v  -31.8833 0.0186 -6.3197
v  -31.8833 0.0207 -6.3197
v  -30.8426 0.0207 -6.6482
v  -33.8599 0.0186 -5.3988
v  -32.8917 0.0186 -5.9023
v  -33.8599 0.0207 -5.3988
v  -32.8917 0.0207 -5.9023
v  -33.8599 0.0248 -5.3988
v  -32.8917 0.0248 -5.9023
v  -32.8917 0.0227 -5.9023
v  -33.8599 0.0227 -5.3988
v  -31.8833 0.0248 -6.3197
v  -31.8833 0.0227 -6.3197
v  -30.8426 0.0227 -6.6482
v  -30.8426 0.0248 -6.6482
v  -34.7800 0.0186 -4.8121
v  -35.6457 0.0186 -4.1475
v  -35.6457 0.0207 -4.1475
v  -34.7800 0.0207 -4.8121
v  -37.1881 0.0186 -2.6061
v  -36.4505 0.0186 -3.4104
v  -37.1881 0.0207 -2.6061
v  -36.4505 0.0207 -3.4104
v  -37.1881 0.0248 -2.6061
v  -36.4505 0.0248 -3.4104
v  -36.4505 0.0227 -3.4104
v  -37.1881 0.0227 -2.6061
v  -35.6457 0.0248 -4.1475
v  -35.6457 0.0227 -4.1475
v  -34.7800 0.0227 -4.8121
v  -34.7800 0.0248 -4.8121
v  -37.8521 0.0186 -1.7401
v  -38.4382 0.0186 -0.8195
v  -38.4382 0.0207 -0.8195
v  -37.8521 0.0207 -1.7401
v  -39.3605 0.0186 1.1564
v  -38.9424 0.0186 0.1484
v  -39.3605 0.0207 1.1564
v  -38.9424 0.0207 0.1484
v  -39.3605 0.0248 1.1564
v  -38.9424 0.0248 0.1484
v  -38.9424 0.0227 0.1484
v  -39.3605 0.0227 1.1564
v  -38.4382 0.0248 -0.8195
v  -38.4382 0.0227 -0.8195
v  -37.8521 0.0227 -1.7401
v  -37.8521 0.0248 -1.7401
v  -39.6882 0.0186 2.1973
v  -39.9241 0.0186 3.2629
v  -39.9241 0.0207 3.2629
v  -39.6882 0.0207 2.1973
v  -40.1149 0.0186 5.4351
v  -40.0668 0.0186 4.3449
v  -40.1149 0.0207 5.4351
v  -40.0668 0.0207 4.3449
v  -40.1149 0.0248 5.4351
v  -40.0668 0.0248 4.3449
v  -40.0668 0.0227 4.3449
v  -40.1149 0.0227 5.4351
v  -39.9241 0.0248 3.2629
v  -39.9241 0.0227 3.2629
v  -39.6882 0.0227 2.1973
v  -39.6882 0.0248 2.1973
v  -40.0668 0.0186 6.5253
v  -39.9241 0.0186 7.6073
v  -39.9241 0.0207 7.6073
v  -40.0668 0.0207 6.5253
v  -39.3605 0.0186 9.7138
v  -39.6882 0.0186 8.6729
v  -39.3605 0.0207 9.7138
v  -39.6882 0.0207 8.6729
v  -39.3605 0.0248 9.7138
v  -39.6882 0.0248 8.6729
v  -39.6882 0.0227 8.6729
v  -39.3605 0.0227 9.7138
v  -39.9241 0.0248 7.6073
v  -39.9241 0.0227 7.6073
v  -40.0668 0.0227 6.5253
v  -40.0668 0.0248 6.5253
v  -38.9424 0.0186 10.7218
v  -38.4382 0.0186 11.6897
v  -38.4382 0.0207 11.6897
v  -38.9424 0.0207 10.7218
v  -37.1881 0.0186 13.4764
v  -37.8521 0.0186 12.6103
v  -37.1881 0.0207 13.4764
v  -37.8521 0.0207 12.6103
v  -37.1881 0.0248 13.4764
v  -37.8521 0.0248 12.6103
v  -37.8521 0.0227 12.6103
v  -37.1881 0.0227 13.4764
v  -38.4382 0.0248 11.6897
v  -38.4382 0.0227 11.6897
v  -38.9424 0.0227 10.7218
v  -38.9424 0.0248 10.7218
v  -36.4505 0.0186 14.2806
v  -35.6457 0.0186 15.0177
v  -35.6457 0.0207 15.0177
v  -36.4505 0.0207 14.2806
v  -33.8599 0.0186 16.2690
v  -34.7800 0.0186 15.6823
v  -33.8599 0.0207 16.2691
v  -34.7800 0.0207 15.6823
v  -33.8599 0.0248 16.2691
v  -34.7800 0.0248 15.6823
v  -34.7800 0.0227 15.6823
v  -33.8599 0.0227 16.2690
v  -35.6457 0.0248 15.0177
v  -35.6457 0.0227 15.0177
v  -36.4505 0.0227 14.2806
v  -36.4505 0.0248 14.2806
v  -32.8917 0.0186 16.7725
v  -31.8834 0.0186 17.1899
v  -31.8834 0.0207 17.1899
v  -32.8917 0.0207 16.7725
v  -29.7773 0.0186 17.7550
v  -30.8426 0.0186 17.5184
v  -29.7773 0.0207 17.7550
v  -30.8426 0.0207 17.5184
v  -29.7773 0.0248 17.7550
v  -30.8426 0.0248 17.5184
v  -30.8426 0.0227 17.5184
v  -29.7773 0.0227 17.7550
v  -31.8834 0.0248 17.1899
v  -31.8834 0.0227 17.1899
v  -32.8917 0.0227 16.7725
v  -32.8917 0.0248 16.7725
v  -28.6953 0.0186 17.8970
v  -27.6049 0.0186 17.9443
v  -27.6049 0.0207 17.9443
v  -28.6953 0.0207 17.8970
v  -25.4326 0.0186 17.7550
v  -26.5146 0.0186 17.8970
v  -25.4326 0.0207 17.7550
v  -26.5146 0.0207 17.8970
v  -25.4326 0.0248 17.7550
v  -26.5146 0.0248 17.8970
v  -26.5146 0.0227 17.8970
v  -25.4326 0.0227 17.7550
v  -27.6049 0.0248 17.9443
v  -27.6049 0.0227 17.9443
v  -28.6953 0.0227 17.8970
v  -28.6953 0.0248 17.8970
v  -24.3673 0.0186 17.5184
v  -23.3265 0.0186 17.1899
v  -23.3265 0.0207 17.1899
v  -24.3673 0.0207 17.5184
v  -21.3500 0.0186 16.2691
v  -22.3181 0.0186 16.7725
v  -21.3500 0.0207 16.2691
v  -22.3181 0.0207 16.7725
v  -21.3500 0.0248 16.2691
v  -22.3181 0.0248 16.7725
v  -22.3181 0.0227 16.7725
v  -21.3500 0.0227 16.2691
v  -23.3265 0.0248 17.1899
v  -23.3265 0.0227 17.1899
v  -24.3673 0.0227 17.5184
v  -24.3673 0.0248 17.5184
v  -20.4298 0.0186 15.6823
v  -19.5642 0.0186 15.0177
v  -19.5642 0.0207 15.0177
v  -20.4298 0.0207 15.6823
v  -18.0218 0.0186 13.4764
v  -18.7594 0.0186 14.2806
v  -18.0218 0.0207 13.4764
v  -18.7594 0.0207 14.2806
v  -18.0218 0.0248 13.4764
v  -18.7594 0.0248 14.2806
v  -18.7594 0.0227 14.2806
v  -18.0218 0.0227 13.4764
v  -19.5642 0.0248 15.0177
v  -19.5642 0.0227 15.0177
v  -20.4298 0.0227 15.6823
v  -20.4298 0.0248 15.6823
v  -17.3578 0.0186 12.6103
v  -16.7716 0.0186 11.6897
v  -16.7716 0.0207 11.6897
v  -17.3578 0.0207 12.6103
v  -15.8494 0.0186 9.7138
v  -16.2675 0.0186 10.7218
v  -15.8494 0.0207 9.7138
v  -16.2675 0.0207 10.7218
v  -15.8494 0.0248 9.7138
v  -16.2675 0.0248 10.7218
v  -16.2675 0.0227 10.7218
v  -15.8494 0.0227 9.7138
v  -16.7716 0.0248 11.6897
v  -16.7716 0.0227 11.6897
v  -17.3578 0.0227 12.6103
v  -17.3578 0.0248 12.6103
v  -15.5217 0.0186 8.6729
v  -15.2858 0.0186 7.6073
v  -15.2858 0.0207 7.6073
v  -15.5217 0.0207 8.6729
v  -15.1430 0.0186 6.5253
v  -15.1430 0.0207 6.5253
v  -15.1430 0.0248 6.5253
v  -15.1430 0.0227 6.5253
v  -15.2858 0.0248 7.6073
v  -15.2858 0.0227 7.6073
v  -15.5217 0.0227 8.6729
v  -15.5217 0.0248 8.6729
v  -15.1430 0.0269 4.3449
v  -15.0950 0.0269 5.4351
v  -15.2858 0.0269 3.2629
v  -15.2858 0.0289 3.2629
v  -15.1430 0.0289 4.3449
v  -15.0950 0.0289 5.4351
v  -15.8494 0.0269 1.1564
v  -15.5217 0.0269 2.1973
v  -15.8494 0.0289 1.1564
v  -15.5217 0.0289 2.1973
v  -15.8494 0.0330 1.1565
v  -15.5217 0.0330 2.1973
v  -15.5217 0.0310 2.1973
v  -15.8494 0.0310 1.1564
v  -15.2858 0.0330 3.2629
v  -15.2858 0.0310 3.2629
v  -15.0950 0.0330 5.4351
v  -15.0950 0.0310 5.4351
v  -15.1430 0.0310 4.3449
v  -15.1430 0.0330 4.3449
v  -16.2675 0.0269 0.1484
v  -16.7716 0.0269 -0.8195
v  -16.7716 0.0289 -0.8195
v  -16.2675 0.0289 0.1484
v  -18.0218 0.0269 -2.6061
v  -17.3578 0.0269 -1.7401
v  -18.0218 0.0289 -2.6061
v  -17.3578 0.0289 -1.7401
v  -18.0218 0.0330 -2.6061
v  -17.3578 0.0330 -1.7401
v  -17.3578 0.0310 -1.7401
v  -18.0218 0.0310 -2.6061
v  -16.7716 0.0330 -0.8195
v  -16.7716 0.0310 -0.8195
v  -16.2675 0.0310 0.1484
v  -16.2675 0.0330 0.1484
v  -18.7593 0.0269 -3.4104
v  -19.5642 0.0269 -4.1475
v  -19.5642 0.0289 -4.1475
v  -18.7593 0.0289 -3.4104
v  -21.3500 0.0269 -5.3988
v  -20.4298 0.0269 -4.8121
v  -21.3500 0.0289 -5.3988
v  -20.4298 0.0289 -4.8121
v  -21.3500 0.0330 -5.3988
v  -20.4298 0.0330 -4.8121
v  -20.4298 0.0310 -4.8121
v  -21.3500 0.0310 -5.3988
v  -19.5642 0.0330 -4.1475
v  -19.5642 0.0310 -4.1475
v  -18.7593 0.0310 -3.4104
v  -18.7593 0.0330 -3.4104
v  -22.3181 0.0269 -5.9023
v  -23.3265 0.0269 -6.3197
v  -23.3265 0.0289 -6.3197
v  -22.3181 0.0289 -5.9023
v  -25.4326 0.0269 -6.8848
v  -24.3673 0.0269 -6.6482
v  -25.4326 0.0289 -6.8848
v  -24.3673 0.0289 -6.6482
v  -25.4326 0.0330 -6.8848
v  -24.3673 0.0330 -6.6482
v  -24.3673 0.0310 -6.6482
v  -25.4326 0.0310 -6.8848
v  -23.3265 0.0330 -6.3197
v  -23.3265 0.0310 -6.3197
v  -22.3181 0.0310 -5.9023
v  -22.3181 0.0330 -5.9023
v  -26.5146 0.0269 -7.0268
v  -27.6049 0.0269 -7.0741
v  -27.6049 0.0289 -7.0741
v  -26.5146 0.0289 -7.0268
v  -29.7773 0.0269 -6.8848
v  -28.6953 0.0269 -7.0268
v  -29.7773 0.0289 -6.8848
v  -28.6953 0.0289 -7.0268
v  -29.7773 0.0330 -6.8848
v  -28.6953 0.0330 -7.0268
v  -28.6953 0.0310 -7.0268
v  -29.7773 0.0310 -6.8848
v  -27.6049 0.0330 -7.0741
v  -27.6049 0.0310 -7.0741
v  -26.5146 0.0310 -7.0268
v  -26.5146 0.0330 -7.0268
v  -30.8426 0.0269 -6.6482
v  -31.8833 0.0269 -6.3197
v  -31.8833 0.0289 -6.3197
v  -30.8426 0.0289 -6.6482
v  -33.8599 0.0269 -5.3988
v  -32.8917 0.0269 -5.9023
v  -33.8599 0.0289 -5.3988
v  -32.8917 0.0289 -5.9023
v  -33.8599 0.0330 -5.3988
v  -32.8917 0.0330 -5.9023
v  -32.8917 0.0310 -5.9023
v  -33.8599 0.0310 -5.3988
v  -31.8833 0.0330 -6.3197
v  -31.8833 0.0310 -6.3197
v  -30.8426 0.0310 -6.6482
v  -30.8426 0.0330 -6.6482
v  -34.7800 0.0269 -4.8121
v  -35.6457 0.0269 -4.1475
v  -35.6457 0.0289 -4.1475
v  -34.7800 0.0289 -4.8121
v  -37.1881 0.0269 -2.6061
v  -36.4505 0.0269 -3.4104
v  -37.1881 0.0289 -2.6061
v  -36.4505 0.0289 -3.4104
v  -37.1881 0.0330 -2.6061
v  -36.4505 0.0330 -3.4104
v  -36.4505 0.0310 -3.4104
v  -37.1881 0.0310 -2.6061
v  -35.6457 0.0330 -4.1475
v  -35.6457 0.0310 -4.1475
v  -34.7800 0.0310 -4.8121
v  -34.7800 0.0330 -4.8121
v  -37.8521 0.0269 -1.7401
v  -38.4382 0.0269 -0.8195
v  -38.4382 0.0289 -0.8195
v  -37.8521 0.0289 -1.7401
v  -39.3605 0.0269 1.1564
v  -38.9424 0.0269 0.1484
v  -39.3605 0.0289 1.1564
v  -38.9424 0.0289 0.1484
v  -39.3605 0.0330 1.1564
v  -38.9424 0.0330 0.1484
v  -38.9424 0.0310 0.1484
v  -39.3605 0.0310 1.1564
v  -38.4382 0.0330 -0.8195
v  -38.4382 0.0310 -0.8195
v  -37.8521 0.0310 -1.7401
v  -37.8521 0.0330 -1.7401
v  -39.6882 0.0269 2.1973
v  -39.9241 0.0269 3.2629
v  -39.9241 0.0289 3.2629
v  -39.6882 0.0289 2.1973
v  -40.1149 0.0269 5.4351
v  -40.0668 0.0269 4.3449
v  -40.1149 0.0289 5.4351
v  -40.0668 0.0289 4.3449
v  -40.1149 0.0330 5.4351
v  -40.0668 0.0330 4.3449
v  -40.0668 0.0310 4.3449
v  -40.1149 0.0310 5.4351
v  -39.9241 0.0330 3.2629
v  -39.9241 0.0310 3.2629
v  -39.6882 0.0310 2.1973
v  -39.6882 0.0330 2.1973
v  -40.0668 0.0269 6.5253
v  -39.9241 0.0269 7.6073
v  -39.9241 0.0289 7.6073
v  -40.0668 0.0289 6.5253
v  -39.3605 0.0269 9.7138
v  -39.6882 0.0269 8.6729
v  -39.3605 0.0289 9.7138
v  -39.6882 0.0289 8.6729
v  -39.3605 0.0330 9.7138
v  -39.6882 0.0330 8.6729
v  -39.6882 0.0310 8.6729
v  -39.3605 0.0310 9.7138
v  -39.9241 0.0330 7.6073
v  -39.9241 0.0310 7.6073
v  -40.0668 0.0310 6.5253
v  -40.0668 0.0330 6.5253
v  -38.9424 0.0269 10.7218
v  -38.4382 0.0269 11.6897
v  -38.4382 0.0289 11.6897
v  -38.9424 0.0289 10.7218
v  -37.1881 0.0269 13.4764
v  -37.8521 0.0269 12.6103
v  -37.1881 0.0289 13.4764
v  -37.8521 0.0289 12.6103
v  -37.1881 0.0330 13.4764
v  -37.8521 0.0330 12.6103
v  -37.8521 0.0310 12.6103
v  -37.1881 0.0310 13.4764
v  -38.4382 0.0330 11.6897
v  -38.4382 0.0310 11.6897
v  -38.9424 0.0310 10.7218
v  -38.9424 0.0330 10.7218
v  -36.4505 0.0269 14.2806
v  -35.6457 0.0269 15.0177
v  -35.6457 0.0289 15.0177
v  -36.4505 0.0289 14.2806
v  -33.8599 0.0269 16.2690
v  -34.7800 0.0269 15.6823
v  -33.8599 0.0289 16.2691
v  -34.7800 0.0289 15.6823
v  -33.8599 0.0330 16.2691
v  -34.7800 0.0330 15.6823
v  -34.7800 0.0310 15.6823
v  -33.8599 0.0310 16.2690
v  -35.6457 0.0330 15.0177
v  -35.6457 0.0310 15.0177
v  -36.4505 0.0310 14.2806
v  -36.4505 0.0330 14.2806
v  -32.8917 0.0269 16.7725
v  -31.8834 0.0269 17.1899
v  -31.8834 0.0289 17.1899
v  -32.8917 0.0289 16.7725
v  -29.7773 0.0269 17.7550
v  -30.8426 0.0269 17.5184
v  -29.7773 0.0289 17.7550
v  -30.8426 0.0289 17.5184
v  -29.7773 0.0330 17.7550
v  -30.8426 0.0330 17.5184
v  -30.8426 0.0310 17.5184
v  -29.7773 0.0310 17.7550
v  -31.8834 0.0330 17.1899
v  -31.8834 0.0310 17.1899
v  -32.8917 0.0310 16.7725
v  -32.8917 0.0330 16.7725
v  -28.6953 0.0269 17.8970
v  -27.6049 0.0269 17.9443
v  -27.6049 0.0289 17.9443
v  -28.6953 0.0289 17.8970
v  -25.4326 0.0269 17.7550
v  -26.5146 0.0269 17.8970
v  -25.4326 0.0289 17.7550
v  -26.5146 0.0289 17.8970
v  -25.4326 0.0330 17.7550
v  -26.5146 0.0330 17.8970
v  -26.5146 0.0310 17.8970
v  -25.4326 0.0310 17.7550
v  -27.6049 0.0330 17.9443
v  -27.6049 0.0310 17.9443
v  -28.6953 0.0310 17.8970
v  -28.6953 0.0330 17.8970
v  -24.3673 0.0269 17.5184
v  -23.3265 0.0269 17.1899
v  -23.3265 0.0289 17.1899
v  -24.3673 0.0289 17.5184
v  -21.3500 0.0269 16.2691
v  -22.3181 0.0269 16.7725
v  -21.3500 0.0289 16.2691
v  -22.3181 0.0289 16.7725
v  -21.3500 0.0330 16.2691
v  -22.3181 0.0330 16.7725
v  -22.3181 0.0310 16.7725
v  -21.3500 0.0310 16.2691
v  -23.3265 0.0330 17.1899
v  -23.3265 0.0310 17.1899
v  -24.3673 0.0310 17.5184
v  -24.3673 0.0330 17.5184
v  -20.4298 0.0269 15.6823
v  -19.5642 0.0269 15.0177
v  -19.5642 0.0289 15.0177
v  -20.4298 0.0289 15.6823
v  -18.0218 0.0269 13.4764
v  -18.7594 0.0269 14.2806
v  -18.0218 0.0289 13.4764
v  -18.7594 0.0289 14.2806
v  -18.0218 0.0330 13.4764
v  -18.7594 0.0330 14.2806
v  -18.7594 0.0310 14.2806
v  -18.0218 0.0310 13.4764
v  -19.5642 0.0330 15.0177
v  -19.5642 0.0310 15.0177
v  -20.4298 0.0310 15.6823
v  -20.4298 0.0330 15.6823
v  -17.3578 0.0269 12.6103
v  -16.7716 0.0269 11.6897
v  -16.7716 0.0289 11.6897
v  -17.3578 0.0289 12.6103
v  -15.8494 0.0269 9.7138
v  -16.2675 0.0269 10.7218
v  -15.8494 0.0289 9.7138
v  -16.2675 0.0289 10.7218
v  -15.8494 0.0330 9.7138
v  -16.2675 0.0330 10.7218
v  -16.2675 0.0310 10.7218
v  -15.8494 0.0310 9.7138
v  -16.7716 0.0330 11.6897
v  -16.7716 0.0310 11.6897
v  -17.3578 0.0310 12.6103
v  -17.3578 0.0330 12.6103
v  -15.5217 0.0269 8.6729
v  -15.2858 0.0269 7.6073
v  -15.2858 0.0289 7.6073
v  -15.5217 0.0289 8.6729
v  -15.1430 0.0269 6.5253
v  -15.1430 0.0289 6.5253
v  -15.1430 0.0330 6.5253
v  -15.1430 0.0310 6.5253
v  -15.2858 0.0330 7.6073
v  -15.2858 0.0310 7.6073
v  -15.5217 0.0310 8.6729
v  -15.5217 0.0330 8.6729
v  -15.1430 0.0351 4.3449
v  -15.0950 0.0351 5.4351
v  -15.2858 0.0351 3.2629
v  -15.6205 0.0370 3.3219
v  -15.4288 0.0370 4.3790
v  -15.3304 0.0370 5.4351
v  -15.8494 0.0351 1.1564
v  -15.5217 0.0351 2.1973
v  -16.0707 0.0370 1.2370
v  -15.8019 0.0370 2.2631
v  -17.7504 0.0393 1.8484
v  -18.2035 0.0397 2.7021
v  -16.6424 0.0385 2.4602
v  -16.7344 0.0384 1.4785
v  -18.5615 0.0398 3.8405
v  -16.6246 0.0386 3.4990
v  -17.1180 0.0393 5.4351
v  -16.0367 0.0384 5.4351
v  -16.2861 0.0385 4.4812
v  -17.8357 0.0397 4.7878
v  -16.2675 0.0351 0.1484
v  -16.7716 0.0351 -0.8195
v  -17.0660 0.0370 -0.6496
v  -16.5243 0.0370 0.2782
v  -18.0218 0.0351 -2.6061
v  -17.3578 0.0351 -1.7401
v  -18.2021 0.0370 -2.4548
v  -17.5986 0.0370 -1.5825
v  -19.5715 0.0393 -1.3058
v  -19.7052 0.0397 -0.3486
v  -18.3210 0.0385 -1.1098
v  -18.7432 0.0384 -2.0008
v  -19.6523 0.0398 0.8436
v  -17.9490 0.0386 -0.1398
v  -17.2950 0.0385 0.6674
v  -18.6463 0.0397 1.4856
v  -18.7593 0.0351 -3.4104
v  -19.5642 0.0351 -4.1475
v  -19.7826 0.0370 -3.8872
v  -18.9564 0.0370 -3.2006
v  -21.3500 0.0351 -5.3988
v  -20.4298 0.0351 -4.8121
v  -21.4677 0.0370 -5.1949
v  -20.6022 0.0370 -4.5817
v  -22.3615 0.0393 -3.6469
v  -22.1597 0.0397 -2.7016
v  -21.1194 0.0385 -3.8903
v  -21.8208 0.0384 -4.5833
v  -21.7023 0.0398 -1.5994
v  -20.4380 0.0386 -3.1061
v  -19.5474 0.0385 -2.5713
v  -20.5374 0.0397 -1.3403
v  -22.3181 0.0351 -5.9023
v  -23.3265 0.0351 -6.3197
v  -23.4428 0.0370 -6.0003
v  -22.4315 0.0370 -5.6378
v  -25.4326 0.0351 -6.8848
v  -24.3673 0.0351 -6.6482
v  -25.4735 0.0370 -6.6529
v  -24.4505 0.0370 -6.3727
v  -25.7839 0.0393 -4.8925
v  -25.2711 0.0397 -4.0733
v  -24.7000 0.0385 -5.5461
v  -25.5961 0.0384 -5.9574
v  -24.4642 0.0398 -3.1940
v  -23.7915 0.0386 -5.0422
v  -22.7717 0.0385 -4.8443
v  -23.2809 0.0397 -3.3489
v  -26.5146 0.0351 -7.0268
v  -27.6049 0.0351 -7.0741
v  -27.6049 0.0370 -6.7342
v  -26.5307 0.0370 -6.7394
v  -29.7773 0.0351 -6.8848
v  -28.6953 0.0351 -7.0268
v  -29.7364 0.0370 -6.6529
v  -28.6792 0.0370 -6.7394
v  -29.4260 0.0393 -4.8925
v  -28.6639 0.0397 -4.2981
v  -28.6310 0.0385 -5.8774
v  -29.6137 0.0384 -5.9574
v  -27.6049 0.0398 -3.7478
v  -27.6049 0.0386 -5.7146
v  -26.5789 0.0385 -5.8774
v  -26.5460 0.0397 -4.2981
v  -30.8426 0.0351 -6.6482
v  -31.8833 0.0351 -6.3197
v  -31.7671 0.0370 -6.0003
v  -30.7594 0.0370 -6.3726
v  -33.8599 0.0351 -5.3988
v  -32.8917 0.0351 -5.9023
v  -33.7422 0.0370 -5.1949
v  -32.7784 0.0370 -5.6378
v  -32.8484 0.0393 -3.6469
v  -31.9290 0.0397 -3.3489
v  -32.4382 0.0385 -4.8443
v  -33.3891 0.0384 -4.5833
v  -30.7457 0.0398 -3.1940
v  -31.4184 0.0386 -5.0422
v  -30.5099 0.0385 -5.5461
v  -29.9388 0.0397 -4.0733
v  -34.7800 0.0351 -4.8121
v  -35.6457 0.0351 -4.1475
v  -35.4273 0.0370 -3.8872
v  -34.6077 0.0370 -4.5817
v  -37.1881 0.0351 -2.6061
v  -36.4505 0.0351 -3.4104
v  -37.0078 0.0370 -2.4548
v  -36.2535 0.0370 -3.2006
v  -35.6384 0.0393 -1.3058
v  -34.6725 0.0397 -1.3403
v  -35.6625 0.0385 -2.5713
v  -36.4667 0.0384 -2.0008
v  -33.5076 0.0398 -1.5994
v  -34.7719 0.0386 -3.1061
v  -34.0905 0.0385 -3.8903
v  -33.0501 0.0397 -2.7016
v  -37.8521 0.0351 -1.7401
v  -38.4382 0.0351 -0.8195
v  -38.1439 0.0370 -0.6496
v  -37.6113 0.0370 -1.5825
v  -39.3605 0.0351 1.1564
v  -38.9424 0.0351 0.1484
v  -39.1392 0.0370 1.2370
v  -38.6855 0.0370 0.2782
v  -37.4595 0.0393 1.8484
v  -36.5636 0.0397 1.4856
v  -37.9149 0.0385 0.6674
v  -38.4755 0.0384 1.4785
v  -35.5576 0.0398 0.8436
v  -37.2609 0.0386 -0.1398
v  -36.8889 0.0385 -1.1098
v  -35.5047 0.0397 -0.3486
v  -39.6882 0.0351 2.1973
v  -39.9241 0.0351 3.2629
v  -39.5894 0.0370 3.3219
v  -39.4080 0.0370 2.2631
v  -40.1149 0.0351 5.4351
v  -40.0668 0.0351 4.3449
v  -39.8795 0.0370 5.4351
v  -39.7811 0.0370 4.3790
v  -38.0919 0.0393 5.4351
v  -37.3742 0.0397 4.7878
v  -38.9238 0.0385 4.4812
v  -39.1732 0.0384 5.4351
v  -36.6484 0.0398 3.8405
v  -38.5853 0.0386 3.4990
v  -38.5674 0.0385 2.4602
v  -37.0064 0.0397 2.7021
v  -40.0668 0.0351 6.5253
v  -39.9241 0.0351 7.6073
v  -39.5894 0.0370 7.5483
v  -39.7811 0.0370 6.4912
v  -39.3605 0.0351 9.7138
v  -39.6882 0.0351 8.6729
v  -39.1392 0.0370 9.6332
v  -39.4080 0.0370 8.6071
v  -37.4595 0.0393 9.0219
v  -37.0064 0.0397 8.1681
v  -38.5674 0.0385 8.4100
v  -38.4755 0.0384 9.3917
v  -36.6484 0.0398 7.0297
v  -38.5853 0.0386 7.3712
v  -38.9238 0.0385 6.3890
v  -37.3742 0.0397 6.0824
v  -38.9424 0.0351 10.7218
v  -38.4382 0.0351 11.6897
v  -38.1439 0.0370 11.5198
v  -38.6855 0.0370 10.5920
v  -37.1881 0.0351 13.4764
v  -37.8521 0.0351 12.6103
v  -37.0078 0.0370 13.3250
v  -37.6113 0.0370 12.4527
v  -35.6384 0.0393 12.1760
v  -35.5047 0.0397 11.2188
v  -36.8889 0.0385 11.9800
v  -36.4667 0.0384 12.8710
v  -35.5576 0.0398 10.0266
v  -37.2609 0.0386 11.0100
v  -37.9149 0.0385 10.2028
v  -36.5636 0.0397 9.3847
v  -36.4505 0.0351 14.2806
v  -35.6457 0.0351 15.0177
v  -35.4273 0.0370 14.7574
v  -36.2535 0.0370 14.0708
v  -33.8599 0.0351 16.2690
v  -34.7800 0.0351 15.6823
v  -33.7422 0.0370 16.0652
v  -34.6077 0.0370 15.4519
v  -32.8484 0.0393 14.5171
v  -33.0501 0.0397 13.5719
v  -34.0905 0.0385 14.7605
v  -33.3891 0.0384 15.4535
v  -33.5076 0.0398 12.4696
v  -34.7719 0.0386 13.9763
v  -35.6625 0.0385 13.4415
v  -34.6725 0.0397 12.2105
v  -32.8917 0.0351 16.7725
v  -31.8834 0.0351 17.1899
v  -31.7671 0.0370 16.8706
v  -32.7784 0.0370 16.5080
v  -29.7773 0.0351 17.7550
v  -30.8426 0.0351 17.5184
v  -29.7364 0.0370 17.5232
v  -30.7594 0.0370 17.2429
v  -29.4260 0.0393 15.7627
v  -29.9388 0.0397 14.9435
v  -30.5099 0.0385 16.4163
v  -29.6138 0.0384 16.8276
v  -30.7457 0.0398 14.0642
v  -31.4184 0.0386 15.9125
v  -32.4382 0.0385 15.7145
v  -31.9290 0.0397 14.2192
v  -28.6953 0.0351 17.8970
v  -27.6049 0.0351 17.9443
v  -27.6049 0.0370 17.6045
v  -28.6792 0.0370 17.6097
v  -25.4326 0.0351 17.7550
v  -26.5146 0.0351 17.8970
v  -25.4735 0.0370 17.5232
v  -26.5307 0.0370 17.6097
v  -25.7839 0.0393 15.7627
v  -26.5460 0.0397 15.1683
v  -26.5789 0.0385 16.7476
v  -25.5961 0.0384 16.8276
v  -27.6049 0.0398 14.6180
v  -27.6049 0.0386 16.5849
v  -28.6310 0.0385 16.7476
v  -28.6639 0.0397 15.1683
v  -24.3673 0.0351 17.5184
v  -23.3265 0.0351 17.1899
v  -23.4428 0.0370 16.8706
v  -24.4505 0.0370 17.2429
v  -21.3500 0.0351 16.2691
v  -22.3181 0.0351 16.7725
v  -21.4677 0.0370 16.0652
v  -22.4315 0.0370 16.5080
v  -22.3615 0.0393 14.5171
v  -23.2809 0.0397 14.2192
v  -22.7717 0.0385 15.7145
v  -21.8208 0.0384 15.4535
v  -24.4642 0.0398 14.0642
v  -23.7915 0.0386 15.9125
v  -24.7000 0.0385 16.4163
v  -25.2711 0.0397 14.9435
v  -20.4298 0.0351 15.6823
v  -19.5642 0.0351 15.0177
v  -19.7826 0.0370 14.7574
v  -20.6022 0.0370 15.4519
v  -18.0218 0.0351 13.4764
v  -18.7594 0.0351 14.2806
v  -18.2021 0.0370 13.3250
v  -18.9564 0.0370 14.0708
v  -19.5715 0.0393 12.1760
v  -20.5374 0.0397 12.2105
v  -19.5474 0.0385 13.4415
v  -18.7432 0.0384 12.8710
v  -21.7023 0.0398 12.4696
v  -20.4380 0.0386 13.9763
v  -21.1194 0.0385 14.7606
v  -22.1597 0.0397 13.5719
v  -17.3578 0.0351 12.6103
v  -16.7716 0.0351 11.6897
v  -17.0660 0.0370 11.5198
v  -17.5986 0.0370 12.4527
v  -15.8494 0.0351 9.7138
v  -16.2675 0.0351 10.7218
v  -16.0707 0.0370 9.6333
v  -16.5243 0.0370 10.5920
v  -17.7504 0.0393 9.0219
v  -18.6463 0.0397 9.3847
v  -17.2950 0.0385 10.2028
v  -16.7344 0.0384 9.3917
v  -19.6523 0.0398 10.0266
v  -17.9490 0.0386 11.0100
v  -18.3210 0.0385 11.9800
v  -19.7052 0.0397 11.2188
v  -15.5217 0.0351 8.6729
v  -15.2858 0.0351 7.6073
v  -15.6205 0.0370 7.5483
v  -15.8019 0.0370 8.6071
v  -15.1430 0.0351 6.5253
v  -15.4288 0.0370 6.4913
v  -17.8357 0.0397 6.0824
v  -16.2861 0.0385 6.3890
v  -18.5615 0.0398 7.0297
v  -16.6246 0.0386 7.3712
v  -16.6424 0.0385 8.4100
v  -18.2035 0.0397 8.1681
v  -20.6451 0.0403 7.9683
v  -21.6948 0.0406 6.4772
v  -27.6049 0.0412 5.4351
v  -22.4076 0.0406 8.4358
v  -20.1985 0.0403 5.4351
v  -21.6948 0.0406 4.3930
v  -20.6451 0.0403 2.9019
v  -22.4076 0.0406 2.4344
v  -21.9312 0.0403 0.6743
v  -23.7474 0.0406 0.8378
v  -23.9017 0.0403 -0.9791
v  -25.5524 0.0406 -0.2043
v  -26.3188 0.0403 -1.8589
v  -27.6049 0.0406 -0.5662
v  -28.8911 0.0403 -1.8589
v  -29.6575 0.0406 -0.2043
v  -31.3082 0.0403 -0.9791
v  -31.4625 0.0406 0.8378
v  -33.2786 0.0403 0.6743
v  -32.8022 0.0406 2.4344
v  -34.5648 0.0403 2.9019
v  -33.5151 0.0406 4.3930
v  -35.0114 0.0403 5.4351
v  -33.5151 0.0406 6.4772
v  -34.5648 0.0403 7.9683
v  -32.8022 0.0406 8.4358
v  -33.2786 0.0403 10.1959
v  -31.4625 0.0406 10.0324
v  -31.3082 0.0403 11.8493
v  -29.6575 0.0406 11.0745
v  -28.8911 0.0403 12.7291
v  -27.6049 0.0406 11.4364
v  -26.3188 0.0403 12.7291
v  -25.5524 0.0406 11.0745
v  -23.9017 0.0403 11.8493
v  -23.7474 0.0406 10.0324
v  -21.9313 0.0403 10.1959
# 1586 vertices

vn 0.0216 -0.9997 0.0078
vn 0.0137 -0.9999 0.0073
vn 0.0070 -1.0000 0.0025
vn 0.0151 -0.9999 0.0032
vn 0.0099 -0.9999 0.0057
vn 0.0037 -1.0000 0.0022
vn -0.0000 -1.0000 0.0000
vn 0.0042 -1.0000 0.0007
vn 0.0113 -0.9999 0.0020
vn 0.0176 -0.9997 0.0147
vn 0.0104 -0.9999 0.0115
vn 0.0057 -1.0000 0.0048
vn 0.0131 -0.9999 0.0082
vn 0.0074 -0.9999 0.0088
vn 0.0028 -1.0000 0.0033
vn 0.0115 -0.9997 0.0199
vn 0.0058 -0.9999 0.0144
vn 0.0037 -1.0000 0.0064
vn 0.0095 -0.9999 0.0122
vn 0.0039 -0.9999 0.0108
vn 0.0015 -1.0000 0.0040
vn 0.0040 -0.9997 0.0226
vn 0.0005 -0.9999 0.0155
vn 0.0013 -1.0000 0.0073
vn 0.0048 -0.9999 0.0147
vn -0.0000 -0.9999 0.0114
vn -0.0000 -1.0000 0.0043
vn -0.0040 -0.9997 0.0226
vn -0.0048 -0.9999 0.0147
vn -0.0013 -1.0000 0.0073
vn -0.0005 -0.9999 0.0155
vn -0.0039 -0.9999 0.0108
vn -0.0015 -1.0000 0.0040
vn -0.0115 -0.9997 0.0199
vn -0.0095 -0.9999 0.0122
vn -0.0037 -1.0000 0.0064
vn -0.0058 -0.9999 0.0144
vn -0.0074 -0.9999 0.0088
vn -0.0028 -1.0000 0.0033
vn -0.0176 -0.9997 0.0147
vn -0.0131 -0.9999 0.0082
vn -0.0057 -1.0000 0.0048
vn -0.0104 -0.9999 0.0115
vn -0.0099 -0.9999 0.0057
vn -0.0037 -1.0000 0.0022
vn -0.0216 -0.9997 0.0078
vn -0.0151 -0.9999 0.0032
vn -0.0070 -1.0000 0.0025
vn -0.0137 -0.9999 0.0073
vn -0.0113 -0.9999 0.0020
vn -0.0042 -1.0000 0.0007
vn -0.0229 -0.9997 0.0000
vn -0.0153 -0.9999 -0.0022
vn -0.0074 -1.0000 0.0000
vn -0.0153 -0.9999 0.0022
vn -0.0113 -0.9999 -0.0020
vn -0.0042 -1.0000 -0.0007
vn -0.0216 -0.9997 -0.0078
vn -0.0137 -0.9999 -0.0073
vn -0.0070 -1.0000 -0.0025
vn -0.0151 -0.9999 -0.0032
vn -0.0099 -0.9999 -0.0057
vn -0.0037 -1.0000 -0.0022
vn -0.0176 -0.9997 -0.0147
vn -0.0104 -0.9999 -0.0115
vn -0.0057 -1.0000 -0.0048
vn -0.0131 -0.9999 -0.0082
vn -0.0074 -0.9999 -0.0088
vn -0.0028 -1.0000 -0.0033
vn -0.0115 -0.9997 -0.0199
vn -0.0058 -0.9999 -0.0144
vn -0.0037 -1.0000 -0.0064
vn -0.0095 -0.9999 -0.0122
vn -0.0039 -0.9999 -0.0108
vn -0.0015 -1.0000 -0.0040
vn -0.0040 -0.9997 -0.0226
vn -0.0005 -0.9999 -0.0155
vn -0.0013 -1.0000 -0.0073
vn -0.0048 -0.9999 -0.0147
vn -0.0000 -0.9999 -0.0114
vn -0.0000 -1.0000 -0.0043
vn 0.0040 -0.9997 -0.0226
vn 0.0048 -0.9999 -0.0147
vn 0.0013 -1.0000 -0.0073
vn 0.0005 -0.9999 -0.0155
vn 0.0039 -0.9999 -0.0108
vn 0.0015 -1.0000 -0.0040
vn 0.0115 -0.9997 -0.0199
vn 0.0095 -0.9999 -0.0122
vn 0.0037 -1.0000 -0.0064
vn 0.0058 -0.9999 -0.0144
vn 0.0074 -0.9999 -0.0088
vn 0.0028 -1.0000 -0.0033
vn 0.0176 -0.9997 -0.0147
vn 0.0131 -0.9999 -0.0082
vn 0.0057 -1.0000 -0.0048
vn 0.0104 -0.9999 -0.0115
vn 0.0099 -0.9999 -0.0057
vn 0.0037 -1.0000 -0.0022
vn 0.0216 -0.9997 -0.0078
vn 0.0151 -0.9999 -0.0032
vn 0.0070 -1.0000 -0.0025
vn 0.0137 -0.9999 -0.0073
vn 0.0113 -0.9999 -0.0020
vn 0.0042 -1.0000 -0.0007
vn 0.0229 -0.9997 0.0000
vn 0.0153 -0.9999 0.0022
vn 0.0074 -1.0000 0.0000
vn 0.0153 -0.9999 -0.0022
vn 0.0388 -0.9992 -0.0086
vn 0.0481 -0.9988 0.0000
vn 0.0325 -0.9995 -0.0057
vn 0.1105 -0.9937 -0.0195
vn 0.1304 -0.9913 -0.0172
vn 0.1592 -0.9872 0.0000
vn 0.0452 -0.9988 -0.0165
vn 0.0394 -0.9992 -0.0052
vn 0.1496 -0.9872 -0.0545
vn 0.1284 -0.9913 -0.0285
vn 0.9397 -0.0000 -0.3420
vn 0.9660 -0.0000 -0.2585
vn 0.7557 -0.6229 -0.2021
vn 0.7465 -0.6074 -0.2717
vn 0.9848 0.0000 -0.1736
vn 0.7617 -0.6338 -0.1343
vn 1.0000 0.0000 -0.0000
vn 0.7944 -0.6074 -0.0000
vn 0.7792 -0.6230 -0.0685
vn 0.9962 -0.0000 -0.0875
vn 0.0335 -0.9992 -0.0213
vn 0.0285 -0.9995 -0.0165
vn 0.0971 -0.9937 -0.0561
vn 0.1167 -0.9913 -0.0607
vn 0.0369 -0.9988 -0.0309
vn 0.0352 -0.9992 -0.0184
vn 0.1220 -0.9872 -0.1023
vn 0.1109 -0.9913 -0.0707
vn 0.7660 0.0000 -0.6428
vn 0.8193 0.0000 -0.5733
vn 0.6410 -0.6230 -0.4484
vn 0.6086 -0.6074 -0.5106
vn 0.8660 0.0000 -0.5000
vn 0.6699 -0.6338 -0.3868
vn 0.7088 -0.6230 -0.3309
vn 0.9062 -0.0000 -0.4229
vn 0.0242 -0.9992 -0.0315
vn 0.0212 -0.9995 -0.0253
vn 0.0721 -0.9937 -0.0859
vn 0.0889 -0.9913 -0.0970
vn 0.0241 -0.9988 -0.0417
vn 0.0268 -0.9992 -0.0293
vn 0.0796 -0.9872 -0.1379
vn 0.0801 -0.9913 -0.1043
vn 0.5000 -0.0000 -0.8660
vn 0.5739 -0.0000 -0.8190
vn 0.4490 -0.6230 -0.6406
vn 0.3972 -0.6074 -0.6880
vn 0.6428 0.0000 -0.7660
vn 0.4972 -0.6338 -0.5926
vn 0.5529 -0.6230 -0.5534
vn 0.7069 0.0000 -0.7073
vn 0.0120 -0.9992 -0.0379
vn 0.0113 -0.9995 -0.0310
vn 0.0384 -0.9937 -0.1054
vn 0.0503 -0.9913 -0.1215
vn 0.0084 -0.9988 -0.0474
vn 0.0152 -0.9992 -0.0367
vn 0.0276 -0.9872 -0.1568
vn 0.0395 -0.9913 -0.1254
vn 0.1736 -0.0000 -0.9848
vn 0.2591 -0.0000 -0.9658
vn 0.2028 -0.6230 -0.7555
vn 0.1380 -0.6074 -0.7824
vn 0.3420 -0.0000 -0.9397
vn 0.2646 -0.6338 -0.7269
vn 0.3303 -0.6230 -0.7091
vn 0.4223 -0.0000 -0.9065
vn -0.0017 -0.9992 -0.0397
vn 0.0000 -0.9995 -0.0330
vn -0.0000 -0.9937 -0.1122
vn 0.0057 -0.9913 -0.1314
vn -0.0084 -0.9988 -0.0474
vn 0.0017 -0.9992 -0.0397
vn -0.0276 -0.9872 -0.1568
vn -0.0057 -0.9913 -0.1314
vn -0.1736 -0.0000 -0.9848
vn -0.0868 -0.0000 -0.9962
vn -0.0678 -0.6230 -0.7793
vn -0.1379 -0.6074 -0.7824
vn 0.0000 0.0000 -1.0000
vn -0.0000 -0.6338 -0.7735
vn 0.0678 -0.6230 -0.7793
vn 0.0868 -0.0000 -0.9962
vn -0.0152 -0.9992 -0.0367
vn -0.0113 -0.9995 -0.0310
vn -0.0384 -0.9937 -0.1054
vn -0.0395 -0.9913 -0.1254
vn -0.0241 -0.9988 -0.0417
vn -0.0120 -0.9992 -0.0379
vn -0.0796 -0.9872 -0.1379
vn -0.0503 -0.9913 -0.1215
vn -0.5000 -0.0000 -0.8660
vn -0.4223 0.0000 -0.9065
vn -0.3303 -0.6229 -0.7091
vn -0.3972 -0.6073 -0.6880
vn -0.3420 -0.0000 -0.9397
vn -0.2646 -0.6338 -0.7269
vn -0.2028 -0.6229 -0.7555
vn -0.2591 -0.0000 -0.9658
vn -0.0268 -0.9992 -0.0293
vn -0.0212 -0.9995 -0.0253
vn -0.0721 -0.9937 -0.0859
vn -0.0801 -0.9913 -0.1043
vn -0.0369 -0.9988 -0.0309
vn -0.0242 -0.9992 -0.0315
vn -0.1220 -0.9872 -0.1023
vn -0.0889 -0.9913 -0.0970
vn -0.7660 -0.0000 -0.6428
vn -0.7069 0.0000 -0.7073
vn -0.5529 -0.6230 -0.5534
vn -0.6086 -0.6074 -0.5106
vn -0.6428 0.0000 -0.7660
vn -0.4972 -0.6338 -0.5926
vn -0.4490 -0.6230 -0.6405
vn -0.5739 0.0000 -0.8190
vn -0.0352 -0.9992 -0.0184
vn -0.0285 -0.9995 -0.0165
vn -0.0971 -0.9937 -0.0561
vn -0.1109 -0.9913 -0.0707
vn -0.0452 -0.9988 -0.0165
vn -0.0335 -0.9992 -0.0213
vn -0.1496 -0.9872 -0.0545
vn -0.1167 -0.9913 -0.0607
vn -0.9397 0.0000 -0.3420
vn -0.9062 0.0000 -0.4229
vn -0.7088 -0.6230 -0.3309
vn -0.7465 -0.6074 -0.2717
vn -0.8660 0.0000 -0.5000
vn -0.6699 -0.6338 -0.3868
vn -0.6410 -0.6230 -0.4484
vn -0.8193 0.0000 -0.5733
vn -0.0394 -0.9992 -0.0052
vn -0.0325 -0.9995 -0.0057
vn -0.1105 -0.9937 -0.0195
vn -0.1284 -0.9913 -0.0285
vn -0.0481 -0.9988 0.0000
vn -0.0388 -0.9992 -0.0086
vn -0.1592 -0.9872 0.0000
vn -0.1304 -0.9913 -0.0172
vn -1.0000 0.0000 -0.0000
vn -0.9962 0.0000 -0.0875
vn -0.7792 -0.6230 -0.0685
vn -0.7944 -0.6074 0.0000
vn -0.9848 -0.0000 -0.1736
vn -0.7618 -0.6338 -0.1343
vn -0.7557 -0.6230 -0.2021
vn -0.9660 -0.0000 -0.2585
vn -0.0388 -0.9992 0.0086
vn -0.0325 -0.9995 0.0057
vn -0.1105 -0.9937 0.0195
vn -0.1304 -0.9913 0.0172
vn -0.0452 -0.9988 0.0165
vn -0.0394 -0.9992 0.0052
vn -0.1496 -0.9872 0.0545
vn -0.1284 -0.9913 0.0285
vn -0.9397 0.0000 0.3420
vn -0.9660 0.0000 0.2585
vn -0.7557 -0.6230 0.2021
vn -0.7465 -0.6074 0.2717
vn -0.9848 -0.0000 0.1736
vn -0.7618 -0.6337 0.1343
vn -0.7792 -0.6230 0.0685
vn -0.9962 -0.0000 0.0875
vn -0.0335 -0.9992 0.0213
vn -0.0285 -0.9995 0.0165
vn -0.0971 -0.9937 0.0561
vn -0.1167 -0.9913 0.0607
vn -0.0369 -0.9988 0.0309
vn -0.0352 -0.9992 0.0184
vn -0.1220 -0.9872 0.1023
vn -0.1109 -0.9913 0.0707
vn -0.7660 -0.0000 0.6428
vn -0.8193 0.0000 0.5733
vn -0.6410 -0.6230 0.4484
vn -0.6086 -0.6074 0.5106
vn -0.8660 0.0000 0.5000
vn -0.6699 -0.6337 0.3868
vn -0.7088 -0.6230 0.3309
vn -0.9062 0.0000 0.4229
vn -0.0242 -0.9992 0.0315
vn -0.0212 -0.9995 0.0253
vn -0.0721 -0.9937 0.0859
vn -0.0889 -0.9913 0.0970
vn -0.0241 -0.9988 0.0417
vn -0.0268 -0.9992 0.0293
vn -0.0796 -0.9872 0.1379
vn -0.0801 -0.9913 0.1043
vn -0.5000 -0.0000 0.8660
vn -0.5739 0.0000 0.8190
vn -0.4490 -0.6230 0.6406
vn -0.3972 -0.6074 0.6880
vn -0.6428 -0.0000 0.7660
vn -0.4972 -0.6338 0.5926
vn -0.5529 -0.6230 0.5534
vn -0.7069 -0.0000 0.7073
vn -0.0120 -0.9992 0.0379
vn -0.0113 -0.9995 0.0310
vn -0.0384 -0.9937 0.1054
vn -0.0503 -0.9913 0.1215
vn -0.0084 -0.9988 0.0474
vn -0.0152 -0.9992 0.0367
vn -0.0276 -0.9872 0.1568
vn -0.0395 -0.9913 0.1254
vn -0.1736 0.0000 0.9848
vn -0.2591 0.0000 0.9658
vn -0.2028 -0.6229 0.7555
vn -0.1380 -0.6074 0.7824
vn -0.3420 0.0000 0.9397
vn -0.2646 -0.6338 0.7269
vn -0.3303 -0.6230 0.7091
vn -0.4223 0.0000 0.9064
vn 0.0017 -0.9992 0.0397
vn -0.0000 -0.9995 0.0330
vn 0.0000 -0.9937 0.1122
vn -0.0057 -0.9913 0.1314
vn 0.0084 -0.9988 0.0474
vn -0.0017 -0.9992 0.0397
vn 0.0276 -0.9872 0.1568
vn 0.0057 -0.9913 0.1314
vn 0.1736 0.0000 0.9848
vn 0.0868 0.0000 0.9962
vn 0.0678 -0.6229 0.7793
vn 0.1380 -0.6073 0.7824
vn 0.0000 0.0000 1.0000
vn 0.0000 -0.6338 0.7735
vn -0.0678 -0.6230 0.7793
vn -0.0868 0.0000 0.9962
vn 0.0152 -0.9992 0.0367
vn 0.0113 -0.9995 0.0310
vn 0.0384 -0.9937 0.1054
vn 0.0395 -0.9913 0.1254
vn 0.0241 -0.9988 0.0417
vn 0.0120 -0.9992 0.0379
vn 0.0796 -0.9872 0.1379
vn 0.0503 -0.9913 0.1215
vn 0.5000 -0.0000 0.8660
vn 0.4223 0.0000 0.9065
vn 0.3303 -0.6229 0.7091
vn 0.3972 -0.6074 0.6880
vn 0.3420 0.0000 0.9397
vn 0.2645 -0.6338 0.7268
vn 0.2028 -0.6229 0.7555
vn 0.2591 -0.0000 0.9658
vn 0.0268 -0.9992 0.0293
vn 0.0212 -0.9995 0.0253
vn 0.0721 -0.9937 0.0859
vn 0.0801 -0.9913 0.1043
vn 0.0369 -0.9988 0.0309
vn 0.0242 -0.9992 0.0315
vn 0.1220 -0.9872 0.1023
vn 0.0889 -0.9913 0.0970
vn 0.7660 0.0000 0.6428
vn 0.7069 0.0000 0.7073
vn 0.5529 -0.6229 0.5534
vn 0.6085 -0.6074 0.5106
vn 0.6428 -0.0000 0.7660
vn 0.4972 -0.6337 0.5926
vn 0.4490 -0.6230 0.6406
vn 0.5739 0.0000 0.8190
vn 0.0352 -0.9992 0.0184
vn 0.0285 -0.9995 0.0165
vn 0.0971 -0.9937 0.0561
vn 0.1109 -0.9913 0.0707
vn 0.0452 -0.9988 0.0165
vn 0.0335 -0.9992 0.0213
vn 0.1496 -0.9872 0.0545
vn 0.1167 -0.9913 0.0607
vn 0.9397 0.0000 0.3420
vn 0.9062 0.0000 0.4229
vn 0.7088 -0.6230 0.3309
vn 0.7465 -0.6074 0.2717
vn 0.8660 0.0000 0.5000
vn 0.6699 -0.6338 0.3868
vn 0.6410 -0.6230 0.4484
vn 0.8193 0.0000 0.5733
vn 0.0394 -0.9992 0.0052
vn 0.0325 -0.9995 0.0057
vn 0.1105 -0.9937 0.0195
vn 0.1284 -0.9913 0.0285
vn 0.0388 -0.9992 0.0086
vn 0.1304 -0.9913 0.0172
vn 0.9962 0.0000 0.0875
vn 0.7792 -0.6230 0.0685
vn 0.9848 0.0000 0.1736
vn 0.7618 -0.6338 0.1343
vn 0.7557 -0.6230 0.2021
vn 0.9660 0.0000 0.2585
vn 0.9962 0.0000 -0.0875
vn 1.0000 -0.0000 0.0000
vn 0.9848 0.0000 -0.1737
vn 0.9397 0.0000 -0.3420
vn 0.9660 0.0000 -0.2585
vn 0.9848 -0.0000 -0.1737
vn 0.9062 0.0000 -0.4229
vn 0.7660 -0.0000 -0.6428
vn 0.6428 -0.0000 -0.7660
vn 0.7069 -0.0000 -0.7073
vn 0.5000 0.0000 -0.8660
vn 0.5738 0.0000 -0.8190
vn 0.5739 0.0000 -0.8190
vn 0.4223 0.0000 -0.9065
vn 0.3420 0.0000 -0.9397
vn 0.1736 0.0000 -0.9848
vn 0.2591 0.0000 -0.9658
vn 0.0868 0.0000 -0.9962
vn -0.1736 0.0000 -0.9848
vn -0.0868 0.0000 -0.9962
vn -0.0000 0.0000 -1.0000
vn -0.2591 0.0000 -0.9658
vn -0.5000 0.0000 -0.8660
vn -0.4223 0.0000 -0.9064
vn -0.4223 -0.0000 -0.9065
vn -0.3420 0.0000 -0.9397
vn -0.7660 0.0000 -0.6428
vn -0.9062 -0.0000 -0.4229
vn -0.9397 -0.0000 -0.3420
vn -0.8660 -0.0000 -0.5000
vn -0.9660 0.0000 -0.2585
vn -0.9848 -0.0000 -0.1737
vn -1.0000 -0.0000 -0.0000
vn -0.9962 -0.0000 -0.0875
vn -1.0000 0.0000 0.0000
vn -0.9848 0.0000 -0.1736
vn -0.9848 0.0000 -0.1737
vn -0.9848 -0.0000 0.1737
vn -0.9962 0.0000 0.0875
vn -0.9660 -0.0000 0.2585
vn -0.9848 0.0000 0.1737
vn -0.7660 0.0000 0.6428
vn -0.9062 -0.0000 0.4229
vn -0.7069 0.0000 0.7073
vn -0.6428 0.0000 0.7660
vn -0.5000 0.0000 0.8660
vn -0.3420 -0.0000 0.9397
vn -0.1736 -0.0000 0.9848
vn -0.0868 -0.0000 0.9962
vn -0.0000 0.0000 1.0000
vn 0.2591 0.0000 0.9658
vn 0.5000 0.0000 0.8660
vn 0.4223 -0.0000 0.9065
vn 0.6428 0.0000 0.7660
vn 0.7660 -0.0000 0.6428
vn 0.5739 -0.0000 0.8190
vn 0.8660 -0.0000 0.5000
vn 0.8193 -0.0000 0.5733
vn 0.9397 -0.0000 0.3420
vn 0.9062 -0.0000 0.4229
vn 0.9848 -0.0000 0.1736
vn 0.9848 -0.0000 0.1737
vn 0.9848 0.0000 0.1737
vn 0.9660 -0.0000 0.2585
vn 0.8660 -0.0000 -0.5000
vn 0.4223 0.0000 -0.9064
vn -0.6428 -0.0000 -0.7660
vn -0.9848 0.0000 0.1736
vn -0.9397 -0.0000 0.3420
vn -0.4223 -0.0000 0.9064
vn 0.1736 -0.0000 0.9848
vn 0.4223 0.0000 0.9064
vn 0.3420 -0.0000 0.9397
vn 0.7069 -0.0000 0.7073
vn 1.0000 -0.0000 -0.0000
vn 0.9848 -0.0000 -0.1736
vn 0.8193 -0.0000 -0.5733
vn -0.0000 -0.0000 -1.0000
vn 0.0000 -0.0000 -1.0000
vn -0.8660 -0.0000 0.5000
vn -0.0000 -0.0000 1.0000
vn 0.0000 -0.0000 1.0000
vn 0.7793 0.6229 -0.0685
vn 0.7944 0.6074 -0.0000
vn 0.7617 0.6338 -0.1343
vn 0.1105 0.9937 -0.0195
vn 0.1304 0.9913 -0.0172
vn 0.1592 0.9872 -0.0000
vn 0.7465 0.6074 -0.2717
vn 0.7557 0.6230 -0.2021
vn 0.1496 0.9872 -0.0545
vn 0.1284 0.9913 -0.0285
vn 0.0216 0.9997 -0.0078
vn 0.0151 0.9999 -0.0032
vn 0.0394 0.9992 -0.0052
vn 0.0452 0.9988 -0.0165
vn 0.0113 0.9999 -0.0020
vn 0.0325 0.9995 -0.0057
vn 0.0229 0.9997 0.0000
vn 0.0481 0.9988 -0.0000
vn 0.0388 0.9992 -0.0086
vn 0.0153 0.9999 -0.0022
vn 0.7088 0.6230 -0.3309
vn 0.6699 0.6338 -0.3868
vn 0.0971 0.9937 -0.0561
vn 0.1167 0.9913 -0.0607
vn 0.6086 0.6074 -0.5106
vn 0.6410 0.6230 -0.4484
vn 0.1220 0.9872 -0.1023
vn 0.1109 0.9913 -0.0707
vn 0.0176 0.9997 -0.0147
vn 0.0131 0.9999 -0.0082
vn 0.0352 0.9992 -0.0184
vn 0.0369 0.9988 -0.0309
vn 0.0099 0.9999 -0.0057
vn 0.0285 0.9995 -0.0165
vn 0.0335 0.9992 -0.0213
vn 0.0137 0.9999 -0.0073
vn 0.5529 0.6230 -0.5534
vn 0.4972 0.6338 -0.5925
vn 0.0721 0.9937 -0.0859
vn 0.0889 0.9913 -0.0970
vn 0.3972 0.6074 -0.6880
vn 0.4490 0.6230 -0.6405
vn 0.0796 0.9872 -0.1379
vn 0.0801 0.9913 -0.1043
vn 0.0115 0.9997 -0.0199
vn 0.0095 0.9999 -0.0122
vn 0.0268 0.9992 -0.0293
vn 0.0241 0.9988 -0.0417
vn 0.0074 0.9999 -0.0088
vn 0.0212 0.9995 -0.0253
vn 0.0242 0.9992 -0.0315
vn 0.0104 0.9999 -0.0115
vn 0.3303 0.6230 -0.7091
vn 0.2646 0.6338 -0.7269
vn 0.0384 0.9937 -0.1054
vn 0.0503 0.9913 -0.1215
vn 0.1380 0.6074 -0.7824
vn 0.2028 0.6230 -0.7555
vn 0.0276 0.9872 -0.1568
vn 0.0395 0.9913 -0.1254
vn 0.0040 0.9997 -0.0226
vn 0.0048 0.9999 -0.0147
vn 0.0152 0.9992 -0.0367
vn 0.0084 0.9988 -0.0474
vn 0.0039 0.9999 -0.0108
vn 0.0113 0.9995 -0.0310
vn 0.0120 0.9992 -0.0379
vn 0.0058 0.9999 -0.0144
vn 0.0678 0.6230 -0.7793
vn 0.0000 0.6338 -0.7735
vn -0.0000 0.9937 -0.1122
vn 0.0057 0.9913 -0.1314
vn -0.1380 0.6074 -0.7824
vn -0.0678 0.6230 -0.7793
vn -0.0276 0.9872 -0.1568
vn -0.0057 0.9913 -0.1314
vn -0.0040 0.9997 -0.0226
vn -0.0005 0.9999 -0.0155
vn 0.0017 0.9992 -0.0397
vn -0.0084 0.9988 -0.0474
vn -0.0000 0.9999 -0.0114
vn -0.0000 0.9995 -0.0330
vn -0.0017 0.9992 -0.0397
vn 0.0005 0.9999 -0.0155
vn -0.2028 0.6230 -0.7555
vn -0.2646 0.6338 -0.7269
vn -0.0384 0.9937 -0.1054
vn -0.0395 0.9913 -0.1254
vn -0.3972 0.6073 -0.6880
vn -0.3303 0.6230 -0.7091
vn -0.0796 0.9872 -0.1379
vn -0.0503 0.9913 -0.1215
vn -0.0115 0.9997 -0.0199
vn -0.0058 0.9999 -0.0144
vn -0.0120 0.9992 -0.0379
vn -0.0241 0.9988 -0.0417
vn -0.0039 0.9999 -0.0108
vn -0.0113 0.9995 -0.0310
vn -0.0152 0.9992 -0.0367
vn -0.0048 0.9999 -0.0147
vn -0.4490 0.6230 -0.6405
vn -0.4972 0.6338 -0.5926
vn -0.0721 0.9937 -0.0859
vn -0.0801 0.9913 -0.1043
vn -0.6086 0.6074 -0.5106
vn -0.5529 0.6230 -0.5534
vn -0.1220 0.9872 -0.1023
vn -0.0889 0.9913 -0.0970
vn -0.0176 0.9997 -0.0147
vn -0.0104 0.9999 -0.0115
vn -0.0242 0.9992 -0.0315
vn -0.0369 0.9988 -0.0309
vn -0.0074 0.9999 -0.0088
vn -0.0212 0.9995 -0.0253
vn -0.0268 0.9992 -0.0293
vn -0.0095 0.9999 -0.0122
vn -0.6410 0.6230 -0.4484
vn -0.6699 0.6338 -0.3868
vn -0.0971 0.9937 -0.0561
vn -0.1109 0.9913 -0.0707
vn -0.7465 0.6073 -0.2717
vn -0.7088 0.6230 -0.3309
vn -0.1496 0.9872 -0.0545
vn -0.1167 0.9913 -0.0607
vn -0.0216 0.9997 -0.0078
vn -0.0137 0.9999 -0.0073
vn -0.0335 0.9992 -0.0213
vn -0.0452 0.9988 -0.0165
vn -0.0099 0.9999 -0.0057
vn -0.0285 0.9995 -0.0165
vn -0.0352 0.9992 -0.0184
vn -0.0131 0.9999 -0.0082
vn -0.7556 0.6230 -0.2021
vn -0.7618 0.6338 -0.1343
vn -0.1105 0.9937 -0.0195
vn -0.1284 0.9913 -0.0285
vn -0.7944 0.6074 -0.0000
vn -0.7792 0.6230 -0.0685
vn -0.1592 0.9872 -0.0000
vn -0.1304 0.9913 -0.0172
vn -0.0229 0.9997 -0.0000
vn -0.0153 0.9999 -0.0022
vn -0.0388 0.9992 -0.0086
vn -0.0481 0.9988 -0.0000
vn -0.0113 0.9999 -0.0020
vn -0.0325 0.9995 -0.0057
vn -0.0394 0.9992 -0.0052
vn -0.0151 0.9999 -0.0032
vn -0.7792 0.6230 0.0685
vn -0.7618 0.6338 0.1343
vn -0.1105 0.9937 0.0195
vn -0.1304 0.9913 0.0172
vn -0.7465 0.6074 0.2717
vn -0.7557 0.6230 0.2021
vn -0.1496 0.9872 0.0545
vn -0.1284 0.9913 0.0285
vn -0.0216 0.9997 0.0078
vn -0.0151 0.9999 0.0032
vn -0.0394 0.9992 0.0052
vn -0.0452 0.9988 0.0165
vn -0.0113 0.9999 0.0020
vn -0.0325 0.9995 0.0057
vn -0.0388 0.9992 0.0086
vn -0.0153 0.9999 0.0022
vn -0.7088 0.6230 0.3309
vn -0.6699 0.6337 0.3868
vn -0.0971 0.9937 0.0561
vn -0.1167 0.9913 0.0607
vn -0.6086 0.6074 0.5106
vn -0.6410 0.6230 0.4484
vn -0.1220 0.9872 0.1023
vn -0.1109 0.9913 0.0707
vn -0.0176 0.9997 0.0147
vn -0.0131 0.9999 0.0082
vn -0.0352 0.9992 0.0184
vn -0.0369 0.9988 0.0309
vn -0.0099 0.9999 0.0057
vn -0.0285 0.9995 0.0165
vn -0.0335 0.9992 0.0213
vn -0.0137 0.9999 0.0073
vn -0.5529 0.6230 0.5534
vn -0.4972 0.6338 0.5926
vn -0.0721 0.9937 0.0859
vn -0.0889 0.9913 0.0970
vn -0.3972 0.6073 0.6880
vn -0.4490 0.6230 0.6405
vn -0.0796 0.9872 0.1379
vn -0.0801 0.9913 0.1043
vn -0.0115 0.9997 0.0199
vn -0.0095 0.9999 0.0122
vn -0.0268 0.9992 0.0293
vn -0.0241 0.9988 0.0417
vn -0.0074 0.9999 0.0088
vn -0.0212 0.9995 0.0253
vn -0.0242 0.9992 0.0315
vn -0.0104 0.9999 0.0115
vn -0.3303 0.6230 0.7091
vn -0.2646 0.6338 0.7269
vn -0.0384 0.9937 0.1054
vn -0.0503 0.9913 0.1215
vn -0.1380 0.6074 0.7824
vn -0.2028 0.6230 0.7555
vn -0.0276 0.9872 0.1568
vn -0.0395 0.9913 0.1254
vn -0.0040 0.9997 0.0226
vn -0.0048 0.9999 0.0147
vn -0.0152 0.9992 0.0367
vn -0.0084 0.9988 0.0474
vn -0.0039 0.9999 0.0108
vn -0.0113 0.9995 0.0310
vn -0.0120 0.9992 0.0379
vn -0.0058 0.9999 0.0144
vn -0.0678 0.6230 0.7793
vn 0.0000 0.6338 0.7735
vn 0.0000 0.9937 0.1122
vn -0.0057 0.9913 0.1314
vn 0.1379 0.6074 0.7823
vn 0.0678 0.6230 0.7793
vn 0.0276 0.9872 0.1568
vn 0.0057 0.9913 0.1314
vn 0.0040 0.9997 0.0226
vn 0.0005 0.9999 0.0155
vn -0.0017 0.9992 0.0397
vn 0.0084 0.9988 0.0474
vn -0.0000 0.9999 0.0114
vn -0.0000 0.9995 0.0330
vn 0.0017 0.9992 0.0397
vn -0.0005 0.9999 0.0155
vn 0.2028 0.6230 0.7555
vn 0.2646 0.6338 0.7269
vn 0.0384 0.9937 0.1054
vn 0.0395 0.9913 0.1254
vn 0.3972 0.6074 0.6880
vn 0.3303 0.6230 0.7091
vn 0.0796 0.9872 0.1379
vn 0.0503 0.9913 0.1215
vn 0.0115 0.9997 0.0199
vn 0.0058 0.9999 0.0144
vn 0.0120 0.9992 0.0379
vn 0.0241 0.9988 0.0417
vn 0.0039 0.9999 0.0108
vn 0.0113 0.9995 0.0310
vn 0.0152 0.9992 0.0367
vn 0.0048 0.9999 0.0147
vn 0.4490 0.6230 0.6406
vn 0.4972 0.6338 0.5925
vn 0.0721 0.9937 0.0859
vn 0.0801 0.9913 0.1043
vn 0.6085 0.6074 0.5106
vn 0.5529 0.6230 0.5534
vn 0.1220 0.9872 0.1023
vn 0.0889 0.9913 0.0970
vn 0.0176 0.9997 0.0147
vn 0.0104 0.9999 0.0115
vn 0.0242 0.9992 0.0315
vn 0.0369 0.9988 0.0309
vn 0.0074 0.9999 0.0088
vn 0.0212 0.9995 0.0253
vn 0.0268 0.9992 0.0293
vn 0.0095 0.9999 0.0122
vn 0.6410 0.6230 0.4484
vn 0.6699 0.6338 0.3868
vn 0.0971 0.9937 0.0561
vn 0.1109 0.9913 0.0707
vn 0.7465 0.6073 0.2717
vn 0.7088 0.6230 0.3309
vn 0.1496 0.9872 0.0545
vn 0.1167 0.9913 0.0607
vn 0.0216 0.9997 0.0078
vn 0.0137 0.9999 0.0073
vn 0.0335 0.9992 0.0213
vn 0.0452 0.9988 0.0165
vn 0.0099 0.9999 0.0057
vn 0.0285 0.9995 0.0165
vn 0.0352 0.9992 0.0184
vn 0.0131 0.9999 0.0082
vn 0.7557 0.6229 0.2021
vn 0.7618 0.6338 0.1343
vn 0.1105 0.9937 0.0195
vn 0.1284 0.9913 0.0285
vn 0.7792 0.6230 0.0685
vn 0.1304 0.9913 0.0172
vn 0.0153 0.9999 0.0022
vn 0.0388 0.9992 0.0086
vn 0.0113 0.9999 0.0020
vn 0.0325 0.9995 0.0057
vn 0.0394 0.9992 0.0052
vn 0.0151 0.9999 0.0032
vn 0.0070 1.0000 0.0025
vn 0.0042 1.0000 0.0007
vn -0.0000 1.0000 0.0000
vn 0.0037 1.0000 0.0022
vn 0.0074 1.0000 0.0000
vn 0.0042 1.0000 -0.0007
vn 0.0070 1.0000 -0.0025
vn 0.0037 1.0000 -0.0022
vn 0.0057 1.0000 -0.0048
vn 0.0028 1.0000 -0.0033
vn 0.0037 1.0000 -0.0064
vn 0.0015 1.0000 -0.0040
vn 0.0013 1.0000 -0.0073
vn -0.0000 1.0000 -0.0043
vn -0.0013 1.0000 -0.0073
vn -0.0015 1.0000 -0.0040
vn -0.0037 1.0000 -0.0064
vn -0.0028 1.0000 -0.0033
vn -0.0057 1.0000 -0.0048
vn -0.0037 1.0000 -0.0022
vn -0.0070 1.0000 -0.0025
vn -0.0042 1.0000 -0.0007
vn -0.0074 1.0000 -0.0000
vn -0.0042 1.0000 0.0007
vn -0.0070 1.0000 0.0025
vn -0.0037 1.0000 0.0022
vn -0.0057 1.0000 0.0048
vn -0.0028 1.0000 0.0033
vn -0.0037 1.0000 0.0064
vn -0.0015 1.0000 0.0040
vn -0.0013 1.0000 0.0073
vn -0.0000 1.0000 0.0043
vn 0.0013 1.0000 0.0073
vn 0.0015 1.0000 0.0040
vn 0.0037 1.0000 0.0064
vn 0.0028 1.0000 0.0033
vn 0.0057 1.0000 0.0048
# 804 vertex normals

vt 0.3400 0.0000 -0.0000
vt 0.3039 0.0000 -0.0868
vt 0.4192 0.0000 0.0972
vt 0.4425 0.0000 0.2500
vt 0.2677 0.0000 -0.1737
vt 0.3733 0.0000 -0.0635
vt 0.5224 0.0006 0.0575
vt 0.5264 0.0043 0.2969
vt 0.5450 0.0000 0.5000
vt 0.1953 0.0000 -0.3473
vt 0.1683 0.0000 -0.4237
vt 0.2821 0.0000 -0.2397
vt 0.2315 0.0000 -0.2605
vt 0.1413 0.0000 -0.5000
vt 0.2876 0.0000 -0.2854
vt 0.0874 0.0000 -0.6527
vt 0.0728 0.0000 -0.7094
vt 0.2028 0.0000 -0.4641
vt 0.1144 0.0000 -0.5764
vt 0.0583 0.0000 -0.7660
vt 0.2363 0.0000 -0.4497
vt 0.0292 0.0000 -0.8794
vt 0.0288 0.0000 -0.9095
vt 0.1600 0.0000 -0.6307
vt 0.0437 0.0000 -0.8227
vt 0.0285 0.0000 -0.9397
vt 0.2179 0.0000 -0.5569
vt 0.0278 0.0000 -1.0000
vt 0.0417 0.0000 -1.0000
vt 0.1590 0.0000 -0.7194
vt 0.0281 0.0000 -0.9698
vt 0.0556 0.0000 -1.0000
vt 0.2346 0.0000 -0.5941
vt 0.0833 0.0000 -1.0000
vt 0.1098 0.0000 -0.9698
vt 0.1998 0.0000 -0.7194
vt 0.0694 0.0000 -1.0000
vt 0.1362 0.0000 -0.9397
vt 0.2844 0.0000 -0.5569
vt 0.1891 0.0000 -0.8794
vt 0.2250 0.0000 -0.8227
vt 0.2776 0.0000 -0.6307
vt 0.1627 0.0000 -0.9095
vt 0.2608 0.0000 -0.7660
vt 0.3613 0.0000 -0.4497
vt 0.3325 0.0000 -0.6527
vt 0.3733 0.0000 -0.5764
vt 0.3829 0.0000 -0.4641
vt 0.2966 0.0000 -0.7094
vt 0.4142 0.0000 -0.5000
vt 0.4561 0.0000 -0.2854
vt 0.4960 0.0000 -0.3473
vt 0.5370 0.0000 -0.2605
vt 0.5031 0.0000 -0.2397
vt 0.4551 0.0000 -0.4236
vt 0.5780 0.0000 -0.1736
vt 0.5572 0.0000 -0.0839
vt 0.6600 0.0000 0.0000
vt 0.6961 0.0000 0.0868
vt 0.6236 0.0000 0.0156
vt 0.6190 0.0000 -0.0868
vt 0.7323 0.0000 0.1736
vt 0.6525 0.0000 0.1306
vt 0.8047 0.0000 0.3473
vt 0.8317 0.0000 0.4236
vt 0.7299 0.0000 0.2708
vt 0.7685 0.0000 0.2605
vt 0.8587 0.0000 0.5000
vt 0.7305 0.0000 0.3321
vt 0.9126 0.0000 0.6527
vt 0.9272 0.0000 0.7094
vt 0.8093 0.0000 0.4953
vt 0.8856 0.0000 0.5764
vt 0.9417 0.0000 0.7660
vt 0.7818 0.0000 0.4963
vt 0.9708 0.0000 0.8794
vt 0.9712 0.0000 0.9095
vt 0.8520 0.0000 0.6618
vt 0.9563 0.0000 0.8227
vt 0.9715 0.0000 0.9397
vt 0.7936 0.0016 0.5889
vt 0.9722 0.0000 1.0000
vt 0.8926 0.0219 0.8497
vt 0.8268 0.0062 0.6919
vt 0.9719 0.0000 0.9698
vt 0.8400 0.0311 0.7658
vt 0.7372 0.0137 0.5355
vt 0.8549 0.0491 0.8524
vt 0.8246 0.0401 0.7998
vt 0.7586 0.0236 0.6223
vt 0.8411 0.0401 0.7998
vt 0.7929 0.0357 0.7534
vt 0.7014 0.0181 0.5181
vt 0.8081 0.0491 0.8524
vt 0.7809 0.0401 0.7998
vt 0.7254 0.0236 0.6223
vt 0.7974 0.0401 0.7998
vt 0.7520 0.0357 0.7534
vt 0.6744 0.0181 0.5181
vt 0.7613 0.0491 0.8524
vt 0.7372 0.0401 0.7998
vt 0.6922 0.0236 0.6223
vt 0.7537 0.0401 0.7998
vt 0.7054 0.0353 0.7388
vt 0.6370 0.0165 0.4946
vt 0.6817 0.0449 0.7757
vt 0.6153 0.0222 0.6423
vt 0.6173 0.0174 0.5281
vt 0.6873 0.0385 0.7415
vt 0.7319 0.0674 0.8876
vt 0.7219 0.0682 0.9046
vt 0.7480 0.0649 0.8921
vt 0.7703 0.1037 0.9730
vt 0.7559 0.1043 0.9719
vt 0.7430 0.1046 0.9762
vt 0.7850 0.0698 0.9316
vt 0.7680 0.0674 0.9153
vt 0.8004 0.1049 0.9829
vt 0.7857 0.1043 0.9788
vt 0.8056 0.2000 1.0000
vt 0.7917 0.2000 1.0000
vt 0.7917 0.1500 1.0000
vt 0.8056 0.1500 1.0000
vt 0.7778 0.2000 1.0000
vt 0.7778 0.1500 1.0000
vt 0.7500 0.2000 1.0000
vt 0.7500 0.1500 1.0000
vt 0.7639 0.1500 1.0000
vt 0.7639 0.2000 1.0000
vt 0.7923 0.0674 0.9153
vt 0.8001 0.0649 0.8991
vt 0.8250 0.1037 0.9748
vt 0.8127 0.1043 0.9788
vt 0.8365 0.0698 0.9316
vt 0.8185 0.0674 0.9153
vt 0.8550 0.1049 0.9829
vt 0.8401 0.1043 0.9788
vt 0.8611 0.2000 1.0000
vt 0.8472 0.2000 1.0000
vt 0.8472 0.1500 1.0000
vt 0.8611 0.1500 1.0000
vt 0.8333 0.2000 1.0000
vt 0.8333 0.1500 1.0000
vt 0.8194 0.1500 1.0000
vt 0.8194 0.2000 1.0000
vt 0.8428 0.0674 0.9153
vt 0.8496 0.0649 0.8991
vt 0.8791 0.1037 0.9748
vt 0.8670 0.1043 0.9788
vt 0.8880 0.0698 0.9316
vt 0.8691 0.0674 0.9153
vt 0.9095 0.1049 0.9829
vt 0.8944 0.1043 0.9788
vt 0.9167 0.2000 1.0000
vt 0.9028 0.2000 1.0000
vt 0.9028 0.1500 1.0000
vt 0.9167 0.1500 1.0000
vt 0.8889 0.2000 1.0000
vt 0.8889 0.1500 1.0000
vt 0.8750 0.1500 1.0000
vt 0.8750 0.2000 1.0000
vt 0.8934 0.0674 0.9153
vt 0.9023 0.0622 0.9056
vt 0.9339 0.1030 0.9764
vt 0.9213 0.1043 0.9788
vt 0.9722 0.0500 1.0000
vt 0.9321 0.0562 0.9414
vt 0.9722 0.1000 1.0000
vt 0.9518 0.1016 0.9853
vt 0.9722 0.2000 1.0000
vt 0.9583 0.2000 1.0000
vt 0.9583 0.1500 1.0000
vt 0.9722 0.1500 1.0000
vt 0.9444 0.2000 1.0000
vt 0.9444 0.1500 1.0000
vt 0.9306 0.1500 1.0000
vt 0.9306 0.2000 1.0000
vt -0.0278 0.0000 1.0000
vt -0.0139 0.0000 1.0000
vt -0.0139 0.0500 1.0000
vt -0.0278 0.0500 1.0000
vt 0.0000 0.0000 1.0000
vt 0.0000 0.0500 1.0000
vt 0.0000 0.1000 1.0000
vt -0.0139 0.1000 1.0000
vt -0.0278 0.1000 1.0000
vt 0.0278 0.0000 1.0000
vt 0.0278 0.0500 1.0000
vt 0.0139 0.0500 1.0000
vt 0.0139 0.0000 1.0000
vt 0.0278 0.1000 1.0000
vt 0.0139 0.1000 1.0000
vt 0.0278 0.2000 1.0000
vt 0.0139 0.2000 1.0000
vt 0.0139 0.1500 1.0000
vt 0.0278 0.1500 1.0000
vt 0.0000 0.2000 1.0000
vt 0.0000 0.1500 1.0000
vt -0.0278 0.2000 1.0000
vt -0.0278 0.1500 1.0000
vt -0.0139 0.1500 1.0000
vt -0.0139 0.2000 1.0000
vt 0.0417 0.0000 1.0000
vt 0.0417 0.0500 1.0000
vt 0.0556 0.0000 1.0000
vt 0.0556 0.0500 1.0000
vt 0.0556 0.1000 1.0000
vt 0.0417 0.1000 1.0000
vt 0.0833 0.0000 1.0000
vt 0.0833 0.0500 1.0000
vt 0.0694 0.0500 1.0000
vt 0.0694 0.0000 1.0000
vt 0.0833 0.1000 1.0000
vt 0.0694 0.1000 1.0000
vt 0.0833 0.2000 1.0000
vt 0.0694 0.2000 1.0000
vt 0.0694 0.1500 1.0000
vt 0.0833 0.1500 1.0000
vt 0.0556 0.2000 1.0000
vt 0.0556 0.1500 1.0000
vt 0.0417 0.1500 1.0000
vt 0.0417 0.2000 1.0000
vt 0.0972 0.0000 1.0000
vt 0.0972 0.0500 1.0000
vt 0.1111 0.0000 1.0000
vt 0.1111 0.0500 1.0000
vt 0.1111 0.1000 1.0000
vt 0.0972 0.1000 1.0000
vt 0.1389 0.0000 1.0000
vt 0.1389 0.0500 1.0000
vt 0.1250 0.0500 1.0000
vt 0.1250 0.0000 1.0000
vt 0.1389 0.1000 1.0000
vt 0.1250 0.1000 1.0000
vt 0.1389 0.2000 1.0000
vt 0.1250 0.2000 1.0000
vt 0.1250 0.1500 1.0000
vt 0.1389 0.1500 1.0000
vt 0.1111 0.2000 1.0000
vt 0.1111 0.1500 1.0000
vt 0.0972 0.1500 1.0000
vt 0.0972 0.2000 1.0000
vt 0.1528 0.0000 1.0000
vt 0.1528 0.0500 1.0000
vt 0.1667 0.0000 1.0000
vt 0.1667 0.0500 1.0000
vt 0.1667 0.1000 1.0000
vt 0.1528 0.1000 1.0000
vt 0.1944 0.0000 1.0000
vt 0.1944 0.0500 1.0000
vt 0.1806 0.0500 1.0000
vt 0.1806 0.0000 1.0000
vt 0.1944 0.1000 1.0000
vt 0.1806 0.1000 1.0000
vt 0.1944 0.2000 1.0000
vt 0.1806 0.2000 1.0000
vt 0.1806 0.1500 1.0000
vt 0.1944 0.1500 1.0000
vt 0.1667 0.2000 1.0000
vt 0.1667 0.1500 1.0000
vt 0.1528 0.1500 1.0000
vt 0.1528 0.2000 1.0000
vt 0.2083 0.0000 1.0000
vt 0.2083 0.0500 1.0000
vt 0.2222 0.0000 1.0000
vt 0.2222 0.0500 1.0000
vt 0.2222 0.1000 1.0000
vt 0.2083 0.1000 1.0000
vt 0.2500 0.0000 1.0000
vt 0.2500 0.0500 1.0000
vt 0.2361 0.0500 1.0000
vt 0.2361 0.0000 1.0000
vt 0.2500 0.1000 1.0000
vt 0.2361 0.1000 1.0000
vt 0.2500 0.2000 1.0000
vt 0.2361 0.2000 1.0000
vt 0.2361 0.1500 1.0000
vt 0.2500 0.1500 1.0000
vt 0.2222 0.2000 1.0000
vt 0.2222 0.1500 1.0000
vt 0.2083 0.1500 1.0000
vt 0.2083 0.2000 1.0000
vt 0.2639 0.0000 1.0000
vt 0.2639 0.0500 1.0000
vt 0.2778 0.0000 1.0000
vt 0.2778 0.0500 1.0000
vt 0.2778 0.1000 1.0000
vt 0.2639 0.1000 1.0000
vt 0.3056 0.0000 1.0000
vt 0.3056 0.0500 1.0000
vt 0.2917 0.0500 1.0000
vt 0.2917 0.0000 1.0000
vt 0.3056 0.1000 1.0000
vt 0.2917 0.1000 1.0000
vt 0.3056 0.2000 1.0000
vt 0.2917 0.2000 1.0000
vt 0.2917 0.1500 1.0000
vt 0.3056 0.1500 1.0000
vt 0.2778 0.2000 1.0000
vt 0.2778 0.1500 1.0000
vt 0.2639 0.1500 1.0000
vt 0.2639 0.2000 1.0000
vt 0.3194 0.0000 1.0000
vt 0.3194 0.0500 1.0000
vt 0.3333 0.0000 1.0000
vt 0.3333 0.0500 1.0000
vt 0.3333 0.1000 1.0000
vt 0.3194 0.1000 1.0000
vt 0.3611 0.0000 1.0000
vt 0.3611 0.0500 1.0000
vt 0.3472 0.0500 1.0000
vt 0.3472 0.0000 1.0000
vt 0.3611 0.1000 1.0000
vt 0.3472 0.1000 1.0000
vt 0.3611 0.2000 1.0000
vt 0.3472 0.2000 1.0000
vt 0.3472 0.1500 1.0000
vt 0.3611 0.1500 1.0000
vt 0.3333 0.2000 1.0000
vt 0.3333 0.1500 1.0000
vt 0.3194 0.1500 1.0000
vt 0.3194 0.2000 1.0000
vt 0.3750 0.0000 1.0000
vt 0.3750 0.0500 1.0000
vt 0.3889 0.0000 1.0000
vt 0.3889 0.0500 1.0000
vt 0.3889 0.1000 1.0000
vt 0.3750 0.1000 1.0000
vt 0.4167 0.0000 1.0000
vt 0.4167 0.0500 1.0000
vt 0.4028 0.0500 1.0000
vt 0.4028 0.0000 1.0000
vt 0.4167 0.1000 1.0000
vt 0.4028 0.1000 1.0000
vt 0.4167 0.2000 1.0000
vt 0.4028 0.2000 1.0000
vt 0.4028 0.1500 1.0000
vt 0.4167 0.1500 1.0000
vt 0.3889 0.2000 1.0000
vt 0.3889 0.1500 1.0000
vt 0.3750 0.1500 1.0000
vt 0.3750 0.2000 1.0000
vt 0.4306 0.0000 1.0000
vt 0.4306 0.0500 1.0000
vt 0.4444 0.0000 1.0000
vt 0.4444 0.0500 1.0000
vt 0.4444 0.1000 1.0000
vt 0.4306 0.1000 1.0000
vt 0.4722 0.0000 1.0000
vt 0.4722 0.0500 1.0000
vt 0.4583 0.0500 1.0000
vt 0.4583 0.0000 1.0000
vt 0.4722 0.1000 1.0000
vt 0.4583 0.1000 1.0000
vt 0.4722 0.2000 1.0000
vt 0.4583 0.2000 1.0000
vt 0.4583 0.1500 1.0000
vt 0.4722 0.1500 1.0000
vt 0.4444 0.2000 1.0000
vt 0.4444 0.1500 1.0000
vt 0.4306 0.1500 1.0000
vt 0.4306 0.2000 1.0000
vt 0.4861 0.0000 1.0000
vt 0.4861 0.0500 1.0000
vt 0.5000 0.0000 1.0000
vt 0.5000 0.0500 1.0000
vt 0.5000 0.1000 1.0000
vt 0.4861 0.1000 1.0000
vt 0.5278 0.0000 1.0000
vt 0.5278 0.0500 1.0000
vt 0.5139 0.0500 1.0000
vt 0.5139 0.0000 1.0000
vt 0.5278 0.1000 1.0000
vt 0.5139 0.1000 1.0000
vt 0.5278 0.2000 1.0000
vt 0.5139 0.2000 1.0000
vt 0.5139 0.1500 1.0000
vt 0.5278 0.1500 1.0000
vt 0.5000 0.2000 1.0000
vt 0.5000 0.1500 1.0000
vt 0.4861 0.1500 1.0000
vt 0.4861 0.2000 1.0000
vt 0.5417 0.0000 1.0000
vt 0.5417 0.0500 1.0000
vt 0.5556 0.0000 1.0000
vt 0.5556 0.0500 1.0000
vt 0.5556 0.1000 1.0000
vt 0.5417 0.1000 1.0000
vt 0.5833 0.0000 1.0000
vt 0.5833 0.0500 1.0000
vt 0.5694 0.0500 1.0000
vt 0.5694 0.0000 1.0000
vt 0.5833 0.1000 1.0000
vt 0.5694 0.1000 1.0000
vt 0.5833 0.2000 1.0000
vt 0.5694 0.2000 1.0000
vt 0.5694 0.1500 1.0000
vt 0.5833 0.1500 1.0000
vt 0.5556 0.2000 1.0000
vt 0.5556 0.1500 1.0000
vt 0.5417 0.1500 1.0000
vt 0.5417 0.2000 1.0000
vt 0.5972 0.0000 1.0000
vt 0.5972 0.0500 1.0000
vt 0.6111 0.0000 1.0000
vt 0.6111 0.0500 1.0000
vt 0.6111 0.1000 1.0000
vt 0.5972 0.1000 1.0000
vt 0.6389 0.0000 1.0000
vt 0.6389 0.0500 1.0000
vt 0.6250 0.0500 1.0000
vt 0.6250 0.0000 1.0000
vt 0.6389 0.1000 1.0000
vt 0.6250 0.1000 1.0000
vt 0.6389 0.2000 1.0000
vt 0.6250 0.2000 1.0000
vt 0.6250 0.1500 1.0000
vt 0.6389 0.1500 1.0000
vt 0.6111 0.2000 1.0000
vt 0.6111 0.1500 1.0000
vt 0.5972 0.1500 1.0000
vt 0.5972 0.2000 1.0000
vt 0.6528 0.0000 1.0000
vt 0.6528 0.0500 1.0000
vt 0.6667 0.0000 1.0000
vt 0.6667 0.0500 1.0000
vt 0.6667 0.1000 1.0000
vt 0.6528 0.1000 1.0000
vt 0.6944 0.0000 1.0000
vt 0.6944 0.0500 1.0000
vt 0.6806 0.0500 1.0000
vt 0.6806 0.0000 1.0000
vt 0.6944 0.1000 1.0000
vt 0.6806 0.1000 1.0000
vt 0.6944 0.2000 1.0000
vt 0.6806 0.2000 1.0000
vt 0.6806 0.1500 1.0000
vt 0.6944 0.1500 1.0000
vt 0.6667 0.2000 1.0000
vt 0.6667 0.1500 1.0000
vt 0.6528 0.1500 1.0000
vt 0.6528 0.2000 1.0000
vt 0.7083 0.0000 1.0000
vt 0.7083 0.0500 1.0000
vt 0.7222 0.0000 1.0000
vt 0.7182 0.0528 0.9865
vt 0.7212 0.1007 0.9966
vt 0.7083 0.1000 1.0000
vt 0.7200 0.0611 0.9462
vt 0.7039 0.0222 0.8923
vt 0.7321 0.1028 0.9865
vt 0.7361 0.2000 1.0000
vt 0.7361 0.1500 1.0000
vt 0.7222 0.2000 1.0000
vt 0.7222 0.1500 1.0000
vt 0.7083 0.1500 1.0000
vt 0.7083 0.2000 1.0000
vt 0.7639 0.2500 1.0000
vt 0.7500 0.2500 1.0000
vt 0.7778 0.2500 1.0000
vt 0.7778 0.3000 1.0000
vt 0.7639 0.3000 1.0000
vt 0.7500 0.3000 1.0000
vt 0.8056 0.2500 1.0000
vt 0.7917 0.2500 1.0000
vt 0.8056 0.3000 1.0000
vt 0.7917 0.3000 1.0000
vt 0.8056 0.4000 1.0000
vt 0.7917 0.4000 1.0000
vt 0.7917 0.3500 1.0000
vt 0.8056 0.3500 1.0000
vt 0.7778 0.4000 1.0000
vt 0.7778 0.3500 1.0000
vt 0.7500 0.4000 1.0000
vt 0.7500 0.3500 1.0000
vt 0.7639 0.3500 1.0000
vt 0.7639 0.4000 1.0000
vt 0.8194 0.2500 1.0000
vt 0.8333 0.2500 1.0000
vt 0.8333 0.3000 1.0000
vt 0.8194 0.3000 1.0000
vt 0.8611 0.2500 1.0000
vt 0.8472 0.2500 1.0000
vt 0.8611 0.3000 1.0000
vt 0.8472 0.3000 1.0000
vt 0.8611 0.4000 1.0000
vt 0.8472 0.4000 1.0000
vt 0.8472 0.3500 1.0000
vt 0.8611 0.3500 1.0000
vt 0.8333 0.4000 1.0000
vt 0.8333 0.3500 1.0000
vt 0.8194 0.3500 1.0000
vt 0.8194 0.4000 1.0000
vt 0.8750 0.2500 1.0000
vt 0.8889 0.2500 1.0000
vt 0.8889 0.3000 1.0000
vt 0.8750 0.3000 1.0000
vt 0.9167 0.2500 1.0000
vt 0.9028 0.2500 1.0000
vt 0.9167 0.3000 1.0000
vt 0.9028 0.3000 1.0000
vt 0.9167 0.4000 1.0000
vt 0.9028 0.4000 1.0000
vt 0.9028 0.3500 1.0000
vt 0.9167 0.3500 1.0000
vt 0.8889 0.4000 1.0000
vt 0.8889 0.3500 1.0000
vt 0.8750 0.3500 1.0000
vt 0.8750 0.4000 1.0000
vt 0.9306 0.2500 1.0000
vt 0.9444 0.2500 1.0000
vt 0.9444 0.3000 1.0000
vt 0.9306 0.3000 1.0000
vt 0.9722 0.2500 1.0000
vt 0.9583 0.2500 1.0000
vt 0.9722 0.3000 1.0000
vt 0.9583 0.3000 1.0000
vt 0.9722 0.4000 1.0000
vt 0.9583 0.4000 1.0000
vt 0.9583 0.3500 1.0000
vt 0.9722 0.3500 1.0000
vt 0.9444 0.4000 1.0000
vt 0.9444 0.3500 1.0000
vt 0.9306 0.3500 1.0000
vt 0.9306 0.4000 1.0000
vt -0.0139 0.2500 1.0000
vt -0.0278 0.2500 1.0000
vt 0.0000 0.2500 1.0000
vt 0.0000 0.3000 1.0000
vt -0.0139 0.3000 1.0000
vt -0.0278 0.3000 1.0000
vt 0.0278 0.2500 1.0000
vt 0.0139 0.2500 1.0000
vt 0.0278 0.3000 1.0000
vt 0.0139 0.3000 1.0000
vt 0.0278 0.4000 1.0000
vt 0.0139 0.4000 1.0000
vt 0.0139 0.3500 1.0000
vt 0.0278 0.3500 1.0000
vt 0.0000 0.4000 1.0000
vt 0.0000 0.3500 1.0000
vt -0.0278 0.4000 1.0000
vt -0.0278 0.3500 1.0000
vt -0.0139 0.3500 1.0000
vt -0.0139 0.4000 1.0000
vt 0.0417 0.2500 1.0000
vt 0.0556 0.2500 1.0000
vt 0.0556 0.3000 1.0000
vt 0.0417 0.3000 1.0000
vt 0.0833 0.2500 1.0000
vt 0.0694 0.2500 1.0000
vt 0.0833 0.3000 1.0000
vt 0.0694 0.3000 1.0000
vt 0.0833 0.4000 1.0000
vt 0.0694 0.4000 1.0000
vt 0.0694 0.3500 1.0000
vt 0.0833 0.3500 1.0000
vt 0.0556 0.4000 1.0000
vt 0.0556 0.3500 1.0000
vt 0.0417 0.3500 1.0000
vt 0.0417 0.4000 1.0000
vt 0.0972 0.2500 1.0000
vt 0.1111 0.2500 1.0000
vt 0.1111 0.3000 1.0000
vt 0.0972 0.3000 1.0000
vt 0.1389 0.2500 1.0000
vt 0.1250 0.2500 1.0000
vt 0.1389 0.3000 1.0000
vt 0.1250 0.3000 1.0000
vt 0.1389 0.4000 1.0000
vt 0.1250 0.4000 1.0000
vt 0.1250 0.3500 1.0000
vt 0.1389 0.3500 1.0000
vt 0.1111 0.4000 1.0000
vt 0.1111 0.3500 1.0000
vt 0.0972 0.3500 1.0000
vt 0.0972 0.4000 1.0000
vt 0.1528 0.2500 1.0000
vt 0.1667 0.2500 1.0000
vt 0.1667 0.3000 1.0000
vt 0.1528 0.3000 1.0000
vt 0.1944 0.2500 1.0000
vt 0.1806 0.2500 1.0000
vt 0.1944 0.3000 1.0000
vt 0.1806 0.3000 1.0000
vt 0.1944 0.4000 1.0000
vt 0.1806 0.4000 1.0000
vt 0.1806 0.3500 1.0000
vt 0.1944 0.3500 1.0000
vt 0.1667 0.4000 1.0000
vt 0.1667 0.3500 1.0000
vt 0.1528 0.3500 1.0000
vt 0.1528 0.4000 1.0000
vt 0.2083 0.2500 1.0000
vt 0.2222 0.2500 1.0000
vt 0.2222 0.3000 1.0000
vt 0.2083 0.3000 1.0000
vt 0.2500 0.2500 1.0000
vt 0.2361 0.2500 1.0000
vt 0.2500 0.3000 1.0000
vt 0.2361 0.3000 1.0000
vt 0.2500 0.4000 1.0000
vt 0.2361 0.4000 1.0000
vt 0.2361 0.3500 1.0000
vt 0.2500 0.3500 1.0000
vt 0.2222 0.4000 1.0000
vt 0.2222 0.3500 1.0000
vt 0.2083 0.3500 1.0000
vt 0.2083 0.4000 1.0000
vt 0.2639 0.2500 1.0000
vt 0.2778 0.2500 1.0000
vt 0.2778 0.3000 1.0000
vt 0.2639 0.3000 1.0000
vt 0.3056 0.2500 1.0000
vt 0.2917 0.2500 1.0000
vt 0.3056 0.3000 1.0000
vt 0.2917 0.3000 1.0000
vt 0.3056 0.4000 1.0000
vt 0.2917 0.4000 1.0000
vt 0.2917 0.3500 1.0000
vt 0.3056 0.3500 1.0000
vt 0.2778 0.4000 1.0000
vt 0.2778 0.3500 1.0000
vt 0.2639 0.3500 1.0000
vt 0.2639 0.4000 1.0000
vt 0.3194 0.2500 1.0000
vt 0.3333 0.2500 1.0000
vt 0.3333 0.3000 1.0000
vt 0.3194 0.3000 1.0000
vt 0.3611 0.2500 1.0000
vt 0.3472 0.2500 1.0000
vt 0.3611 0.3000 1.0000
vt 0.3472 0.3000 1.0000
vt 0.3611 0.4000 1.0000
vt 0.3472 0.4000 1.0000
vt 0.3472 0.3500 1.0000
vt 0.3611 0.3500 1.0000
vt 0.3333 0.4000 1.0000
vt 0.3333 0.3500 1.0000
vt 0.3194 0.3500 1.0000
vt 0.3194 0.4000 1.0000
vt 0.3750 0.2500 1.0000
vt 0.3889 0.2500 1.0000
vt 0.3889 0.3000 1.0000
vt 0.3750 0.3000 1.0000
vt 0.4167 0.2500 1.0000
vt 0.4028 0.2500 1.0000
vt 0.4167 0.3000 1.0000
vt 0.4028 0.3000 1.0000
vt 0.4167 0.4000 1.0000
vt 0.4028 0.4000 1.0000
vt 0.4028 0.3500 1.0000
vt 0.4167 0.3500 1.0000
vt 0.3889 0.4000 1.0000
vt 0.3889 0.3500 1.0000
vt 0.3750 0.3500 1.0000
vt 0.3750 0.4000 1.0000
vt 0.4306 0.2500 1.0000
vt 0.4444 0.2500 1.0000
vt 0.4444 0.3000 1.0000
vt 0.4306 0.3000 1.0000
vt 0.4722 0.2500 1.0000
vt 0.4583 0.2500 1.0000
vt 0.4722 0.3000 1.0000
vt 0.4583 0.3000 1.0000
vt 0.4722 0.4000 1.0000
vt 0.4583 0.4000 1.0000
vt 0.4583 0.3500 1.0000
vt 0.4722 0.3500 1.0000
vt 0.4444 0.4000 1.0000
vt 0.4444 0.3500 1.0000
vt 0.4306 0.3500 1.0000
vt 0.4306 0.4000 1.0000
vt 0.4861 0.2500 1.0000
vt 0.5000 0.2500 1.0000
vt 0.5000 0.3000 1.0000
vt 0.4861 0.3000 1.0000
vt 0.5278 0.2500 1.0000
vt 0.5139 0.2500 1.0000
vt 0.5278 0.3000 1.0000
vt 0.5139 0.3000 1.0000
vt 0.5278 0.4000 1.0000
vt 0.5139 0.4000 1.0000
vt 0.5139 0.3500 1.0000
vt 0.5278 0.3500 1.0000
vt 0.5000 0.4000 1.0000
vt 0.5000 0.3500 1.0000
vt 0.4861 0.3500 1.0000
vt 0.4861 0.4000 1.0000
vt 0.5417 0.2500 1.0000
vt 0.5556 0.2500 1.0000
vt 0.5556 0.3000 1.0000
vt 0.5417 0.3000 1.0000
vt 0.5833 0.2500 1.0000
vt 0.5694 0.2500 1.0000
vt 0.5833 0.3000 1.0000
vt 0.5694 0.3000 1.0000
vt 0.5833 0.4000 1.0000
vt 0.5694 0.4000 1.0000
vt 0.5694 0.3500 1.0000
vt 0.5833 0.3500 1.0000
vt 0.5556 0.4000 1.0000
vt 0.5556 0.3500 1.0000
vt 0.5417 0.3500 1.0000
vt 0.5417 0.4000 1.0000
vt 0.5972 0.2500 1.0000
vt 0.6111 0.2500 1.0000
vt 0.6111 0.3000 1.0000
vt 0.5972 0.3000 1.0000
vt 0.6389 0.2500 1.0000
vt 0.6250 0.2500 1.0000
vt 0.6389 0.3000 1.0000
vt 0.6250 0.3000 1.0000
vt 0.6389 0.4000 1.0000
vt 0.6250 0.4000 1.0000
vt 0.6250 0.3500 1.0000
vt 0.6389 0.3500 1.0000
vt 0.6111 0.4000 1.0000
vt 0.6111 0.3500 1.0000
vt 0.5972 0.3500 1.0000
vt 0.5972 0.4000 1.0000
vt 0.6528 0.2500 1.0000
vt 0.6667 0.2500 1.0000
vt 0.6667 0.3000 1.0000
vt 0.6528 0.3000 1.0000
vt 0.6944 0.2500 1.0000
vt 0.6806 0.2500 1.0000
vt 0.6944 0.3000 1.0000
vt 0.6806 0.3000 1.0000
vt 0.6944 0.4000 1.0000
vt 0.6806 0.4000 1.0000
vt 0.6806 0.3500 1.0000
vt 0.6944 0.3500 1.0000
vt 0.6667 0.4000 1.0000
vt 0.6667 0.3500 1.0000
vt 0.6528 0.3500 1.0000
vt 0.6528 0.4000 1.0000
vt 0.7083 0.2500 1.0000
vt 0.7222 0.2500 1.0000
vt 0.7222 0.3000 1.0000
vt 0.7083 0.3000 1.0000
vt 0.7361 0.2500 1.0000
vt 0.7361 0.3000 1.0000
vt 0.7361 0.4000 1.0000
vt 0.7361 0.3500 1.0000
vt 0.7222 0.4000 1.0000
vt 0.7222 0.3500 1.0000
vt 0.7083 0.3500 1.0000
vt 0.7083 0.4000 1.0000
vt 0.7639 0.4500 1.0000
vt 0.7500 0.4500 1.0000
vt 0.7778 0.4500 1.0000
vt 0.7778 0.5000 1.0000
vt 0.7639 0.5000 1.0000
vt 0.7500 0.5000 1.0000
vt 0.8056 0.4500 1.0000
vt 0.7917 0.4500 1.0000
vt 0.8056 0.5000 1.0000
vt 0.7917 0.5000 1.0000
vt 0.8056 0.6000 1.0000
vt 0.7917 0.6000 1.0000
vt 0.7917 0.5500 1.0000
vt 0.8056 0.5500 1.0000
vt 0.7778 0.6000 1.0000
vt 0.7778 0.5500 1.0000
vt 0.7500 0.6000 1.0000
vt 0.7500 0.5500 1.0000
vt 0.7639 0.5500 1.0000
vt 0.7639 0.6000 1.0000
vt 0.8194 0.4500 1.0000
vt 0.8333 0.4500 1.0000
vt 0.8333 0.5000 1.0000
vt 0.8194 0.5000 1.0000
vt 0.8611 0.4500 1.0000
vt 0.8472 0.4500 1.0000
vt 0.8611 0.5000 1.0000
vt 0.8472 0.5000 1.0000
vt 0.8611 0.6000 1.0000
vt 0.8472 0.6000 1.0000
vt 0.8472 0.5500 1.0000
vt 0.8611 0.5500 1.0000
vt 0.8333 0.6000 1.0000
vt 0.8333 0.5500 1.0000
vt 0.8194 0.5500 1.0000
vt 0.8194 0.6000 1.0000
vt 0.8750 0.4500 1.0000
vt 0.8889 0.4500 1.0000
vt 0.8889 0.5000 1.0000
vt 0.8750 0.5000 1.0000
vt 0.9167 0.4500 1.0000
vt 0.9028 0.4500 1.0000
vt 0.9167 0.5000 1.0000
vt 0.9028 0.5000 1.0000
vt 0.9167 0.6000 1.0000
vt 0.9028 0.6000 1.0000
vt 0.9028 0.5500 1.0000
vt 0.9167 0.5500 1.0000
vt 0.8889 0.6000 1.0000
vt 0.8889 0.5500 1.0000
vt 0.8750 0.5500 1.0000
vt 0.8750 0.6000 1.0000
vt 0.9306 0.4500 1.0000
vt 0.9444 0.4500 1.0000
vt 0.9444 0.5000 1.0000
vt 0.9306 0.5000 1.0000
vt 0.9722 0.4500 1.0000
vt 0.9583 0.4500 1.0000
vt 0.9722 0.5000 1.0000
vt 0.9583 0.5000 1.0000
vt 0.9722 0.6000 1.0000
vt 0.9583 0.6000 1.0000
vt 0.9583 0.5500 1.0000
vt 0.9722 0.5500 1.0000
vt 0.9444 0.6000 1.0000
vt 0.9444 0.5500 1.0000
vt 0.9306 0.5500 1.0000
vt 0.9306 0.6000 1.0000
vt -0.0139 0.4500 1.0000
vt -0.0278 0.4500 1.0000
vt 0.0000 0.4500 1.0000
vt 0.0000 0.5000 1.0000
vt -0.0139 0.5000 1.0000
vt -0.0278 0.5000 1.0000
vt 0.0278 0.4500 1.0000
vt 0.0139 0.4500 1.0000
vt 0.0278 0.5000 1.0000
vt 0.0139 0.5000 1.0000
vt 0.0278 0.6000 1.0000
vt 0.0139 0.6000 1.0000
vt 0.0139 0.5500 1.0000
vt 0.0278 0.5500 1.0000
vt 0.0000 0.6000 1.0000
vt 0.0000 0.5500 1.0000
vt -0.0278 0.6000 1.0000
vt -0.0278 0.5500 1.0000
vt -0.0139 0.5500 1.0000
vt -0.0139 0.6000 1.0000
vt 0.0417 0.4500 1.0000
vt 0.0556 0.4500 1.0000
vt 0.0556 0.5000 1.0000
vt 0.0417 0.5000 1.0000
vt 0.0833 0.4500 1.0000
vt 0.0694 0.4500 1.0000
vt 0.0833 0.5000 1.0000
vt 0.0694 0.5000 1.0000
vt 0.0833 0.6000 1.0000
vt 0.0694 0.6000 1.0000
vt 0.0694 0.5500 1.0000
vt 0.0833 0.5500 1.0000
vt 0.0556 0.6000 1.0000
vt 0.0556 0.5500 1.0000
vt 0.0417 0.5500 1.0000
vt 0.0417 0.6000 1.0000
vt 0.0972 0.4500 1.0000
vt 0.1111 0.4500 1.0000
vt 0.1111 0.5000 1.0000
vt 0.0972 0.5000 1.0000
vt 0.1389 0.4500 1.0000
vt 0.1250 0.4500 1.0000
vt 0.1389 0.5000 1.0000
vt 0.1250 0.5000 1.0000
vt 0.1389 0.6000 1.0000
vt 0.1250 0.6000 1.0000
vt 0.1250 0.5500 1.0000
vt 0.1389 0.5500 1.0000
vt 0.1111 0.6000 1.0000
vt 0.1111 0.5500 1.0000
vt 0.0972 0.5500 1.0000
vt 0.0972 0.6000 1.0000
vt 0.1528 0.4500 1.0000
vt 0.1667 0.4500 1.0000
vt 0.1667 0.5000 1.0000
vt 0.1528 0.5000 1.0000
vt 0.1944 0.4500 1.0000
vt 0.1806 0.4500 1.0000
vt 0.1944 0.5000 1.0000
vt 0.1806 0.5000 1.0000
vt 0.1944 0.6000 1.0000
vt 0.1806 0.6000 1.0000
vt 0.1806 0.5500 1.0000
vt 0.1944 0.5500 1.0000
vt 0.1667 0.6000 1.0000
vt 0.1667 0.5500 1.0000
vt 0.1528 0.5500 1.0000
vt 0.1528 0.6000 1.0000
vt 0.2083 0.4500 1.0000
vt 0.2222 0.4500 1.0000
vt 0.2222 0.5000 1.0000
vt 0.2083 0.5000 1.0000
vt 0.2500 0.4500 1.0000
vt 0.2361 0.4500 1.0000
vt 0.2500 0.5000 1.0000
vt 0.2361 0.5000 1.0000
vt 0.2500 0.6000 1.0000
vt 0.2361 0.6000 1.0000
vt 0.2361 0.5500 1.0000
vt 0.2500 0.5500 1.0000
vt 0.2222 0.6000 1.0000
vt 0.2222 0.5500 1.0000
vt 0.2083 0.5500 1.0000
vt 0.2083 0.6000 1.0000
vt 0.2639 0.4500 1.0000
vt 0.2778 0.4500 1.0000
vt 0.2778 0.5000 1.0000
vt 0.2639 0.5000 1.0000
vt 0.3056 0.4500 1.0000
vt 0.2917 0.4500 1.0000
vt 0.3056 0.5000 1.0000
vt 0.2917 0.5000 1.0000
vt 0.3056 0.6000 1.0000
vt 0.2917 0.6000 1.0000
vt 0.2917 0.5500 1.0000
vt 0.3056 0.5500 1.0000
vt 0.2778 0.6000 1.0000
vt 0.2778 0.5500 1.0000
vt 0.2639 0.5500 1.0000
vt 0.2639 0.6000 1.0000
vt 0.3194 0.4500 1.0000
vt 0.3333 0.4500 1.0000
vt 0.3333 0.5000 1.0000
vt 0.3194 0.5000 1.0000
vt 0.3611 0.4500 1.0000
vt 0.3472 0.4500 1.0000
vt 0.3611 0.5000 1.0000
vt 0.3472 0.5000 1.0000
vt 0.3611 0.6000 1.0000
vt 0.3472 0.6000 1.0000
vt 0.3472 0.5500 1.0000
vt 0.3611 0.5500 1.0000
vt 0.3333 0.6000 1.0000
vt 0.3333 0.5500 1.0000
vt 0.3194 0.5500 1.0000
vt 0.3194 0.6000 1.0000
vt 0.3750 0.4500 1.0000
vt 0.3889 0.4500 1.0000
vt 0.3889 0.5000 1.0000
vt 0.3750 0.5000 1.0000
vt 0.4167 0.4500 1.0000
vt 0.4028 0.4500 1.0000
vt 0.4167 0.5000 1.0000
vt 0.4028 0.5000 1.0000
vt 0.4167 0.6000 1.0000
vt 0.4028 0.6000 1.0000
vt 0.4028 0.5500 1.0000
vt 0.4167 0.5500 1.0000
vt 0.3889 0.6000 1.0000
vt 0.3889 0.5500 1.0000
vt 0.3750 0.5500 1.0000
vt 0.3750 0.6000 1.0000
vt 0.4306 0.4500 1.0000
vt 0.4444 0.4500 1.0000
vt 0.4444 0.5000 1.0000
vt 0.4306 0.5000 1.0000
vt 0.4722 0.4500 1.0000
vt 0.4583 0.4500 1.0000
vt 0.4722 0.5000 1.0000
vt 0.4583 0.5000 1.0000
vt 0.4722 0.6000 1.0000
vt 0.4583 0.6000 1.0000
vt 0.4583 0.5500 1.0000
vt 0.4722 0.5500 1.0000
vt 0.4444 0.6000 1.0000
vt 0.4444 0.5500 1.0000
vt 0.4306 0.5500 1.0000
vt 0.4306 0.6000 1.0000
vt 0.4861 0.4500 1.0000
vt 0.5000 0.4500 1.0000
vt 0.5000 0.5000 1.0000
vt 0.4861 0.5000 1.0000
vt 0.5278 0.4500 1.0000
vt 0.5139 0.4500 1.0000
vt 0.5278 0.5000 1.0000
vt 0.5139 0.5000 1.0000
vt 0.5278 0.6000 1.0000
vt 0.5139 0.6000 1.0000
vt 0.5139 0.5500 1.0000
vt 0.5278 0.5500 1.0000
vt 0.5000 0.6000 1.0000
vt 0.5000 0.5500 1.0000
vt 0.4861 0.5500 1.0000
vt 0.4861 0.6000 1.0000
vt 0.5417 0.4500 1.0000
vt 0.5556 0.4500 1.0000
vt 0.5556 0.5000 1.0000
vt 0.5417 0.5000 1.0000
vt 0.5833 0.4500 1.0000
vt 0.5694 0.4500 1.0000
vt 0.5833 0.5000 1.0000
vt 0.5694 0.5000 1.0000
vt 0.5833 0.6000 1.0000
vt 0.5694 0.6000 1.0000
vt 0.5694 0.5500 1.0000
vt 0.5833 0.5500 1.0000
vt 0.5556 0.6000 1.0000
vt 0.5556 0.5500 1.0000
vt 0.5417 0.5500 1.0000
vt 0.5417 0.6000 1.0000
vt 0.5972 0.4500 1.0000
vt 0.6111 0.4500 1.0000
vt 0.6111 0.5000 1.0000
vt 0.5972 0.5000 1.0000
vt 0.6389 0.4500 1.0000
vt 0.6250 0.4500 1.0000
vt 0.6389 0.5000 1.0000
vt 0.6250 0.5000 1.0000
vt 0.6389 0.6000 1.0000
vt 0.6250 0.6000 1.0000
vt 0.6250 0.5500 1.0000
vt 0.6389 0.5500 1.0000
vt 0.6111 0.6000 1.0000
vt 0.6111 0.5500 1.0000
vt 0.5972 0.5500 1.0000
vt 0.5972 0.6000 1.0000
vt 0.6528 0.4500 1.0000
vt 0.6667 0.4500 1.0000
vt 0.6667 0.5000 1.0000
vt 0.6528 0.5000 1.0000
vt 0.6944 0.4500 1.0000
vt 0.6806 0.4500 1.0000
vt 0.6944 0.5000 1.0000
vt 0.6806 0.5000 1.0000
vt 0.6944 0.6000 1.0000
vt 0.6806 0.6000 1.0000
vt 0.6806 0.5500 1.0000
vt 0.6944 0.5500 1.0000
vt 0.6667 0.6000 1.0000
vt 0.6667 0.5500 1.0000
vt 0.6528 0.5500 1.0000
vt 0.6528 0.6000 1.0000
vt 0.7083 0.4500 1.0000
vt 0.7222 0.4500 1.0000
vt 0.7222 0.5000 1.0000
vt 0.7083 0.5000 1.0000
vt 0.7361 0.4500 1.0000
vt 0.7361 0.5000 1.0000
vt 0.7361 0.6000 1.0000
vt 0.7361 0.5500 1.0000
vt 0.7222 0.6000 1.0000
vt 0.7222 0.5500 1.0000
vt 0.7083 0.5500 1.0000
vt 0.7083 0.6000 1.0000
vt 0.7639 0.6500 1.0000
vt 0.7500 0.6500 1.0000
vt 0.7778 0.6500 1.0000
vt 0.7778 0.7000 1.0000
vt 0.7639 0.7000 1.0000
vt 0.7500 0.7000 1.0000
vt 0.8056 0.6500 1.0000
vt 0.7917 0.6500 1.0000
vt 0.8056 0.7000 1.0000
vt 0.7917 0.7000 1.0000
vt 0.8056 0.8000 1.0000
vt 0.7917 0.8000 1.0000
vt 0.7917 0.7500 1.0000
vt 0.8056 0.7500 1.0000
vt 0.7778 0.8000 1.0000
vt 0.7778 0.7500 1.0000
vt 0.7500 0.8000 1.0000
vt 0.7500 0.7500 1.0000
vt 0.7639 0.7500 1.0000
vt 0.7639 0.8000 1.0000
vt 0.8194 0.6500 1.0000
vt 0.8333 0.6500 1.0000
vt 0.8333 0.7000 1.0000
vt 0.8194 0.7000 1.0000
vt 0.8611 0.6500 1.0000
vt 0.8472 0.6500 1.0000
vt 0.8611 0.7000 1.0000
vt 0.8472 0.7000 1.0000
vt 0.8611 0.8000 1.0000
vt 0.8472 0.8000 1.0000
vt 0.8472 0.7500 1.0000
vt 0.8611 0.7500 1.0000
vt 0.8333 0.8000 1.0000
vt 0.8333 0.7500 1.0000
vt 0.8194 0.7500 1.0000
vt 0.8194 0.8000 1.0000
vt 0.8750 0.6500 1.0000
vt 0.8889 0.6500 1.0000
vt 0.8889 0.7000 1.0000
vt 0.8750 0.7000 1.0000
vt 0.9167 0.6500 1.0000
vt 0.9028 0.6500 1.0000
vt 0.9167 0.7000 1.0000
vt 0.9028 0.7000 1.0000
vt 0.9167 0.8000 1.0000
vt 0.9028 0.8000 1.0000
vt 0.9028 0.7500 1.0000
vt 0.9167 0.7500 1.0000
vt 0.8889 0.8000 1.0000
vt 0.8889 0.7500 1.0000
vt 0.8750 0.7500 1.0000
vt 0.8750 0.8000 1.0000
vt 0.9306 0.6500 1.0000
vt 0.9444 0.6500 1.0000
vt 0.9444 0.7000 1.0000
vt 0.9306 0.7000 1.0000
vt 0.9722 0.6500 1.0000
vt 0.9583 0.6500 1.0000
vt 0.9722 0.7000 1.0000
vt 0.9583 0.7000 1.0000
vt 0.9722 0.8000 1.0000
vt 0.9583 0.8000 1.0000
vt 0.9583 0.7500 1.0000
vt 0.9722 0.7500 1.0000
vt 0.9444 0.8000 1.0000
vt 0.9444 0.7500 1.0000
vt 0.9306 0.7500 1.0000
vt 0.9306 0.8000 1.0000
vt -0.0139 0.6500 1.0000
vt -0.0278 0.6500 1.0000
vt 0.0000 0.6500 1.0000
vt 0.0000 0.7000 1.0000
vt -0.0139 0.7000 1.0000
vt -0.0278 0.7000 1.0000
vt 0.0278 0.6500 1.0000
vt 0.0139 0.6500 1.0000
vt 0.0278 0.7000 1.0000
vt 0.0139 0.7000 1.0000
vt 0.0278 0.8000 1.0000
vt 0.0139 0.8000 1.0000
vt 0.0139 0.7500 1.0000
vt 0.0278 0.7500 1.0000
vt 0.0000 0.8000 1.0000
vt 0.0000 0.7500 1.0000
vt -0.0278 0.8000 1.0000
vt -0.0278 0.7500 1.0000
vt -0.0139 0.7500 1.0000
vt -0.0139 0.8000 1.0000
vt 0.0417 0.6500 1.0000
vt 0.0556 0.6500 1.0000
vt 0.0556 0.7000 1.0000
vt 0.0417 0.7000 1.0000
vt 0.0833 0.6500 1.0000
vt 0.0694 0.6500 1.0000
vt 0.0833 0.7000 1.0000
vt 0.0694 0.7000 1.0000
vt 0.0833 0.8000 1.0000
vt 0.0694 0.8000 1.0000
vt 0.0694 0.7500 1.0000
vt 0.0833 0.7500 1.0000
vt 0.0556 0.8000 1.0000
vt 0.0556 0.7500 1.0000
vt 0.0417 0.7500 1.0000
vt 0.0417 0.8000 1.0000
vt 0.0972 0.6500 1.0000
vt 0.1111 0.6500 1.0000
vt 0.1111 0.7000 1.0000
vt 0.0972 0.7000 1.0000
vt 0.1389 0.6500 1.0000
vt 0.1250 0.6500 1.0000
vt 0.1389 0.7000 1.0000
vt 0.1250 0.7000 1.0000
vt 0.1389 0.8000 1.0000
vt 0.1250 0.8000 1.0000
vt 0.1250 0.7500 1.0000
vt 0.1389 0.7500 1.0000
vt 0.1111 0.8000 1.0000
vt 0.1111 0.7500 1.0000
vt 0.0972 0.7500 1.0000
vt 0.0972 0.8000 1.0000
vt 0.1528 0.6500 1.0000
vt 0.1667 0.6500 1.0000
vt 0.1667 0.7000 1.0000
vt 0.1528 0.7000 1.0000
vt 0.1944 0.6500 1.0000
vt 0.1806 0.6500 1.0000
vt 0.1944 0.7000 1.0000
vt 0.1806 0.7000 1.0000
vt 0.1944 0.8000 1.0000
vt 0.1806 0.8000 1.0000
vt 0.1806 0.7500 1.0000
vt 0.1944 0.7500 1.0000
vt 0.1667 0.8000 1.0000
vt 0.1667 0.7500 1.0000
vt 0.1528 0.7500 1.0000
vt 0.1528 0.8000 1.0000
vt 0.2083 0.6500 1.0000
vt 0.2222 0.6500 1.0000
vt 0.2222 0.7000 1.0000
vt 0.2083 0.7000 1.0000
vt 0.2500 0.6500 1.0000
vt 0.2361 0.6500 1.0000
vt 0.2500 0.7000 1.0000
vt 0.2361 0.7000 1.0000
vt 0.2500 0.8000 1.0000
vt 0.2361 0.8000 1.0000
vt 0.2361 0.7500 1.0000
vt 0.2500 0.7500 1.0000
vt 0.2222 0.8000 1.0000
vt 0.2222 0.7500 1.0000
vt 0.2083 0.7500 1.0000
vt 0.2083 0.8000 1.0000
vt 0.2639 0.6500 1.0000
vt 0.2778 0.6500 1.0000
vt 0.2778 0.7000 1.0000
vt 0.2639 0.7000 1.0000
vt 0.3056 0.6500 1.0000
vt 0.2917 0.6500 1.0000
vt 0.3056 0.7000 1.0000
vt 0.2917 0.7000 1.0000
vt 0.3056 0.8000 1.0000
vt 0.2917 0.8000 1.0000
vt 0.2917 0.7500 1.0000
vt 0.3056 0.7500 1.0000
vt 0.2778 0.8000 1.0000
vt 0.2778 0.7500 1.0000
vt 0.2639 0.7500 1.0000
vt 0.2639 0.8000 1.0000
vt 0.3194 0.6500 1.0000
vt 0.3333 0.6500 1.0000
vt 0.3333 0.7000 1.0000
vt 0.3194 0.7000 1.0000
vt 0.3611 0.6500 1.0000
vt 0.3472 0.6500 1.0000
vt 0.3611 0.7000 1.0000
vt 0.3472 0.7000 1.0000
vt 0.3611 0.8000 1.0000
vt 0.3472 0.8000 1.0000
vt 0.3472 0.7500 1.0000
vt 0.3611 0.7500 1.0000
vt 0.3333 0.8000 1.0000
vt 0.3333 0.7500 1.0000
vt 0.3194 0.7500 1.0000
vt 0.3194 0.8000 1.0000
vt 0.3750 0.6500 1.0000
vt 0.3889 0.6500 1.0000
vt 0.3889 0.7000 1.0000
vt 0.3750 0.7000 1.0000
vt 0.4167 0.6500 1.0000
vt 0.4028 0.6500 1.0000
vt 0.4167 0.7000 1.0000
vt 0.4028 0.7000 1.0000
vt 0.4167 0.8000 1.0000
vt 0.4028 0.8000 1.0000
vt 0.4028 0.7500 1.0000
vt 0.4167 0.7500 1.0000
vt 0.3889 0.8000 1.0000
vt 0.3889 0.7500 1.0000
vt 0.3750 0.7500 1.0000
vt 0.3750 0.8000 1.0000
vt 0.4306 0.6500 1.0000
vt 0.4444 0.6500 1.0000
vt 0.4444 0.7000 1.0000
vt 0.4306 0.7000 1.0000
vt 0.4722 0.6500 1.0000
vt 0.4583 0.6500 1.0000
vt 0.4722 0.7000 1.0000
vt 0.4583 0.7000 1.0000
vt 0.4722 0.8000 1.0000
vt 0.4583 0.8000 1.0000
vt 0.4583 0.7500 1.0000
vt 0.4722 0.7500 1.0000
vt 0.4444 0.8000 1.0000
vt 0.4444 0.7500 1.0000
vt 0.4306 0.7500 1.0000
vt 0.4306 0.8000 1.0000
vt 0.4861 0.6500 1.0000
vt 0.5000 0.6500 1.0000
vt 0.5000 0.7000 1.0000
vt 0.4861 0.7000 1.0000
vt 0.5278 0.6500 1.0000
vt 0.5139 0.6500 1.0000
vt 0.5278 0.7000 1.0000
vt 0.5139 0.7000 1.0000
vt 0.5278 0.8000 1.0000
vt 0.5139 0.8000 1.0000
vt 0.5139 0.7500 1.0000
vt 0.5278 0.7500 1.0000
vt 0.5000 0.8000 1.0000
vt 0.5000 0.7500 1.0000
vt 0.4861 0.7500 1.0000
vt 0.4861 0.8000 1.0000
vt 0.5417 0.6500 1.0000
vt 0.5556 0.6500 1.0000
vt 0.5556 0.7000 1.0000
vt 0.5417 0.7000 1.0000
vt 0.5833 0.6500 1.0000
vt 0.5694 0.6500 1.0000
vt 0.5833 0.7000 1.0000
vt 0.5694 0.7000 1.0000
vt 0.5833 0.8000 1.0000
vt 0.5694 0.8000 1.0000
vt 0.5694 0.7500 1.0000
vt 0.5833 0.7500 1.0000
vt 0.5556 0.8000 1.0000
vt 0.5556 0.7500 1.0000
vt 0.5417 0.7500 1.0000
vt 0.5417 0.8000 1.0000
vt 0.5972 0.6500 1.0000
vt 0.6111 0.6500 1.0000
vt 0.6111 0.7000 1.0000
vt 0.5972 0.7000 1.0000
vt 0.6389 0.6500 1.0000
vt 0.6250 0.6500 1.0000
vt 0.6389 0.7000 1.0000
vt 0.6250 0.7000 1.0000
vt 0.6389 0.8000 1.0000
vt 0.6250 0.8000 1.0000
vt 0.6250 0.7500 1.0000
vt 0.6389 0.7500 1.0000
vt 0.6111 0.8000 1.0000
vt 0.6111 0.7500 1.0000
vt 0.5972 0.7500 1.0000
vt 0.5972 0.8000 1.0000
vt 0.6528 0.6500 1.0000
vt 0.6667 0.6500 1.0000
vt 0.6667 0.7000 1.0000
vt 0.6528 0.7000 1.0000
vt 0.6944 0.6500 1.0000
vt 0.6806 0.6500 1.0000
vt 0.6944 0.7000 1.0000
vt 0.6806 0.7000 1.0000
vt 0.6944 0.8000 1.0000
vt 0.6806 0.8000 1.0000
vt 0.6806 0.7500 1.0000
vt 0.6944 0.7500 1.0000
vt 0.6667 0.8000 1.0000
vt 0.6667 0.7500 1.0000
vt 0.6528 0.7500 1.0000
vt 0.6528 0.8000 1.0000
vt 0.7083 0.6500 1.0000
vt 0.7222 0.6500 1.0000
vt 0.7222 0.7000 1.0000
vt 0.7083 0.7000 1.0000
vt 0.7361 0.6500 1.0000
vt 0.7361 0.7000 1.0000
vt 0.7361 0.8000 1.0000
vt 0.7361 0.7500 1.0000
vt 0.7222 0.8000 1.0000
vt 0.7222 0.7500 1.0000
vt 0.7083 0.7500 1.0000
vt 0.7083 0.8000 1.0000
vt 0.7639 0.8500 1.0000
vt 0.7500 0.8500 1.0000
vt 0.7778 0.8500 1.0000
vt 0.7715 0.8963 0.9763
vt 0.7588 0.8957 0.9801
vt 0.7462 0.8951 0.9839
vt 0.8056 0.8500 1.0000
vt 0.7917 0.8500 1.0000
vt 0.8008 0.8951 0.9839
vt 0.7862 0.8957 0.9801
vt 0.7644 0.9509 0.8611
vt 0.7414 0.9599 0.8116
vt 0.7698 0.9326 0.9204
vt 0.7865 0.9302 0.9357
vt 0.7162 0.9643 0.7680
vt 0.7526 0.9351 0.9050
vt 0.7175 0.9509 0.8611
vt 0.7350 0.9302 0.9357
vt 0.7435 0.9326 0.9204
vt 0.7142 0.9599 0.8116
vt 0.8194 0.8500 1.0000
vt 0.8333 0.8500 1.0000
vt 0.8255 0.8963 0.9763
vt 0.8131 0.8957 0.9801
vt 0.8611 0.8500 1.0000
vt 0.8472 0.8500 1.0000
vt 0.8553 0.8951 0.9839
vt 0.8405 0.8957 0.9801
vt 0.8112 0.9509 0.8611
vt 0.7851 0.9599 0.8116
vt 0.8203 0.9326 0.9204
vt 0.8380 0.9302 0.9357
vt 0.7572 0.9643 0.7680
vt 0.8022 0.9351 0.9050
vt 0.7941 0.9326 0.9204
vt 0.7579 0.9599 0.8116
vt 0.8750 0.8500 1.0000
vt 0.8889 0.8500 1.0000
vt 0.8796 0.8963 0.9763
vt 0.8674 0.8957 0.9801
vt 0.9167 0.8500 1.0000
vt 0.9028 0.8500 1.0000
vt 0.9099 0.8951 0.9839
vt 0.8948 0.8957 0.9801
vt 0.8580 0.9509 0.8611
vt 0.8288 0.9599 0.8116
vt 0.8709 0.9326 0.9204
vt 0.8895 0.9302 0.9357
vt 0.7981 0.9643 0.7680
vt 0.8517 0.9351 0.9050
vt 0.8446 0.9326 0.9204
vt 0.8016 0.9599 0.8116
vt 0.9306 0.8500 1.0000
vt 0.9444 0.8500 1.0000
vt 0.9344 0.8970 0.9778
vt 0.9217 0.8957 0.9801
vt 0.9722 0.8500 1.0000
vt 0.9583 0.8500 1.0000
vt 0.9722 0.9000 1.0000
vt 0.9521 0.8984 0.9862
vt 0.9722 1.0000 1.0000
vt 0.8957 0.9781 0.8584
vt 0.9333 0.9438 0.9449
vt 0.9722 0.9500 1.0000
vt 0.8449 0.9689 0.7797
vt 0.9043 0.9378 0.9112
vt 0.8952 0.9326 0.9204
vt 0.8453 0.9599 0.8116
vt -0.0139 0.8500 1.0000
vt -0.0278 0.8500 1.0000
vt 0.0000 0.8500 1.0000
vt 0.0000 0.9000 1.0000
vt -0.0139 0.9000 1.0000
vt -0.0278 0.9000 1.0000
vt 0.0278 0.8500 1.0000
vt 0.0139 0.8500 1.0000
vt 0.0278 0.9000 1.0000
vt 0.0139 0.9000 1.0000
vt 0.0278 1.0000 1.0000
vt 0.0139 1.0000 1.0000
vt 0.0139 0.9500 1.0000
vt 0.0278 0.9500 1.0000
vt 0.0000 1.0000 1.0000
vt 0.0000 0.9500 1.0000
vt -0.0278 1.0000 1.0000
vt -0.0278 0.9500 1.0000
vt -0.0139 0.9500 1.0000
vt -0.0139 1.0000 1.0000
vt 0.0417 0.8500 1.0000
vt 0.0556 0.8500 1.0000
vt 0.0556 0.9000 1.0000
vt 0.0417 0.9000 1.0000
vt 0.0833 0.8500 1.0000
vt 0.0694 0.8500 1.0000
vt 0.0833 0.9000 1.0000
vt 0.0694 0.9000 1.0000
vt 0.0833 1.0000 1.0000
vt 0.0694 1.0000 1.0000
vt 0.0694 0.9500 1.0000
vt 0.0833 0.9500 1.0000
vt 0.0556 1.0000 1.0000
vt 0.0556 0.9500 1.0000
vt 0.0417 0.9500 1.0000
vt 0.0417 1.0000 1.0000
vt 0.0972 0.8500 1.0000
vt 0.1111 0.8500 1.0000
vt 0.1111 0.9000 1.0000
vt 0.0972 0.9000 1.0000
vt 0.1389 0.8500 1.0000
vt 0.1250 0.8500 1.0000
vt 0.1389 0.9000 1.0000
vt 0.1250 0.9000 1.0000
vt 0.1389 1.0000 1.0000
vt 0.1250 1.0000 1.0000
vt 0.1250 0.9500 1.0000
vt 0.1389 0.9500 1.0000
vt 0.1111 1.0000 1.0000
vt 0.1111 0.9500 1.0000
vt 0.0972 0.9500 1.0000
vt 0.0972 1.0000 1.0000
vt 0.1528 0.8500 1.0000
vt 0.1667 0.8500 1.0000
vt 0.1667 0.9000 1.0000
vt 0.1528 0.9000 1.0000
vt 0.1944 0.8500 1.0000
vt 0.1806 0.8500 1.0000
vt 0.1944 0.9000 1.0000
vt 0.1806 0.9000 1.0000
vt 0.1944 1.0000 1.0000
vt 0.1806 1.0000 1.0000
vt 0.1806 0.9500 1.0000
vt 0.1944 0.9500 1.0000
vt 0.1667 1.0000 1.0000
vt 0.1667 0.9500 1.0000
vt 0.1528 0.9500 1.0000
vt 0.1528 1.0000 1.0000
vt 0.2083 0.8500 1.0000
vt 0.2222 0.8500 1.0000
vt 0.2222 0.9000 1.0000
vt 0.2083 0.9000 1.0000
vt 0.2500 0.8500 1.0000
vt 0.2361 0.8500 1.0000
vt 0.2500 0.9000 1.0000
vt 0.2361 0.9000 1.0000
vt 0.2500 1.0000 1.0000
vt 0.2361 1.0000 1.0000
vt 0.2361 0.9500 1.0000
vt 0.2500 0.9500 1.0000
vt 0.2222 1.0000 1.0000
vt 0.2222 0.9500 1.0000
vt 0.2083 0.9500 1.0000
vt 0.2083 1.0000 1.0000
vt 0.2639 0.8500 1.0000
vt 0.2778 0.8500 1.0000
vt 0.2778 0.9000 1.0000
vt 0.2639 0.9000 1.0000
vt 0.3056 0.8500 1.0000
vt 0.2917 0.8500 1.0000
vt 0.3056 0.9000 1.0000
vt 0.2917 0.9000 1.0000
vt 0.3056 1.0000 1.0000
vt 0.2917 1.0000 1.0000
vt 0.2917 0.9500 1.0000
vt 0.3056 0.9500 1.0000
vt 0.2778 1.0000 1.0000
vt 0.2778 0.9500 1.0000
vt 0.2639 0.9500 1.0000
vt 0.2639 1.0000 1.0000
vt 0.3194 0.8500 1.0000
vt 0.3333 0.8500 1.0000
vt 0.3333 0.9000 1.0000
vt 0.3194 0.9000 1.0000
vt 0.3611 0.8500 1.0000
vt 0.3472 0.8500 1.0000
vt 0.3611 0.9000 1.0000
vt 0.3472 0.9000 1.0000
vt 0.3611 1.0000 1.0000
vt 0.3472 1.0000 1.0000
vt 0.3472 0.9500 1.0000
vt 0.3611 0.9500 1.0000
vt 0.3333 1.0000 1.0000
vt 0.3333 0.9500 1.0000
vt 0.3194 0.9500 1.0000
vt 0.3194 1.0000 1.0000
vt 0.3750 0.8500 1.0000
vt 0.3889 0.8500 1.0000
vt 0.3889 0.9000 1.0000
vt 0.3750 0.9000 1.0000
vt 0.4167 0.8500 1.0000
vt 0.4028 0.8500 1.0000
vt 0.4167 0.9000 1.0000
vt 0.4028 0.9000 1.0000
vt 0.4167 1.0000 1.0000
vt 0.4028 1.0000 1.0000
vt 0.4028 0.9500 1.0000
vt 0.4167 0.9500 1.0000
vt 0.3889 1.0000 1.0000
vt 0.3889 0.9500 1.0000
vt 0.3750 0.9500 1.0000
vt 0.3750 1.0000 1.0000
vt 0.4306 0.8500 1.0000
vt 0.4444 0.8500 1.0000
vt 0.4444 0.9000 1.0000
vt 0.4306 0.9000 1.0000
vt 0.4722 0.8500 1.0000
vt 0.4583 0.8500 1.0000
vt 0.4722 0.9000 1.0000
vt 0.4583 0.9000 1.0000
vt 0.4722 1.0000 1.0000
vt 0.4583 1.0000 1.0000
vt 0.4583 0.9500 1.0000
vt 0.4722 0.9500 1.0000
vt 0.4444 1.0000 1.0000
vt 0.4444 0.9500 1.0000
vt 0.4306 0.9500 1.0000
vt 0.4306 1.0000 1.0000
vt 0.4861 0.8500 1.0000
vt 0.5000 0.8500 1.0000
vt 0.5000 0.9000 1.0000
vt 0.4861 0.9000 1.0000
vt 0.5278 0.8500 1.0000
vt 0.5139 0.8500 1.0000
vt 0.5278 0.9000 1.0000
vt 0.5139 0.9000 1.0000
vt 0.5278 1.0000 1.0000
vt 0.5139 1.0000 1.0000
vt 0.5139 0.9500 1.0000
vt 0.5278 0.9500 1.0000
vt 0.5000 1.0000 1.0000
vt 0.5000 0.9500 1.0000
vt 0.4861 0.9500 1.0000
vt 0.4861 1.0000 1.0000
vt 0.5417 0.8500 1.0000
vt 0.5556 0.8500 1.0000
vt 0.5556 0.9000 1.0000
vt 0.5417 0.9000 1.0000
vt 0.5833 0.8500 1.0000
vt 0.5694 0.8500 1.0000
vt 0.5833 0.9000 1.0000
vt 0.5694 0.9000 1.0000
vt 0.5833 1.0000 1.0000
vt 0.5694 1.0000 1.0000
vt 0.5694 0.9500 1.0000
vt 0.5833 0.9500 1.0000
vt 0.5556 1.0000 1.0000
vt 0.5556 0.9500 1.0000
vt 0.5417 0.9500 1.0000
vt 0.5417 1.0000 1.0000
vt 0.5972 0.8500 1.0000
vt 0.6111 0.8500 1.0000
vt 0.6111 0.9000 1.0000
vt 0.5972 0.9000 1.0000
vt 0.6389 0.8500 1.0000
vt 0.6250 0.8500 1.0000
vt 0.6389 0.9000 1.0000
vt 0.6250 0.9000 1.0000
vt 0.6389 1.0000 1.0000
vt 0.6250 1.0000 1.0000
vt 0.6250 0.9500 1.0000
vt 0.6389 0.9500 1.0000
vt 0.6111 1.0000 1.0000
vt 0.6111 0.9500 1.0000
vt 0.5972 0.9500 1.0000
vt 0.5972 1.0000 1.0000
vt 0.6528 0.8500 1.0000
vt 0.6667 0.8500 1.0000
vt 0.6664 0.8993 0.9985
vt 0.6528 0.9000 1.0000
vt 0.6944 0.8500 1.0000
vt 0.6806 0.8500 1.0000
vt 0.6922 0.8954 0.9874
vt 0.6795 0.8972 0.9939
vt 0.6697 0.9551 0.8792
vt 0.6722 0.9778 0.9510
vt 0.6764 0.9389 0.9755
vt 0.6854 0.9318 0.9495
vt 0.6667 1.0000 1.0000
vt 0.6656 0.9472 0.9939
vt 0.6528 0.9500 1.0000
vt 0.6528 1.0000 1.0000
vt 0.7083 0.8500 1.0000
vt 0.7222 0.8500 1.0000
vt 0.7174 0.8963 0.9763
vt 0.7045 0.8957 0.9801
vt 0.7361 0.8500 1.0000
vt 0.7319 0.8957 0.9801
vt 0.6977 0.9599 0.8116
vt 0.7192 0.9326 0.9204
vt 0.6723 0.9647 0.7609
vt 0.7030 0.9351 0.9050
vt 0.6930 0.9326 0.9204
vt 0.6586 0.9615 0.7833
vt 0.5860 0.9826 0.5314
vt 0.5613 0.9778 0.6142
vt 0.6186 0.9835 0.5183
vt 0.5420 0.9993 0.1123
vt 0.4765 0.9957 0.2187
vt 0.4449 1.0000 0.3264
vt 0.6670 0.9764 0.6447
vt 0.6575 0.9819 0.5467
vt 0.7001 0.9764 0.6447
vt 0.6846 0.9819 0.5467
vt 0.7333 0.9764 0.6447
vt 0.7116 0.9819 0.5467
vt 0.7665 0.9764 0.6447
vt 0.7469 0.9863 0.5628
vt 0.9719 1.0000 0.9698
vt 0.8330 0.9937 0.7092
vt 0.9715 1.0000 0.9397
vt 0.8013 0.9984 0.6106
vt 0.9708 1.0000 0.8794
vt 0.9563 1.0000 0.8227
vt 0.8570 1.0000 0.6757
vt 0.9712 1.0000 0.9095
vt 0.9417 1.0000 0.7660
vt 0.7892 1.0000 0.5172
vt 0.9126 1.0000 0.6527
vt 0.8856 1.0000 0.5764
vt 0.8142 1.0000 0.5091
vt 0.9272 1.0000 0.7094
vt 0.8587 1.0000 0.5000
vt 0.7379 1.0000 0.3529
vt 0.8047 1.0000 0.3473
vt 0.7685 1.0000 0.2605
vt 0.7349 1.0000 0.2847
vt 0.8317 1.0000 0.4236
vt 0.7323 1.0000 0.1736
vt 0.6599 1.0000 0.1514
vt 0.6600 1.0000 0.0000
vt 0.6190 1.0000 -0.0868
vt 0.6285 1.0000 0.0295
vt 0.6961 1.0000 0.0868
vt 0.5780 1.0000 -0.1736
vt 0.5646 1.0000 -0.0630
vt 0.4960 1.0000 -0.3473
vt 0.4551 1.0000 -0.4236
vt 0.5080 1.0000 -0.2258
vt 0.5370 1.0000 -0.2605
vt 0.4142 1.0000 -0.5000
vt 0.4635 1.0000 -0.2646
vt 0.3325 1.0000 -0.6527
vt 0.2966 1.0000 -0.7094
vt 0.3878 1.0000 -0.4502
vt 0.3733 1.0000 -0.5764
vt 0.2608 1.0000 -0.7660
vt 0.3687 1.0000 -0.4288
vt 0.1891 1.0000 -0.8794
vt 0.1627 1.0000 -0.9095
vt 0.2825 1.0000 -0.6168
vt 0.2250 1.0000 -0.8227
vt 0.1362 1.0000 -0.9397
vt 0.2918 1.0000 -0.5360
vt 0.0833 1.0000 -1.0000
vt 0.0694 1.0000 -1.0000
vt 0.2047 1.0000 -0.7055
vt 0.1098 1.0000 -0.9698
vt 0.0556 1.0000 -1.0000
vt 0.2420 1.0000 -0.5733
vt 0.0278 1.0000 -1.0000
vt 0.0281 1.0000 -0.9698
vt 0.1639 1.0000 -0.7055
vt 0.0417 1.0000 -1.0000
vt 0.0285 1.0000 -0.9397
vt 0.2253 1.0000 -0.5360
vt 0.0292 1.0000 -0.8794
vt 0.0437 1.0000 -0.8227
vt 0.1649 1.0000 -0.6168
vt 0.0288 1.0000 -0.9095
vt 0.0583 1.0000 -0.7660
vt 0.2437 1.0000 -0.4288
vt 0.0874 1.0000 -0.6527
vt 0.1144 1.0000 -0.5764
vt 0.2077 1.0000 -0.4502
vt 0.0728 1.0000 -0.7094
vt 0.1413 1.0000 -0.5000
vt 0.3061 1.0000 -0.2333
vt 0.1953 1.0000 -0.3473
vt 0.3201 1.0000 -0.0105
vt 0.3313 1.0000 -0.1008
vt 0.1683 1.0000 -0.4236
# 1713 texture coords

o Cylinder001
g Cylinder001
usemtl wire_211209008
s 1
f 1/1/1 2/2/2 3/3/3 4/4/4 
f 5/5/5 6/6/6 3/3/3 2/2/2 
f 7/7/7 8/8/8 3/3/3 6/6/6 
f 9/9/9 4/4/4 3/3/3 8/8/8 
f 10/10/10 11/11/11 12/12/12 13/13/13 
f 14/14/14 15/15/15 12/12/12 11/11/11 
f 7/7/7 6/6/6 12/12/12 15/15/15 
f 5/5/5 13/13/13 12/12/12 6/6/6 
f 16/16/16 17/17/17 18/18/18 19/19/19 
f 20/20/20 21/21/21 18/18/18 17/17/17 
f 7/7/7 15/15/15 18/18/18 21/21/21 
f 14/14/14 19/19/19 18/18/18 15/15/15 
f 22/22/22 23/23/23 24/24/24 25/25/25 
f 26/26/26 27/27/27 24/24/24 23/23/23 
f 7/7/7 21/21/21 24/24/24 27/27/27 
f 20/20/20 25/25/25 24/24/24 21/21/21 
f 28/28/28 29/29/29 30/30/30 31/31/31 
f 32/32/32 33/33/33 30/30/30 29/29/29 
f 7/7/7 27/27/27 30/30/30 33/33/33 
f 26/26/26 31/31/31 30/30/30 27/27/27 
f 34/34/34 35/35/35 36/36/36 37/37/37 
f 38/38/38 39/39/39 36/36/36 35/35/35 
f 7/7/7 33/33/33 36/36/36 39/39/39 
f 32/32/32 37/37/37 36/36/36 33/33/33 
f 40/40/40 41/41/41 42/42/42 43/43/43 
f 44/44/44 45/45/45 42/42/42 41/41/41 
f 7/7/7 39/39/39 42/42/42 45/45/45 
f 38/38/38 43/43/43 42/42/42 39/39/39 
f 46/46/46 47/47/47 48/48/48 49/49/49 
f 50/50/50 51/51/51 48/48/48 47/47/47 
f 7/7/7 45/45/45 48/48/48 51/51/51 
f 44/44/44 49/49/49 48/48/48 45/45/45 
f 52/52/52 53/53/53 54/54/54 55/55/55 
f 56/56/56 57/57/57 54/54/54 53/53/53 
f 7/7/7 51/51/51 54/54/54 57/57/57 
f 50/50/50 55/55/55 54/54/54 51/51/51 
f 58/58/58 59/59/59 60/60/60 61/61/61 
f 62/62/62 63/63/63 60/60/60 59/59/59 
f 7/7/7 57/57/57 60/60/60 63/63/63 
f 56/56/56 61/61/61 60/60/60 57/57/57 
f 64/64/64 65/65/65 66/66/66 67/67/67 
f 68/68/68 69/69/69 66/66/66 65/65/65 
f 7/7/7 63/63/63 66/66/66 69/69/69 
f 62/62/62 67/67/67 66/66/66 63/63/63 
f 70/70/70 71/71/71 72/72/72 73/73/73 
f 74/74/74 75/75/75 72/72/72 71/71/71 
f 7/7/7 69/69/69 72/72/72 75/75/75 
f 68/68/68 73/73/73 72/72/72 69/69/69 
f 76/76/76 77/77/77 78/78/78 79/79/79 
f 80/80/80 81/81/81 78/78/78 77/77/77 
f 7/7/7 75/75/75 78/78/78 81/81/81 
f 74/74/74 79/79/79 78/78/78 75/75/75 
f 82/82/82 83/83/83 84/84/84 85/85/85 
f 86/86/86 87/87/87 84/84/84 83/83/83 
f 7/7/7 81/81/81 84/84/84 87/87/87 
f 80/80/80 85/85/85 84/84/84 81/81/81 
f 88/88/88 89/89/89 90/90/90 91/91/91 
f 92/92/92 93/93/93 90/90/90 89/89/89 
f 7/7/7 87/87/87 90/90/90 93/93/93 
f 86/86/86 91/91/91 90/90/90 87/87/87 
f 94/94/94 95/95/95 96/96/96 97/97/97 
f 98/98/98 99/99/99 96/96/96 95/95/95 
f 7/7/7 93/93/93 96/96/96 99/99/99 
f 92/92/92 97/97/97 96/96/96 93/93/93 
f 100/100/100 101/101/101 102/102/102 103/103/103 
f 104/104/104 105/105/105 102/102/102 101/101/101 
f 7/7/7 99/99/99 102/102/102 105/105/105 
f 98/98/98 103/103/103 102/102/102 99/99/99 
f 106/106/106 107/107/107 108/108/108 109/109/109 
f 9/9/9 8/8/8 108/108/108 107/107/107 
f 7/7/7 105/105/105 108/108/108 8/8/8 
f 104/104/104 109/109/109 108/108/108 105/105/105 
f 106/106/106 109/109/109 110/110/110 111/111/111 
f 104/104/104 112/112/112 110/110/110 109/109/109 
f 113/113/113 114/114/114 110/110/110 112/112/112 
f 115/115/115 111/111/111 110/110/110 114/114/114 
f 100/100/100 116/116/116 117/117/117 101/101/101 
f 118/118/118 119/119/119 117/117/117 116/116/116 
f 113/113/113 112/112/112 117/117/117 119/119/119 
f 104/104/104 101/101/101 117/117/117 112/112/112 
f 120/120/120 121/121/121 122/122/122 123/123/123 
f 124/124/124 125/125/125 122/122/122 121/121/121 
f 113/113/113 119/119/119 122/122/122 125/125/125 
f 118/118/118 123/123/123 122/122/122 119/119/119 
f 126/126/126 127/127/127 128/128/128 129/129/129 
f 115/115/115 114/114/114 128/128/128 127/127/127 
f 113/113/113 125/125/125 128/128/128 114/114/114 
f 124/124/124 129/129/129 128/128/128 125/125/125 
f 100/100/100 103/103/103 130/130/130 116/116/116 
f 98/98/98 131/131/131 130/130/130 103/103/103 
f 132/132/132 133/133/133 130/130/130 131/131/131 
f 118/118/118 116/116/116 130/130/130 133/133/133 
f 94/94/94 134/134/134 135/135/135 95/95/95 
f 136/136/136 137/137/137 135/135/135 134/134/134 
f 132/132/132 131/131/131 135/135/135 137/137/137 
f 98/98/98 95/95/95 135/135/135 131/131/131 
f 138/138/138 139/139/139 140/140/140 141/141/141 
f 142/142/142 143/143/143 140/140/140 139/139/139 
f 132/132/132 137/137/137 140/140/140 143/143/143 
f 136/136/136 141/141/141 140/140/140 137/137/137 
f 120/120/120 123/123/123 144/144/144 145/145/145 
f 118/118/118 133/133/133 144/144/144 123/123/123 
f 132/132/132 143/143/143 144/144/144 133/133/133 
f 142/142/142 145/145/145 144/144/144 143/143/143 
f 94/94/94 97/97/97 146/146/146 134/134/134 
f 92/92/92 147/147/147 146/146/146 97/97/97 
f 148/148/148 149/149/149 146/146/146 147/147/147 
f 136/136/136 134/134/134 146/146/146 149/149/149 
f 88/88/88 150/150/150 151/151/151 89/89/89 
f 152/152/152 153/153/153 151/151/151 150/150/150 
f 148/148/148 147/147/147 151/151/151 153/153/153 
f 92/92/92 89/89/89 151/151/151 147/147/147 
f 154/154/154 155/155/155 156/156/156 157/157/157 
f 158/158/158 159/159/159 156/156/156 155/155/155 
f 148/148/148 153/153/153 156/156/156 159/159/159 
f 152/152/152 157/157/157 156/156/156 153/153/153 
f 138/138/138 141/141/141 160/160/160 161/161/161 
f 136/136/136 149/149/149 160/160/160 141/141/141 
f 148/148/148 159/159/159 160/160/160 149/149/149 
f 158/158/158 161/161/161 160/160/160 159/159/159 
f 88/88/88 91/91/91 162/162/162 150/150/150 
f 86/86/86 163/163/163 162/162/162 91/91/91 
f 164/164/164 165/165/165 162/162/162 163/163/163 
f 152/152/152 150/150/150 162/162/162 165/165/165 
f 82/82/82 166/166/166 167/167/167 83/83/83 
f 168/168/168 169/169/169 167/167/167 166/166/166 
f 164/164/164 163/163/163 167/167/167 169/169/169 
f 86/86/86 83/83/83 167/167/167 163/163/163 
f 170/170/170 171/171/171 172/172/172 173/173/173 
f 174/174/174 175/175/175 172/172/172 171/171/171 
f 164/164/164 169/169/169 172/172/172 175/175/175 
f 168/168/168 173/173/173 172/172/172 169/169/169 
f 154/154/154 157/157/157 176/176/176 177/177/177 
f 152/152/152 165/165/165 176/176/176 157/157/157 
f 164/164/164 175/175/175 176/176/176 165/165/165 
f 174/174/174 177/177/177 176/176/176 175/175/175 
f 82/178/82 85/179/85 178/180/178 166/181/166 
f 80/182/80 179/183/179 178/180/178 85/179/85 
f 180/184/180 181/185/181 178/180/178 179/183/179 
f 168/186/168 166/181/166 178/180/178 181/185/181 
f 76/187/76 182/188/182 183/189/183 77/190/77 
f 184/191/184 185/192/185 183/189/183 182/188/182 
f 180/184/180 179/183/179 183/189/183 185/192/185 
f 80/182/80 77/190/77 183/189/183 179/183/179 
f 186/193/186 187/194/187 188/195/188 189/196/189 
f 190/197/190 191/198/191 188/195/188 187/194/187 
f 180/184/180 185/192/185 188/195/188 191/198/191 
f 184/191/184 189/196/189 188/195/188 185/192/185 
f 170/199/170 173/200/173 192/201/192 193/202/193 
f 168/186/168 181/185/181 192/201/192 173/200/173 
f 180/184/180 191/198/191 192/201/192 181/185/181 
f 190/197/190 193/202/193 192/201/192 191/198/191 
f 76/187/76 79/203/79 194/204/194 182/188/182 
f 74/205/74 195/206/195 194/204/194 79/203/79 
f 196/207/196 197/208/197 194/204/194 195/206/195 
f 184/191/184 182/188/182 194/204/194 197/208/197 
f 70/209/70 198/210/198 199/211/199 71/212/71 
f 200/213/200 201/214/201 199/211/199 198/210/198 
f 196/207/196 195/206/195 199/211/199 201/214/201 
f 74/205/74 71/212/71 199/211/199 195/206/195 
f 202/215/202 203/216/203 204/217/204 205/218/205 
f 206/219/206 207/220/207 204/217/204 203/216/203 
f 196/207/196 201/214/201 204/217/204 207/220/207 
f 200/213/200 205/218/205 204/217/204 201/214/201 
f 186/193/186 189/196/189 208/221/208 209/222/209 
f 184/191/184 197/208/197 208/221/208 189/196/189 
f 196/207/196 207/220/207 208/221/208 197/208/197 
f 206/219/206 209/222/209 208/221/208 207/220/207 
f 70/209/70 73/223/73 210/224/210 198/210/198 
f 68/225/68 211/226/211 210/224/210 73/223/73 
f 212/227/212 213/228/213 210/224/210 211/226/211 
f 200/213/200 198/210/198 210/224/210 213/228/213 
f 64/229/64 214/230/214 215/231/215 65/232/65 
f 216/233/216 217/234/217 215/231/215 214/230/214 
f 212/227/212 211/226/211 215/231/215 217/234/217 
f 68/225/68 65/232/65 215/231/215 211/226/211 
f 218/235/218 219/236/219 220/237/220 221/238/221 
f 222/239/222 223/240/223 220/237/220 219/236/219 
f 212/227/212 217/234/217 220/237/220 223/240/223 
f 216/233/216 221/238/221 220/237/220 217/234/217 
f 202/215/202 205/218/205 224/241/224 225/242/225 
f 200/213/200 213/228/213 224/241/224 205/218/205 
f 212/227/212 223/240/223 224/241/224 213/228/213 
f 222/239/222 225/242/225 224/241/224 223/240/223 
f 64/229/64 67/243/67 226/244/226 214/230/214 
f 62/245/62 227/246/227 226/244/226 67/243/67 
f 228/247/228 229/248/229 226/244/226 227/246/227 
f 216/233/216 214/230/214 226/244/226 229/248/229 
f 58/249/58 230/250/230 231/251/231 59/252/59 
f 232/253/232 233/254/233 231/251/231 230/250/230 
f 228/247/228 227/246/227 231/251/231 233/254/233 
f 62/245/62 59/252/59 231/251/231 227/246/227 
f 234/255/234 235/256/235 236/257/236 237/258/237 
f 238/259/238 239/260/239 236/257/236 235/256/235 
f 228/247/228 233/254/233 236/257/236 239/260/239 
f 232/253/232 237/258/237 236/257/236 233/254/233 
f 218/235/218 221/238/221 240/261/240 241/262/241 
f 216/233/216 229/248/229 240/261/240 221/238/221 
f 228/247/228 239/260/239 240/261/240 229/248/229 
f 238/259/238 241/262/241 240/261/240 239/260/239 
f 58/249/58 61/263/61 242/264/242 230/250/230 
f 56/265/56 243/266/243 242/264/242 61/263/61 
f 244/267/244 245/268/245 242/264/242 243/266/243 
f 232/253/232 230/250/230 242/264/242 245/268/245 
f 52/269/52 246/270/246 247/271/247 53/272/53 
f 248/273/248 249/274/249 247/271/247 246/270/246 
f 244/267/244 243/266/243 247/271/247 249/274/249 
f 56/265/56 53/272/53 247/271/247 243/266/243 
f 250/275/250 251/276/251 252/277/252 253/278/253 
f 254/279/254 255/280/255 252/277/252 251/276/251 
f 244/267/244 249/274/249 252/277/252 255/280/255 
f 248/273/248 253/278/253 252/277/252 249/274/249 
f 234/255/234 237/258/237 256/281/256 257/282/257 
f 232/253/232 245/268/245 256/281/256 237/258/237 
f 244/267/244 255/280/255 256/281/256 245/268/245 
f 254/279/254 257/282/257 256/281/256 255/280/255 
f 52/269/52 55/283/55 258/284/258 246/270/246 
f 50/285/50 259/286/259 258/284/258 55/283/55 
f 260/287/260 261/288/261 258/284/258 259/286/259 
f 248/273/248 246/270/246 258/284/258 261/288/261 
f 46/289/46 262/290/262 263/291/263 47/292/47 
f 264/293/264 265/294/265 263/291/263 262/290/262 
f 260/287/260 259/286/259 263/291/263 265/294/265 
f 50/285/50 47/292/47 263/291/263 259/286/259 
f 266/295/266 267/296/267 268/297/268 269/298/269 
f 270/299/270 271/300/271 268/297/268 267/296/267 
f 260/287/260 265/294/265 268/297/268 271/300/271 
f 264/293/264 269/298/269 268/297/268 265/294/265 
f 250/275/250 253/278/253 272/301/272 273/302/273 
f 248/273/248 261/288/261 272/301/272 253/278/253 
f 260/287/260 271/300/271 272/301/272 261/288/261 
f 270/299/270 273/302/273 272/301/272 271/300/271 
f 46/289/46 49/303/49 274/304/274 262/290/262 
f 44/305/44 275/306/275 274/304/274 49/303/49 
f 276/307/276 277/308/277 274/304/274 275/306/275 
f 264/293/264 262/290/262 274/304/274 277/308/277 
f 40/309/40 278/310/278 279/311/279 41/312/41 
f 280/313/280 281/314/281 279/311/279 278/310/278 
f 276/307/276 275/306/275 279/311/279 281/314/281 
f 44/305/44 41/312/41 279/311/279 275/306/275 
f 282/315/282 283/316/283 284/317/284 285/318/285 
f 286/319/286 287/320/287 284/317/284 283/316/283 
f 276/307/276 281/314/281 284/317/284 287/320/287 
f 280/313/280 285/318/285 284/317/284 281/314/281 
f 266/295/266 269/298/269 288/321/288 289/322/289 
f 264/293/264 277/308/277 288/321/288 269/298/269 
f 276/307/276 287/320/287 288/321/288 277/308/277 
f 286/319/286 289/322/289 288/321/288 287/320/287 
f 40/309/40 43/323/43 290/324/290 278/310/278 
f 38/325/38 291/326/291 290/324/290 43/323/43 
f 292/327/292 293/328/293 290/324/290 291/326/291 
f 280/313/280 278/310/278 290/324/290 293/328/293 
f 34/329/34 294/330/294 295/331/295 35/332/35 
f 296/333/296 297/334/297 295/331/295 294/330/294 
f 292/327/292 291/326/291 295/331/295 297/334/297 
f 38/325/38 35/332/35 295/331/295 291/326/291 
f 298/335/298 299/336/299 300/337/300 301/338/301 
f 302/339/302 303/340/303 300/337/300 299/336/299 
f 292/327/292 297/334/297 300/337/300 303/340/303 
f 296/333/296 301/338/301 300/337/300 297/334/297 
f 282/315/282 285/318/285 304/341/304 305/342/305 
f 280/313/280 293/328/293 304/341/304 285/318/285 
f 292/327/292 303/340/303 304/341/304 293/328/293 
f 302/339/302 305/342/305 304/341/304 303/340/303 
f 34/329/34 37/343/37 306/344/306 294/330/294 
f 32/345/32 307/346/307 306/344/306 37/343/37 
f 308/347/308 309/348/309 306/344/306 307/346/307 
f 296/333/296 294/330/294 306/344/306 309/348/309 
f 28/349/28 310/350/310 311/351/311 29/352/29 
f 312/353/312 313/354/313 311/351/311 310/350/310 
f 308/347/308 307/346/307 311/351/311 313/354/313 
f 32/345/32 29/352/29 311/351/311 307/346/307 
f 314/355/314 315/356/315 316/357/316 317/358/317 
f 318/359/318 319/360/319 316/357/316 315/356/315 
f 308/347/308 313/354/313 316/357/316 319/360/319 
f 312/353/312 317/358/317 316/357/316 313/354/313 
f 298/335/298 301/338/301 320/361/320 321/362/321 
f 296/333/296 309/348/309 320/361/320 301/338/301 
f 308/347/308 319/360/319 320/361/320 309/348/309 
f 318/359/318 321/362/321 320/361/320 319/360/319 
f 28/349/28 31/363/31 322/364/322 310/350/310 
f 26/365/26 323/366/323 322/364/322 31/363/31 
f 324/367/324 325/368/325 322/364/322 323/366/323 
f 312/353/312 310/350/310 322/364/322 325/368/325 
f 22/369/22 326/370/326 327/371/327 23/372/23 
f 328/373/328 329/374/329 327/371/327 326/370/326 
f 324/367/324 323/366/323 327/371/327 329/374/329 
f 26/365/26 23/372/23 327/371/327 323/366/323 
f 330/375/330 331/376/331 332/377/332 333/378/333 
f 334/379/334 335/380/335 332/377/332 331/376/331 
f 324/367/324 329/374/329 332/377/332 335/380/335 
f 328/373/328 333/378/333 332/377/332 329/374/329 
f 314/355/314 317/358/317 336/381/336 337/382/337 
f 312/353/312 325/368/325 336/381/336 317/358/317 
f 324/367/324 335/380/335 336/381/336 325/368/325 
f 334/379/334 337/382/337 336/381/336 335/380/335 
f 22/369/22 25/383/25 338/384/338 326/370/326 
f 20/385/20 339/386/339 338/384/338 25/383/25 
f 340/387/340 341/388/341 338/384/338 339/386/339 
f 328/373/328 326/370/326 338/384/338 341/388/341 
f 16/389/16 342/390/342 343/391/343 17/392/17 
f 344/393/344 345/394/345 343/391/343 342/390/342 
f 340/387/340 339/386/339 343/391/343 345/394/345 
f 20/385/20 17/392/17 343/391/343 339/386/339 
f 346/395/346 347/396/347 348/397/348 349/398/349 
f 350/399/350 351/400/351 348/397/348 347/396/347 
f 340/387/340 345/394/345 348/397/348 351/400/351 
f 344/393/344 349/398/349 348/397/348 345/394/345 
f 330/375/330 333/378/333 352/401/352 353/402/353 
f 328/373/328 341/388/341 352/401/352 333/378/333 
f 340/387/340 351/400/351 352/401/352 341/388/341 
f 350/399/350 353/402/353 352/401/352 351/400/351 
f 16/389/16 19/403/19 354/404/354 342/390/342 
f 14/405/14 355/406/355 354/404/354 19/403/19 
f 356/407/356 357/408/357 354/404/354 355/406/355 
f 344/393/344 342/390/342 354/404/354 357/408/357 
f 10/409/10 358/410/358 359/411/359 11/412/11 
f 360/413/360 361/414/361 359/411/359 358/410/358 
f 356/407/356 355/406/355 359/411/359 361/414/361 
f 14/405/14 11/412/11 359/411/359 355/406/355 
f 362/415/362 363/416/363 364/417/364 365/418/365 
f 366/419/366 367/420/367 364/417/364 363/416/363 
f 356/407/356 361/414/361 364/417/364 367/420/367 
f 360/413/360 365/418/365 364/417/364 361/414/361 
f 346/395/346 349/398/349 368/421/368 369/422/369 
f 344/393/344 357/408/357 368/421/368 349/398/349 
f 356/407/356 367/420/367 368/421/368 357/408/357 
f 366/419/366 369/422/369 368/421/368 367/420/367 
f 10/409/10 13/423/13 370/424/370 358/410/358 
f 5/425/5 371/426/371 370/424/370 13/423/13 
f 372/427/372 373/428/373 370/424/370 371/426/371 
f 360/413/360 358/410/358 370/424/370 373/428/373 
f 1/429/1 374/430/374 375/431/375 2/432/2 
f 376/433/376 377/434/377 375/431/375 374/430/374 
f 372/427/372 371/426/371 375/431/375 377/434/377 
f 5/425/5 2/432/2 375/431/375 371/426/371 
f 378/435/378 379/436/379 380/437/380 381/438/381 
f 382/439/382 383/440/383 380/437/380 379/436/379 
f 372/427/372 377/434/377 380/437/380 383/440/383 
f 376/433/376 381/438/381 380/437/380 377/434/377 
f 362/415/362 365/418/365 384/441/384 385/442/385 
f 360/413/360 373/428/373 384/441/384 365/418/365 
f 372/427/372 383/440/383 384/441/384 373/428/373 
f 382/439/382 385/442/385 384/441/384 383/440/383 
f 1/429/1 4/443/4 386/444/386 374/430/374 
f 9/445/9 387/446/387 386/444/386 4/443/4 
f 388/447/388 389/448/389 386/444/386 387/446/387 
f 376/433/376 374/430/374 386/444/386 389/448/389 
f 106/106/106 111/111/111 390/449/390 107/450/107 
f 115/115/115 391/451/391 390/449/390 111/111/111 
f 388/447/388 387/446/387 390/449/390 391/451/391 
f 9/445/9 107/450/107 390/449/390 387/446/387 
f 126/126/126 392/452/392 393/453/393 127/127/127 
f 394/454/394 395/455/395 393/453/393 392/452/392 
f 388/447/388 391/451/391 393/453/393 395/455/395 
f 115/115/115 127/127/127 393/453/393 391/451/391 
f 378/435/378 381/438/381 396/456/396 397/457/397 
f 376/433/376 389/448/389 396/456/396 381/438/381 
f 388/447/388 395/455/395 396/456/396 389/448/389 
f 394/454/394 397/457/397 396/456/396 395/455/395 
f 126/126/126 129/129/129 398/458/398 399/459/399 
f 124/124/124 400/460/400 398/458/398 129/129/129 
f 401/461/124 402/462/398 398/458/398 400/460/400 
f 403/463/126 399/459/399 398/458/398 402/462/398 
f 120/120/120 404/464/120 405/465/121 121/121/121 
f 406/466/120 407/467/121 405/465/121 404/464/120 
f 401/461/124 400/460/400 405/465/121 407/467/121 
f 124/124/124 121/121/121 405/465/121 400/460/400 
f 408/468/401 409/469/402 410/470/402 411/471/401 
f 412/472/124 413/473/403 410/470/402 409/469/402 
f 401/461/124 407/467/121 410/470/402 413/473/403 
f 406/466/120 411/471/401 410/470/402 407/467/121 
f 414/474/126 415/475/126 416/476/398 417/477/129 
f 403/463/126 402/462/398 416/476/398 415/475/126 
f 401/461/124 413/473/403 416/476/398 402/462/398 
f 412/472/124 417/477/129 416/476/398 413/473/403 
f 120/120/120 145/145/145 418/478/145 404/464/120 
f 142/142/142 419/479/142 418/478/145 145/145/145 
f 420/480/142 421/481/404 418/478/145 419/479/142 
f 406/466/120 404/464/120 418/478/145 421/481/404 
f 138/138/138 422/482/405 423/483/139 139/139/139 
f 424/484/405 425/485/139 423/483/139 422/482/405 
f 420/480/142 419/479/142 423/483/139 425/485/139 
f 142/142/142 139/139/139 423/483/139 419/479/142 
f 426/486/138 427/487/139 428/488/139 429/489/138 
f 430/490/142 431/491/142 428/488/139 427/487/139 
f 420/480/142 425/485/139 428/488/139 431/491/142 
f 424/484/405 429/489/138 428/488/139 425/485/139 
f 408/468/401 411/471/401 432/492/404 433/493/145 
f 406/466/120 421/481/404 432/492/404 411/471/401 
f 420/480/142 431/491/142 432/492/404 421/481/404 
f 430/490/142 433/493/145 432/492/404 431/491/142 
f 138/138/138 161/161/161 434/494/161 422/482/405 
f 158/158/158 435/495/406 434/494/161 161/161/161 
f 436/496/158 437/497/407 434/494/161 435/495/406 
f 424/484/405 422/482/405 434/494/161 437/497/407 
f 154/154/154 438/498/408 439/499/409 155/155/155 
f 440/500/408 441/501/409 439/499/409 438/498/408 
f 436/496/158 435/495/406 439/499/409 441/501/409 
f 158/158/158 155/155/155 439/499/409 435/495/406 
f 442/502/408 443/503/409 444/504/410 445/505/154 
f 446/506/158 447/507/158 444/504/410 443/503/409 
f 436/496/158 441/501/409 444/504/410 447/507/158 
f 440/500/408 445/505/154 444/504/410 441/501/409 
f 426/486/138 429/489/138 448/508/161 449/509/161 
f 424/484/405 437/497/407 448/508/161 429/489/138 
f 436/496/158 447/507/158 448/508/161 437/497/407 
f 446/506/158 449/509/161 448/508/161 447/507/158 
f 154/154/154 177/177/177 450/510/411 438/498/408 
f 174/174/174 451/511/412 450/510/411 177/177/177 
f 452/512/412 453/513/411 450/510/411 451/511/412 
f 440/500/408 438/498/408 450/510/411 453/513/411 
f 170/170/170 454/514/170 455/515/171 171/171/171 
f 456/516/413 457/517/414 455/515/171 454/514/170 
f 452/512/412 451/511/412 455/515/171 457/517/414 
f 174/174/174 171/171/171 455/515/171 451/511/412 
f 458/518/413 459/519/171 460/520/414 461/521/413 
f 462/522/174 463/523/174 460/520/414 459/519/171 
f 452/512/412 457/517/414 460/520/414 463/523/174 
f 456/516/413 461/521/413 460/520/414 457/517/414 
f 442/502/408 445/505/154 464/524/411 465/525/411 
f 440/500/408 453/513/411 464/524/411 445/505/154 
f 452/512/412 463/523/174 464/524/411 453/513/411 
f 462/522/174 465/525/411 464/524/411 463/523/174 
f 170/199/170 193/202/193 466/526/415 454/527/170 
f 190/197/190 467/528/190 466/526/415 193/202/193 
f 468/529/190 469/530/415 466/526/415 467/528/190 
f 456/531/413 454/527/170 466/526/415 469/530/415 
f 186/193/186 470/532/416 471/533/187 187/194/187 
f 472/534/416 473/535/417 471/533/187 470/532/416 
f 468/529/190 467/528/190 471/533/187 473/535/417 
f 190/197/190 187/194/187 471/533/187 467/528/190 
f 474/536/416 475/537/187 476/538/417 477/539/416 
f 478/540/418 479/541/190 476/538/417 475/537/187 
f 468/529/190 473/535/417 476/538/417 479/541/190 
f 472/534/416 477/539/416 476/538/417 473/535/417 
f 458/542/413 461/543/413 480/544/415 481/545/415 
f 456/531/413 469/530/415 480/544/415 461/543/413 
f 468/529/190 479/541/190 480/544/415 469/530/415 
f 478/540/418 481/545/415 480/544/415 479/541/190 
f 186/193/186 209/222/209 482/546/209 470/532/416 
f 206/219/206 483/547/206 482/546/209 209/222/209 
f 484/548/206 485/549/419 482/546/209 483/547/206 
f 472/534/416 470/532/416 482/546/209 485/549/419 
f 202/215/202 486/550/420 487/551/421 203/216/203 
f 488/552/420 489/553/203 487/551/421 486/550/420 
f 484/548/206 483/547/206 487/551/421 489/553/203 
f 206/219/206 203/216/203 487/551/421 483/547/206 
f 490/554/202 491/555/422 492/556/203 493/557/420 
f 494/558/206 495/559/423 492/556/203 491/555/422 
f 484/548/206 489/553/203 492/556/203 495/559/423 
f 488/552/420 493/557/420 492/556/203 489/553/203 
f 474/536/416 477/539/416 496/560/419 497/561/419 
f 472/534/416 485/549/419 496/560/419 477/539/416 
f 484/548/206 495/559/423 496/560/419 485/549/419 
f 494/558/206 497/561/419 496/560/419 495/559/423 
f 202/215/202 225/242/225 498/562/225 486/550/420 
f 222/239/222 499/563/222 498/562/225 225/242/225 
f 500/564/222 501/565/225 498/562/225 499/563/222 
f 488/552/420 486/550/420 498/562/225 501/565/225 
f 218/235/218 502/566/424 503/567/219 219/236/219 
f 504/568/424 505/569/219 503/567/219 502/566/424 
f 500/564/222 499/563/222 503/567/219 505/569/219 
f 222/239/222 219/236/219 503/567/219 499/563/222 
f 506/570/218 507/571/219 508/572/219 509/573/218 
f 510/574/222 511/575/222 508/572/219 507/571/219 
f 500/564/222 505/569/219 508/572/219 511/575/222 
f 504/568/424 509/573/218 508/572/219 505/569/219 
f 490/554/202 493/557/420 512/576/225 513/577/225 
f 488/552/420 501/565/225 512/576/225 493/557/420 
f 500/564/222 511/575/222 512/576/225 501/565/225 
f 510/574/222 513/577/225 512/576/225 511/575/222 
f 218/235/218 241/262/241 514/578/241 502/566/424 
f 238/259/238 515/579/238 514/578/241 241/262/241 
f 516/580/238 517/581/241 514/578/241 515/579/238 
f 504/568/424 502/566/424 514/578/241 517/581/241 
f 234/255/234 518/582/234 519/583/425 235/256/235 
f 520/584/426 521/585/425 519/583/425 518/582/234 
f 516/580/238 515/579/238 519/583/425 521/585/425 
f 238/259/238 235/256/235 519/583/425 515/579/238 
f 522/586/234 523/587/235 524/588/235 525/589/234 
f 526/590/238 527/591/427 524/588/235 523/587/235 
f 516/580/238 521/585/425 524/588/235 527/591/427 
f 520/584/426 525/589/234 524/588/235 521/585/425 
f 506/570/218 509/573/218 528/592/241 529/593/241 
f 504/568/424 517/581/241 528/592/241 509/573/218 
f 516/580/238 527/591/427 528/592/241 517/581/241 
f 526/590/238 529/593/241 528/592/241 527/591/427 
f 234/255/234 257/282/257 530/594/428 518/582/234 
f 254/279/254 531/595/429 530/594/428 257/282/257 
f 532/596/254 533/597/428 530/594/428 531/595/429 
f 520/584/426 518/582/234 530/594/428 533/597/428 
f 250/275/250 534/598/430 535/599/431 251/276/251 
f 536/600/430 537/601/431 535/599/431 534/598/430 
f 532/596/254 531/595/429 535/599/431 537/601/431 
f 254/279/254 251/276/251 535/599/431 531/595/429 
f 538/602/250 539/603/251 540/604/251 541/605/432 
f 542/606/433 543/607/434 540/604/251 539/603/251 
f 532/596/254 537/601/431 540/604/251 543/607/434 
f 536/600/430 541/605/432 540/604/251 537/601/431 
f 522/586/234 525/589/234 544/608/428 545/609/428 
f 520/584/426 533/597/428 544/608/428 525/589/234 
f 532/596/254 543/607/434 544/608/428 533/597/428 
f 542/606/433 545/609/428 544/608/428 543/607/434 
f 250/275/250 273/302/273 546/610/273 534/598/430 
f 270/299/270 547/611/435 546/610/273 273/302/273 
f 548/612/270 549/613/436 546/610/273 547/611/435 
f 536/600/430 534/598/430 546/610/273 549/613/436 
f 266/295/266 550/614/266 551/615/267 267/296/267 
f 552/616/266 553/617/437 551/615/267 550/614/266 
f 548/612/270 547/611/435 551/615/267 553/617/437 
f 270/299/270 267/296/267 551/615/267 547/611/435 
f 554/618/266 555/619/267 556/620/267 557/621/266 
f 558/622/270 559/623/438 556/620/267 555/619/267 
f 548/612/270 553/617/437 556/620/267 559/623/438 
f 552/616/266 557/621/266 556/620/267 553/617/437 
f 538/602/250 541/605/432 560/624/436 561/625/273 
f 536/600/430 549/613/436 560/624/436 541/605/432 
f 548/612/270 559/623/438 560/624/436 549/613/436 
f 558/622/270 561/625/273 560/624/436 559/623/438 
f 266/295/266 289/322/289 562/626/289 550/614/266 
f 286/319/286 563/627/286 562/626/289 289/322/289 
f 564/628/286 565/629/289 562/626/289 563/627/286 
f 552/616/266 550/614/266 562/626/289 565/629/289 
f 282/315/282 566/630/439 567/631/283 283/316/283 
f 568/632/439 569/633/283 567/631/283 566/630/439 
f 564/628/286 563/627/286 567/631/283 569/633/283 
f 286/319/286 283/316/283 567/631/283 563/627/286 
f 570/634/282 571/635/283 572/636/283 573/637/282 
f 574/638/286 575/639/286 572/636/283 571/635/283 
f 564/628/286 569/633/283 572/636/283 575/639/286 
f 568/632/439 573/637/282 572/636/283 569/633/283 
f 554/618/266 557/621/266 576/640/289 577/641/440 
f 552/616/266 565/629/289 576/640/289 557/621/266 
f 564/628/286 575/639/286 576/640/289 565/629/289 
f 574/638/286 577/641/440 576/640/289 575/639/286 
f 282/315/282 305/342/305 578/642/441 566/630/439 
f 302/339/302 579/643/442 578/642/441 305/342/305 
f 580/644/442 581/645/441 578/642/441 579/643/442 
f 568/632/439 566/630/439 578/642/441 581/645/441 
f 298/335/298 582/646/443 583/647/299 299/336/299 
f 584/648/298 585/649/299 583/647/299 582/646/443 
f 580/644/442 579/643/442 583/647/299 585/649/299 
f 302/339/302 299/336/299 583/647/299 579/643/442 
f 586/650/443 587/651/299 588/652/299 589/653/298 
f 590/654/302 591/655/302 588/652/299 587/651/299 
f 580/644/442 585/649/299 588/652/299 591/655/302 
f 584/648/298 589/653/298 588/652/299 585/649/299 
f 570/634/282 573/637/282 592/656/441 593/657/305 
f 568/632/439 581/645/441 592/656/441 573/637/282 
f 580/644/442 591/655/302 592/656/441 581/645/441 
f 590/654/302 593/657/305 592/656/441 591/655/302 
f 298/335/298 321/362/321 594/658/321 582/646/443 
f 318/359/318 595/659/444 594/658/321 321/362/321 
f 596/660/444 597/661/321 594/658/321 595/659/444 
f 584/648/298 582/646/443 594/658/321 597/661/321 
f 314/355/314 598/662/314 599/663/315 315/356/315 
f 600/664/314 601/665/315 599/663/315 598/662/314 
f 596/660/444 595/659/444 599/663/315 601/665/315 
f 318/359/318 315/356/315 599/663/315 595/659/444 
f 602/666/314 603/667/315 604/668/315 605/669/445 
f 606/670/318 607/671/318 604/668/315 603/667/315 
f 596/660/444 601/665/315 604/668/315 607/671/318 
f 600/664/314 605/669/445 604/668/315 601/665/315 
f 586/650/443 589/653/298 608/672/321 609/673/321 
f 584/648/298 597/661/321 608/672/321 589/653/298 
f 596/660/444 607/671/318 608/672/321 597/661/321 
f 606/670/318 609/673/321 608/672/321 607/671/318 
f 314/355/314 337/382/337 610/674/446 598/662/314 
f 334/379/334 611/675/334 610/674/446 337/382/337 
f 612/676/334 613/677/446 610/674/446 611/675/334 
f 600/664/314 598/662/314 610/674/446 613/677/446 
f 330/375/330 614/678/330 615/679/331 331/376/331 
f 616/680/330 617/681/331 615/679/331 614/678/330 
f 612/676/334 611/675/334 615/679/331 617/681/331 
f 334/379/334 331/376/331 615/679/331 611/675/334 
f 618/682/330 619/683/331 620/684/331 621/685/330 
f 622/686/447 623/687/334 620/684/331 619/683/331 
f 612/676/334 617/681/331 620/684/331 623/687/334 
f 616/680/330 621/685/330 620/684/331 617/681/331 
f 602/666/314 605/669/445 624/688/337 625/689/337 
f 600/664/314 613/677/446 624/688/337 605/669/445 
f 612/676/334 623/687/334 624/688/337 613/677/446 
f 622/686/447 625/689/337 624/688/337 623/687/334 
f 330/375/330 353/402/353 626/690/448 614/678/330 
f 350/399/350 627/691/350 626/690/448 353/402/353 
f 628/692/350 629/693/448 626/690/448 627/691/350 
f 616/680/330 614/678/330 626/690/448 629/693/448 
f 346/395/346 630/694/449 631/695/450 347/396/347 
f 632/696/449 633/697/450 631/695/450 630/694/449 
f 628/692/350 627/691/350 631/695/450 633/697/450 
f 350/399/350 347/396/347 631/695/450 627/691/350 
f 634/698/449 635/699/347 636/700/347 637/701/449 
f 638/702/350 639/703/350 636/700/347 635/699/347 
f 628/692/350 633/697/450 636/700/347 639/703/350 
f 632/696/449 637/701/449 636/700/347 633/697/450 
f 618/682/330 621/685/330 640/704/448 641/705/353 
f 616/680/330 629/693/448 640/704/448 621/685/330 
f 628/692/350 639/703/350 640/704/448 629/693/448 
f 638/702/350 641/705/353 640/704/448 639/703/350 
f 346/395/346 369/422/369 642/706/369 630/694/449 
f 366/419/366 643/707/451 642/706/369 369/422/369 
f 644/708/451 645/709/369 642/706/369 643/707/451 
f 632/696/449 630/694/449 642/706/369 645/709/369 
f 362/415/362 646/710/362 647/711/363 363/416/363 
f 648/712/452 649/713/363 647/711/363 646/710/362 
f 644/708/451 643/707/451 647/711/363 649/713/363 
f 366/419/366 363/416/363 647/711/363 643/707/451 
f 650/714/362 651/715/363 652/716/363 653/717/362 
f 654/718/451 655/719/451 652/716/363 651/715/363 
f 644/708/451 649/713/363 652/716/363 655/719/451 
f 648/712/452 653/717/362 652/716/363 649/713/363 
f 634/698/449 637/701/449 656/720/369 657/721/453 
f 632/696/449 645/709/369 656/720/369 637/701/449 
f 644/708/451 655/719/451 656/720/369 645/709/369 
f 654/718/451 657/721/453 656/720/369 655/719/451 
f 362/415/362 385/442/385 658/722/385 646/710/362 
f 382/439/382 659/723/382 658/722/385 385/442/385 
f 660/724/454 661/725/455 658/722/385 659/723/382 
f 648/712/452 646/710/362 658/722/385 661/725/455 
f 378/435/378 662/726/456 663/727/379 379/436/379 
f 664/728/378 665/729/457 663/727/379 662/726/456 
f 660/724/454 659/723/382 663/727/379 665/729/457 
f 382/439/382 379/436/379 663/727/379 659/723/382 
f 666/730/378 667/731/379 668/732/457 669/733/378 
f 670/734/382 671/735/382 668/732/457 667/731/379 
f 660/724/454 665/729/457 668/732/457 671/735/382 
f 664/728/378 669/733/378 668/732/457 665/729/457 
f 650/714/362 653/717/362 672/736/385 673/737/385 
f 648/712/452 661/725/455 672/736/385 653/717/362 
f 660/724/454 671/735/382 672/736/385 661/725/455 
f 670/734/382 673/737/385 672/736/385 671/735/382 
f 378/435/378 397/457/397 674/738/397 662/726/456 
f 394/454/394 675/739/458 674/738/397 397/457/397 
f 676/740/459 677/741/397 674/738/397 675/739/458 
f 664/728/378 662/726/456 674/738/397 677/741/397 
f 126/126/126 399/459/399 678/742/392 392/452/392 
f 403/463/126 679/743/392 678/742/392 399/459/399 
f 676/740/459 675/739/458 678/742/392 679/743/392 
f 394/454/394 392/452/392 678/742/392 675/739/458 
f 414/474/126 680/744/392 681/745/392 415/475/126 
f 682/746/460 683/747/394 681/745/392 680/744/392 
f 676/740/459 679/743/392 681/745/392 683/747/394 
f 403/463/126 415/475/126 681/745/392 679/743/392 
f 666/730/378 669/733/378 684/748/397 685/749/461 
f 664/728/378 677/741/397 684/748/397 669/733/378 
f 676/740/459 683/747/394 684/748/397 677/741/397 
f 682/746/460 685/749/461 684/748/397 683/747/394 
f 414/474/126 417/477/129 686/750/398 687/751/399 
f 412/472/124 688/752/400 686/750/398 417/477/129 
f 689/753/124 690/754/398 686/750/398 688/752/400 
f 691/755/126 687/751/399 686/750/398 690/754/398 
f 408/468/401 692/756/120 693/757/121 409/469/402 
f 694/758/401 695/759/402 693/757/121 692/756/120 
f 689/753/124 688/752/400 693/757/121 695/759/402 
f 412/472/124 409/469/402 693/757/121 688/752/400 
f 696/760/120 697/761/402 698/762/402 699/763/401 
f 700/764/124 701/765/403 698/762/402 697/761/402 
f 689/753/124 695/759/402 698/762/402 701/765/403 
f 694/758/401 699/763/401 698/762/402 695/759/402 
f 702/766/126 703/767/126 704/768/398 705/769/129 
f 691/755/126 690/754/398 704/768/398 703/767/126 
f 689/753/124 701/765/403 704/768/398 690/754/398 
f 700/764/124 705/769/129 704/768/398 701/765/403 
f 408/468/401 433/493/145 706/770/145 692/756/120 
f 430/490/142 707/771/142 706/770/145 433/493/145 
f 708/772/142 709/773/404 706/770/145 707/771/142 
f 694/758/401 692/756/120 706/770/145 709/773/404 
f 426/486/138 710/774/138 711/775/139 427/487/139 
f 712/776/138 713/777/139 711/775/139 710/774/138 
f 708/772/142 707/771/142 711/775/139 713/777/139 
f 430/490/142 427/487/139 711/775/139 707/771/142 
f 714/778/405 715/779/139 716/780/139 717/781/405 
f 718/782/462 719/783/142 716/780/139 715/779/139 
f 708/772/142 713/777/139 716/780/139 719/783/142 
f 712/776/138 717/781/405 716/780/139 713/777/139 
f 696/760/120 699/763/401 720/784/404 721/785/145 
f 694/758/401 709/773/404 720/784/404 699/763/401 
f 708/772/142 719/783/142 720/784/404 709/773/404 
f 718/782/462 721/785/145 720/784/404 719/783/142 
f 426/486/138 449/509/161 722/786/161 710/774/138 
f 446/506/158 723/787/158 722/786/161 449/509/161 
f 724/788/158 725/789/161 722/786/161 723/787/158 
f 712/776/138 710/774/138 722/786/161 725/789/161 
f 442/502/408 726/790/408 727/791/409 443/503/409 
f 728/792/408 729/793/410 727/791/409 726/790/408 
f 724/788/158 723/787/158 727/791/409 729/793/410 
f 446/506/158 443/503/409 727/791/409 723/787/158 
f 730/794/154 731/795/155 732/796/410 733/797/154 
f 734/798/406 735/799/406 732/796/410 731/795/155 
f 724/788/158 729/793/410 732/796/410 735/799/406 
f 728/792/408 733/797/154 732/796/410 729/793/410 
f 714/778/405 717/781/405 736/800/161 737/801/161 
f 712/776/138 725/789/161 736/800/161 717/781/405 
f 724/788/158 735/799/406 736/800/161 725/789/161 
f 734/798/406 737/801/161 736/800/161 735/799/406 
f 442/502/408 465/525/411 738/802/463 726/790/408 
f 462/522/174 739/803/412 738/802/463 465/525/411 
f 740/804/412 741/805/463 738/802/463 739/803/412 
f 728/792/408 726/790/408 738/802/463 741/805/463 
f 458/518/413 742/806/170 743/807/414 459/519/171 
f 744/808/170 745/809/414 743/807/414 742/806/170 
f 740/804/412 739/803/412 743/807/414 745/809/414 
f 462/522/174 459/519/171 743/807/414 739/803/412 
f 746/810/413 747/811/171 748/812/414 749/813/413 
f 750/814/174 751/815/174 748/812/414 747/811/171 
f 740/804/412 745/809/414 748/812/414 751/815/174 
f 744/808/170 749/813/413 748/812/414 745/809/414 
f 730/794/154 733/797/154 752/816/411 753/817/177 
f 728/792/408 741/805/463 752/816/411 733/797/154 
f 740/804/412 751/815/174 752/816/411 741/805/463 
f 750/814/174 753/817/177 752/816/411 751/815/174 
f 458/542/413 481/545/415 754/818/415 742/819/170 
f 478/540/418 755/820/190 754/818/415 481/545/415 
f 756/821/190 757/822/415 754/818/415 755/820/190 
f 744/823/170 742/819/170 754/818/415 757/822/415 
f 474/536/416 758/824/416 759/825/187 475/537/187 
f 760/826/416 761/827/417 759/825/187 758/824/416 
f 756/821/190 755/820/190 759/825/187 761/827/417 
f 478/540/418 475/537/187 759/825/187 755/820/190 
f 762/828/416 763/829/187 764/830/417 765/831/416 
f 766/832/418 767/833/190 764/830/417 763/829/187 
f 756/821/190 761/827/417 764/830/417 767/833/190 
f 760/826/416 765/831/416 764/830/417 761/827/417 
f 746/834/413 749/835/413 768/836/415 769/837/415 
f 744/823/170 757/822/415 768/836/415 749/835/413 
f 756/821/190 767/833/190 768/836/415 757/822/415 
f 766/832/418 769/837/415 768/836/415 767/833/190 
f 474/536/416 497/561/419 770/838/209 758/824/416 
f 494/558/206 771/839/206 770/838/209 497/561/419 
f 772/840/206 773/841/209 770/838/209 771/839/206 
f 760/826/416 758/824/416 770/838/209 773/841/209 
f 490/554/202 774/842/420 775/843/203 491/555/422 
f 776/844/202 777/845/203 775/843/203 774/842/420 
f 772/840/206 771/839/206 775/843/203 777/845/203 
f 494/558/206 491/555/422 775/843/203 771/839/206 
f 778/846/202 779/847/203 780/848/203 781/849/202 
f 782/850/206 783/851/206 780/848/203 779/847/203 
f 772/840/206 777/845/203 780/848/203 783/851/206 
f 776/844/202 781/849/202 780/848/203 777/845/203 
f 762/828/416 765/831/416 784/852/419 785/853/419 
f 760/826/416 773/841/209 784/852/419 765/831/416 
f 772/840/206 783/851/206 784/852/419 773/841/209 
f 782/850/206 785/853/419 784/852/419 783/851/206 
f 490/554/202 513/577/225 786/854/225 774/842/420 
f 510/574/222 787/855/464 786/854/225 513/577/225 
f 788/856/464 789/857/225 786/854/225 787/855/464 
f 776/844/202 774/842/420 786/854/225 789/857/225 
f 506/570/218 790/858/424 791/859/219 507/571/219 
f 792/860/424 793/861/219 791/859/219 790/858/424 
f 788/856/464 787/855/464 791/859/219 793/861/219 
f 510/574/222 507/571/219 791/859/219 787/855/464 
f 794/862/218 795/863/219 796/864/219 797/865/218 
f 798/866/222 799/867/222 796/864/219 795/863/219 
f 788/856/464 793/861/219 796/864/219 799/867/222 
f 792/860/424 797/865/218 796/864/219 793/861/219 
f 778/846/202 781/849/202 800/868/225 801/869/225 
f 776/844/202 789/857/225 800/868/225 781/849/202 
f 788/856/464 799/867/222 800/868/225 789/857/225 
f 798/866/222 801/869/225 800/868/225 799/867/222 
f 506/570/218 529/593/241 802/870/241 790/858/424 
f 526/590/238 803/871/238 802/870/241 529/593/241 
f 804/872/238 805/873/241 802/870/241 803/871/238 
f 792/860/424 790/858/424 802/870/241 805/873/241 
f 522/586/234 806/874/234 807/875/425 523/587/235 
f 808/876/426 809/877/425 807/875/425 806/874/234 
f 804/872/238 803/871/238 807/875/425 809/877/425 
f 526/590/238 523/587/235 807/875/425 803/871/238 
f 810/878/234 811/879/235 812/880/235 813/881/234 
f 814/882/238 815/883/427 812/880/235 811/879/235 
f 804/872/238 809/877/425 812/880/235 815/883/427 
f 808/876/426 813/881/234 812/880/235 809/877/425 
f 794/862/218 797/865/218 816/884/241 817/885/241 
f 792/860/424 805/873/241 816/884/241 797/865/218 
f 804/872/238 815/883/427 816/884/241 805/873/241 
f 814/882/238 817/885/241 816/884/241 815/883/427 
f 522/586/234 545/609/428 818/886/428 806/874/234 
f 542/606/433 819/887/434 818/886/428 545/609/428 
f 820/888/433 821/889/428 818/886/428 819/887/434 
f 808/876/426 806/874/234 818/886/428 821/889/428 
f 538/602/250 822/890/430 823/891/251 539/603/251 
f 824/892/430 825/893/251 823/891/251 822/890/430 
f 820/888/433 819/887/434 823/891/251 825/893/251 
f 542/606/433 539/603/251 823/891/251 819/887/434 
f 826/894/250 827/895/251 828/896/251 829/897/250 
f 830/898/433 831/899/434 828/896/251 827/895/251 
f 820/888/433 825/893/251 828/896/251 831/899/434 
f 824/892/430 829/897/250 828/896/251 825/893/251 
f 810/878/234 813/881/234 832/900/428 833/901/428 
f 808/876/426 821/889/428 832/900/428 813/881/234 
f 820/888/433 831/899/434 832/900/428 821/889/428 
f 830/898/433 833/901/428 832/900/428 831/899/434 
f 538/602/250 561/625/273 834/902/436 822/890/430 
f 558/622/270 835/903/435 834/902/436 561/625/273 
f 836/904/465 837/905/436 834/902/436 835/903/435 
f 824/892/430 822/890/430 834/902/436 837/905/436 
f 554/618/266 838/906/266 839/907/267 555/619/267 
f 840/908/266 841/909/437 839/907/267 838/906/266 
f 836/904/465 835/903/435 839/907/267 841/909/437 
f 558/622/270 555/619/267 839/907/267 835/903/435 
f 842/910/466 843/911/267 844/912/267 845/913/266 
f 846/914/270 847/915/465 844/912/267 843/911/267 
f 836/904/465 841/909/437 844/912/267 847/915/465 
f 840/908/266 845/913/266 844/912/267 841/909/437 
f 826/894/250 829/897/250 848/916/436 849/917/273 
f 824/892/430 837/905/436 848/916/436 829/897/250 
f 836/904/465 847/915/465 848/916/436 837/905/436 
f 846/914/270 849/917/273 848/916/436 847/915/465 
f 554/618/266 577/641/440 850/918/289 838/906/266 
f 574/638/286 851/919/286 850/918/289 577/641/440 
f 852/920/286 853/921/289 850/918/289 851/919/286 
f 840/908/266 838/906/266 850/918/289 853/921/289 
f 570/634/282 854/922/439 855/923/283 571/635/283 
f 856/924/439 857/925/283 855/923/283 854/922/439 
f 852/920/286 851/919/286 855/923/283 857/925/283 
f 574/638/286 571/635/283 855/923/283 851/919/286 
f 858/926/282 859/927/283 860/928/283 861/929/282 
f 862/930/286 863/931/286 860/928/283 859/927/283 
f 852/920/286 857/925/283 860/928/283 863/931/286 
f 856/924/439 861/929/282 860/928/283 857/925/283 
f 842/910/466 845/913/266 864/932/289 865/933/440 
f 840/908/266 853/921/289 864/932/289 845/913/266 
f 852/920/286 863/931/286 864/932/289 853/921/289 
f 862/930/286 865/933/440 864/932/289 863/931/286 
f 570/634/282 593/657/305 866/934/441 854/922/439 
f 590/654/302 867/935/442 866/934/441 593/657/305 
f 868/936/442 869/937/441 866/934/441 867/935/442 
f 856/924/439 854/922/439 866/934/441 869/937/441 
f 586/650/443 870/938/298 871/939/299 587/651/299 
f 872/940/298 873/941/299 871/939/299 870/938/298 
f 868/936/442 867/935/442 871/939/299 873/941/299 
f 590/654/302 587/651/299 871/939/299 867/935/442 
f 874/942/443 875/943/299 876/944/299 877/945/298 
f 878/946/302 879/947/302 876/944/299 875/943/299 
f 868/936/442 873/941/299 876/944/299 879/947/302 
f 872/940/298 877/945/298 876/944/299 873/941/299 
f 858/926/282 861/929/282 880/948/441 881/949/305 
f 856/924/439 869/937/441 880/948/441 861/929/282 
f 868/936/442 879/947/302 880/948/441 869/937/441 
f 878/946/302 881/949/305 880/948/441 879/947/302 
f 586/650/443 609/673/321 882/950/321 870/938/298 
f 606/670/318 883/951/444 882/950/321 609/673/321 
f 884/952/444 885/953/467 882/950/321 883/951/444 
f 872/940/298 870/938/298 882/950/321 885/953/467 
f 602/666/314 886/954/314 887/955/315 603/667/315 
f 888/956/314 889/957/315 887/955/315 886/954/314 
f 884/952/444 883/951/444 887/955/315 889/957/315 
f 606/670/318 603/667/315 887/955/315 883/951/444 
f 890/958/314 891/959/315 892/960/315 893/961/445 
f 894/962/318 895/963/318 892/960/315 891/959/315 
f 884/952/444 889/957/315 892/960/315 895/963/318 
f 888/956/314 893/961/445 892/960/315 889/957/315 
f 874/942/443 877/945/298 896/964/321 897/965/321 
f 872/940/298 885/953/467 896/964/321 877/945/298 
f 884/952/444 895/963/318 896/964/321 885/953/467 
f 894/962/318 897/965/321 896/964/321 895/963/318 
f 602/666/314 625/689/337 898/966/446 886/954/314 
f 622/686/447 899/967/334 898/966/446 625/689/337 
f 900/968/447 901/969/446 898/966/446 899/967/334 
f 888/956/314 886/954/314 898/966/446 901/969/446 
f 618/682/330 902/970/468 903/971/331 619/683/331 
f 904/972/330 905/973/331 903/971/331 902/970/468 
f 900/968/447 899/967/334 903/971/331 905/973/331 
f 622/686/447 619/683/331 903/971/331 899/967/334 
f 906/974/330 907/975/331 908/976/331 909/977/330 
f 910/978/447 911/979/334 908/976/331 907/975/331 
f 900/968/447 905/973/331 908/976/331 911/979/334 
f 904/972/330 909/977/330 908/976/331 905/973/331 
f 890/958/314 893/961/445 912/980/446 913/981/337 
f 888/956/314 901/969/446 912/980/446 893/961/445 
f 900/968/447 911/979/334 912/980/446 901/969/446 
f 910/978/447 913/981/337 912/980/446 911/979/334 
f 618/682/330 641/705/353 914/982/448 902/970/468 
f 638/702/350 915/983/350 914/982/448 641/705/353 
f 916/984/350 917/985/448 914/982/448 915/983/350 
f 904/972/330 902/970/468 914/982/448 917/985/448 
f 634/698/449 918/986/449 919/987/450 635/699/347 
f 920/988/449 921/989/450 919/987/450 918/986/449 
f 916/984/350 915/983/350 919/987/450 921/989/450 
f 638/702/350 635/699/347 919/987/450 915/983/350 
f 922/990/346 923/991/347 924/992/469 925/993/346 
f 926/994/350 927/995/470 924/992/469 923/991/347 
f 916/984/350 921/989/450 924/992/469 927/995/470 
f 920/988/449 925/993/346 924/992/469 921/989/450 
f 906/974/330 909/977/330 928/996/448 929/997/353 
f 904/972/330 917/985/448 928/996/448 909/977/330 
f 916/984/350 927/995/470 928/996/448 917/985/448 
f 926/994/350 929/997/353 928/996/448 927/995/470 
f 634/698/449 657/721/453 930/998/369 918/986/449 
f 654/718/451 931/999/451 930/998/369 657/721/453 
f 932/1000/451 933/1001/369 930/998/369 931/999/451 
f 920/988/449 918/986/449 930/998/369 933/1001/369 
f 650/714/362 934/1002/452 935/1003/363 651/715/363 
f 936/1004/452 937/1005/363 935/1003/363 934/1002/452 
f 932/1000/451 931/999/451 935/1003/363 937/1005/363 
f 654/718/451 651/715/363 935/1003/363 931/999/451 
f 938/1006/362 939/1007/363 940/1008/471 941/1009/362 
f 942/1010/451 943/1011/451 940/1008/471 939/1007/363 
f 932/1000/451 937/1005/363 940/1008/471 943/1011/451 
f 936/1004/452 941/1009/362 940/1008/471 937/1005/363 
f 922/990/346 925/993/346 944/1012/369 945/1013/453 
f 920/988/449 933/1001/369 944/1012/369 925/993/346 
f 932/1000/451 943/1011/451 944/1012/369 933/1001/369 
f 942/1010/451 945/1013/453 944/1012/369 943/1011/451 
f 650/714/362 673/737/385 946/1014/385 934/1002/452 
f 670/734/382 947/1015/382 946/1014/385 673/737/385 
f 948/1016/454 949/1017/455 946/1014/385 947/1015/382 
f 936/1004/452 934/1002/452 946/1014/385 949/1017/455 
f 666/730/378 950/1018/456 951/1019/457 667/731/379 
f 952/1020/456 953/1021/457 951/1019/457 950/1018/456 
f 948/1016/454 947/1015/382 951/1019/457 953/1021/457 
f 670/734/382 667/731/379 951/1019/457 947/1015/382 
f 954/1022/378 955/1023/379 956/1024/379 957/1025/378 
f 958/1026/382 959/1027/454 956/1024/379 955/1023/379 
f 948/1016/454 953/1021/457 956/1024/379 959/1027/454 
f 952/1020/456 957/1025/378 956/1024/379 953/1021/457 
f 938/1006/362 941/1009/362 960/1028/385 961/1029/385 
f 936/1004/452 949/1017/455 960/1028/385 941/1009/362 
f 948/1016/454 959/1027/454 960/1028/385 949/1017/455 
f 958/1026/382 961/1029/385 960/1028/385 959/1027/454 
f 666/730/378 685/749/461 962/1030/397 950/1018/456 
f 682/746/460 963/1031/458 962/1030/397 685/749/461 
f 964/1032/459 965/1033/397 962/1030/397 963/1031/458 
f 952/1020/456 950/1018/456 962/1030/397 965/1033/397 
f 414/474/126 687/751/399 966/1034/392 680/744/392 
f 691/755/126 967/1035/392 966/1034/392 687/751/399 
f 964/1032/459 963/1031/458 966/1034/392 967/1035/392 
f 682/746/460 680/744/392 966/1034/392 963/1031/458 
f 702/766/126 968/1036/392 969/1037/392 703/767/126 
f 970/1038/460 971/1039/394 969/1037/392 968/1036/392 
f 964/1032/459 967/1035/392 969/1037/392 971/1039/394 
f 691/755/126 703/767/126 969/1037/392 967/1035/392 
f 954/1022/378 957/1025/378 972/1040/397 973/1041/461 
f 952/1020/456 965/1033/397 972/1040/397 957/1025/378 
f 964/1032/459 971/1039/394 972/1040/397 965/1033/397 
f 970/1038/460 973/1041/461 972/1040/397 971/1039/394 
f 702/766/126 705/769/129 974/1042/398 975/1043/472 
f 700/764/124 976/1044/400 974/1042/398 705/769/129 
f 977/1045/124 978/1046/398 974/1042/398 976/1044/400 
f 979/1047/126 975/1043/472 974/1042/398 978/1046/398 
f 696/760/120 980/1048/120 981/1049/121 697/761/402 
f 982/1050/120 983/1051/121 981/1049/121 980/1048/120 
f 977/1045/124 976/1044/400 981/1049/121 983/1051/121 
f 700/764/124 697/761/402 981/1049/121 976/1044/400 
f 984/1052/120 985/1053/402 986/1054/402 987/1055/401 
f 988/1056/124 989/1057/473 986/1054/402 985/1053/402 
f 977/1045/124 983/1051/121 986/1054/402 989/1057/473 
f 982/1050/120 987/1055/401 986/1054/402 983/1051/121 
f 990/1058/472 991/1059/126 992/1060/398 993/1061/129 
f 979/1047/126 978/1046/398 992/1060/398 991/1059/126 
f 977/1045/124 989/1057/473 992/1060/398 978/1046/398 
f 988/1056/124 993/1061/129 992/1060/398 989/1057/473 
f 696/760/120 721/785/145 994/1062/145 980/1048/120 
f 718/782/462 995/1063/462 994/1062/145 721/785/145 
f 996/1064/142 997/1065/404 994/1062/145 995/1063/462 
f 982/1050/120 980/1048/120 994/1062/145 997/1065/404 
f 714/778/405 998/1066/405 999/1067/474 715/779/139 
f 1000/1068/405 1001/1069/474 999/1067/474 998/1066/405 
f 996/1064/142 995/1063/462 999/1067/474 1001/1069/474 
f 718/782/462 715/779/139 999/1067/474 995/1063/462 
f 1002/1070/405 1003/1071/139 1004/1072/139 1005/1073/405 
f 1006/1074/462 1007/1075/142 1004/1072/139 1003/1071/139 
f 996/1064/142 1001/1069/474 1004/1072/139 1007/1075/142 
f 1000/1068/405 1005/1073/405 1004/1072/139 1001/1069/474 
f 984/1052/120 987/1055/401 1008/1076/404 1009/1077/145 
f 982/1050/120 997/1065/404 1008/1076/404 987/1055/401 
f 996/1064/142 1007/1075/142 1008/1076/404 997/1065/404 
f 1006/1074/462 1009/1077/145 1008/1076/404 1007/1075/142 
f 714/778/405 737/801/161 1010/1078/161 998/1066/405 
f 734/798/406 1011/1079/158 1010/1078/161 737/801/161 
f 1012/1080/158 1013/1081/161 1010/1078/161 1011/1079/158 
f 1000/1068/405 998/1066/405 1010/1078/161 1013/1081/161 
f 730/794/154 1014/1082/408 1015/1083/410 731/795/155 
f 1016/1084/408 1017/1085/410 1015/1083/410 1014/1082/408 
f 1012/1080/158 1011/1079/158 1015/1083/410 1017/1085/410 
f 734/798/406 731/795/155 1015/1083/410 1011/1079/158 
f 1018/1086/154 1019/1087/155 1020/1088/155 1021/1089/154 
f 1022/1090/406 1023/1091/406 1020/1088/155 1019/1087/155 
f 1012/1080/158 1017/1085/410 1020/1088/155 1023/1091/406 
f 1016/1084/408 1021/1089/154 1020/1088/155 1017/1085/410 
f 1002/1070/405 1005/1073/405 1024/1092/161 1025/1093/161 
f 1000/1068/405 1013/1081/161 1024/1092/161 1005/1073/405 
f 1012/1080/158 1023/1091/406 1024/1092/161 1013/1081/161 
f 1022/1090/406 1025/1093/161 1024/1092/161 1023/1091/406 
f 730/794/154 753/817/177 1026/1094/463 1014/1082/408 
f 750/814/174 1027/1095/412 1026/1094/463 753/817/177 
f 1028/1096/412 1029/1097/463 1026/1094/463 1027/1095/412 
f 1016/1084/408 1014/1082/408 1026/1094/463 1029/1097/463 
f 746/810/413 1030/1098/170 1031/1099/414 747/811/171 
f 1032/1100/170 1033/1101/414 1031/1099/414 1030/1098/170 
f 1028/1096/412 1027/1095/412 1031/1099/414 1033/1101/414 
f 750/814/174 747/811/171 1031/1099/414 1027/1095/412 
f 1034/1102/413 1035/1103/171 1036/1104/171 1037/1105/413 
f 1038/1106/174 1039/1107/412 1036/1104/171 1035/1103/171 
f 1028/1096/412 1033/1101/414 1036/1104/171 1039/1107/412 
f 1032/1100/170 1037/1105/413 1036/1104/171 1033/1101/414 
f 1018/1086/154 1021/1089/154 1040/1108/411 1041/1109/177 
f 1016/1084/408 1029/1097/463 1040/1108/411 1021/1089/154 
f 1028/1096/412 1039/1107/412 1040/1108/411 1029/1097/463 
f 1038/1106/174 1041/1109/177 1040/1108/411 1039/1107/412 
f 746/834/413 769/837/415 1042/1110/415 1030/1111/170 
f 766/832/418 1043/1112/190 1042/1110/415 769/837/415 
f 1044/1113/190 1045/1114/415 1042/1110/415 1043/1112/190 
f 1032/1115/170 1030/1111/170 1042/1110/415 1045/1114/415 
f 762/828/416 1046/1116/416 1047/1117/187 763/829/187 
f 1048/1118/416 1049/1119/417 1047/1117/187 1046/1116/416 
f 1044/1113/190 1043/1112/190 1047/1117/187 1049/1119/417 
f 766/832/418 763/829/187 1047/1117/187 1043/1112/190 
f 1050/1120/416 1051/1121/187 1052/1122/417 1053/1123/416 
f 1054/1124/475 1055/1125/476 1052/1122/417 1051/1121/187 
f 1044/1113/190 1049/1119/417 1052/1122/417 1055/1125/476 
f 1048/1118/416 1053/1123/416 1052/1122/417 1049/1119/417 
f 1034/1126/413 1037/1127/413 1056/1128/415 1057/1129/415 
f 1032/1115/170 1045/1114/415 1056/1128/415 1037/1127/413 
f 1044/1113/190 1055/1125/476 1056/1128/415 1045/1114/415 
f 1054/1124/475 1057/1129/415 1056/1128/415 1055/1125/476 
f 762/828/416 785/853/419 1058/1130/209 1046/1116/416 
f 782/850/206 1059/1131/206 1058/1130/209 785/853/419 
f 1060/1132/206 1061/1133/209 1058/1130/209 1059/1131/206 
f 1048/1118/416 1046/1116/416 1058/1130/209 1061/1133/209 
f 778/846/202 1062/1134/420 1063/1135/203 779/847/203 
f 1064/1136/202 1065/1137/203 1063/1135/203 1062/1134/420 
f 1060/1132/206 1059/1131/206 1063/1135/203 1065/1137/203 
f 782/850/206 779/847/203 1063/1135/203 1059/1131/206 
f 1066/1138/202 1067/1139/203 1068/1140/203 1069/1141/202 
f 1070/1142/423 1071/1143/423 1068/1140/203 1067/1139/203 
f 1060/1132/206 1065/1137/203 1068/1140/203 1071/1143/423 
f 1064/1136/202 1069/1141/202 1068/1140/203 1065/1137/203 
f 1050/1120/416 1053/1123/416 1072/1144/419 1073/1145/419 
f 1048/1118/416 1061/1133/209 1072/1144/419 1053/1123/416 
f 1060/1132/206 1071/1143/423 1072/1144/419 1061/1133/209 
f 1070/1142/423 1073/1145/419 1072/1144/419 1071/1143/423 
f 778/846/202 801/869/225 1074/1146/225 1062/1134/420 
f 798/866/222 1075/1147/464 1074/1146/225 801/869/225 
f 1076/1148/464 1077/1149/225 1074/1146/225 1075/1147/464 
f 1064/1136/202 1062/1134/420 1074/1146/225 1077/1149/225 
f 794/862/218 1078/1150/424 1079/1151/219 795/863/219 
f 1080/1152/424 1081/1153/219 1079/1151/219 1078/1150/424 
f 1076/1148/464 1075/1147/464 1079/1151/219 1081/1153/219 
f 798/866/222 795/863/219 1079/1151/219 1075/1147/464 
f 1082/1154/218 1083/1155/219 1084/1156/219 1085/1157/218 
f 1086/1158/222 1087/1159/222 1084/1156/219 1083/1155/219 
f 1076/1148/464 1081/1153/219 1084/1156/219 1087/1159/222 
f 1080/1152/424 1085/1157/218 1084/1156/219 1081/1153/219 
f 1066/1138/202 1069/1141/202 1088/1160/225 1089/1161/225 
f 1064/1136/202 1077/1149/225 1088/1160/225 1069/1141/202 
f 1076/1148/464 1087/1159/222 1088/1160/225 1077/1149/225 
f 1086/1158/222 1089/1161/225 1088/1160/225 1087/1159/222 
f 794/862/218 817/885/241 1090/1162/241 1078/1150/424 
f 814/882/238 1091/1163/238 1090/1162/241 817/885/241 
f 1092/1164/238 1093/1165/241 1090/1162/241 1091/1163/238 
f 1080/1152/424 1078/1150/424 1090/1162/241 1093/1165/241 
f 810/878/234 1094/1166/234 1095/1167/235 811/879/235 
f 1096/1168/426 1097/1169/425 1095/1167/235 1094/1166/234 
f 1092/1164/238 1091/1163/238 1095/1167/235 1097/1169/425 
f 814/882/238 811/879/235 1095/1167/235 1091/1163/238 
f 1098/1170/234 1099/1171/235 1100/1172/235 1101/1173/234 
f 1102/1174/427 1103/1175/427 1100/1172/235 1099/1171/235 
f 1092/1164/238 1097/1169/425 1100/1172/235 1103/1175/427 
f 1096/1168/426 1101/1173/234 1100/1172/235 1097/1169/425 
f 1082/1154/218 1085/1157/218 1104/1176/241 1105/1177/241 
f 1080/1152/424 1093/1165/241 1104/1176/241 1085/1157/218 
f 1092/1164/238 1103/1175/427 1104/1176/241 1093/1165/241 
f 1102/1174/427 1105/1177/241 1104/1176/241 1103/1175/427 
f 810/878/234 833/901/428 1106/1178/428 1094/1166/234 
f 830/898/433 1107/1179/434 1106/1178/428 833/901/428 
f 1108/1180/254 1109/1181/257 1106/1178/428 1107/1179/434 
f 1096/1168/426 1094/1166/234 1106/1178/428 1109/1181/257 
f 826/894/250 1110/1182/430 1111/1183/251 827/895/251 
f 1112/1184/250 1113/1185/251 1111/1183/251 1110/1182/430 
f 1108/1180/254 1107/1179/434 1111/1183/251 1113/1185/251 
f 830/898/433 827/895/251 1111/1183/251 1107/1179/434 
f 1114/1186/250 1115/1187/251 1116/1188/251 1117/1189/250 
f 1118/1190/433 1119/1191/434 1116/1188/251 1115/1187/251 
f 1108/1180/254 1113/1185/251 1116/1188/251 1119/1191/434 
f 1112/1184/250 1117/1189/250 1116/1188/251 1113/1185/251 
f 1098/1170/234 1101/1173/234 1120/1192/257 1121/1193/428 
f 1096/1168/426 1109/1181/257 1120/1192/257 1101/1173/234 
f 1108/1180/254 1119/1191/434 1120/1192/257 1109/1181/257 
f 1118/1190/433 1121/1193/428 1120/1192/257 1119/1191/434 
f 826/894/250 849/917/273 1122/1194/436 1110/1182/430 
f 846/914/270 1123/1195/270 1122/1194/436 849/917/273 
f 1124/1196/270 1125/1197/436 1122/1194/436 1123/1195/270 
f 1112/1184/250 1110/1182/430 1122/1194/436 1125/1197/436 
f 842/910/466 1126/1198/266 1127/1199/267 843/911/267 
f 1128/1200/266 1129/1201/437 1127/1199/267 1126/1198/266 
f 1124/1196/270 1123/1195/270 1127/1199/267 1129/1201/437 
f 846/914/270 843/911/267 1127/1199/267 1123/1195/270 
f 1130/1202/466 1131/1203/267 1132/1204/267 1133/1205/266 
f 1134/1206/465 1135/1207/465 1132/1204/267 1131/1203/267 
f 1124/1196/270 1129/1201/437 1132/1204/267 1135/1207/465 
f 1128/1200/266 1133/1205/266 1132/1204/267 1129/1201/437 
f 1114/1186/250 1117/1189/250 1136/1208/436 1137/1209/273 
f 1112/1184/250 1125/1197/436 1136/1208/436 1117/1189/250 
f 1124/1196/270 1135/1207/465 1136/1208/436 1125/1197/436 
f 1134/1206/465 1137/1209/273 1136/1208/436 1135/1207/465 
f 842/910/466 865/933/440 1138/1210/289 1126/1198/266 
f 862/930/286 1139/1211/286 1138/1210/289 865/933/440 
f 1140/1212/286 1141/1213/289 1138/1210/289 1139/1211/286 
f 1128/1200/266 1126/1198/266 1138/1210/289 1141/1213/289 
f 858/926/282 1142/1214/439 1143/1215/283 859/927/283 
f 1144/1216/439 1145/1217/283 1143/1215/283 1142/1214/439 
f 1140/1212/286 1139/1211/286 1143/1215/283 1145/1217/283 
f 862/930/286 859/927/283 1143/1215/283 1139/1211/286 
f 1146/1218/282 1147/1219/283 1148/1220/283 1149/1221/282 
f 1150/1222/477 1151/1223/286 1148/1220/283 1147/1219/283 
f 1140/1212/286 1145/1217/283 1148/1220/283 1151/1223/286 
f 1144/1216/439 1149/1221/282 1148/1220/283 1145/1217/283 
f 1130/1202/466 1133/1205/266 1152/1224/289 1153/1225/440 
f 1128/1200/266 1141/1213/289 1152/1224/289 1133/1205/266 
f 1140/1212/286 1151/1223/286 1152/1224/289 1141/1213/289 
f 1150/1222/477 1153/1225/440 1152/1224/289 1151/1223/286 
f 858/926/282 881/949/305 1154/1226/441 1142/1214/439 
f 878/946/302 1155/1227/442 1154/1226/441 881/949/305 
f 1156/1228/442 1157/1229/441 1154/1226/441 1155/1227/442 
f 1144/1216/439 1142/1214/439 1154/1226/441 1157/1229/441 
f 874/942/443 1158/1230/298 1159/1231/299 875/943/299 
f 1160/1232/298 1161/1233/299 1159/1231/299 1158/1230/298 
f 1156/1228/442 1155/1227/442 1159/1231/299 1161/1233/299 
f 878/946/302 875/943/299 1159/1231/299 1155/1227/442 
f 1162/1234/443 1163/1235/299 1164/1236/299 1165/1237/298 
f 1166/1238/442 1167/1239/302 1164/1236/299 1163/1235/299 
f 1156/1228/442 1161/1233/299 1164/1236/299 1167/1239/302 
f 1160/1232/298 1165/1237/298 1164/1236/299 1161/1233/299 
f 1146/1218/282 1149/1221/282 1168/1240/441 1169/1241/305 
f 1144/1216/439 1157/1229/441 1168/1240/441 1149/1221/282 
f 1156/1228/442 1167/1239/302 1168/1240/441 1157/1229/441 
f 1166/1238/442 1169/1241/305 1168/1240/441 1167/1239/302 
f 874/942/443 897/965/321 1170/1242/467 1158/1230/298 
f 894/962/318 1171/1243/444 1170/1242/467 897/965/321 
f 1172/1244/444 1173/1245/467 1170/1242/467 1171/1243/444 
f 1160/1232/298 1158/1230/298 1170/1242/467 1173/1245/467 
f 890/958/314 1174/1246/314 1175/1247/315 891/959/315 
f 1176/1248/314 1177/1249/315 1175/1247/315 1174/1246/314 
f 1172/1244/444 1171/1243/444 1175/1247/315 1177/1249/315 
f 894/962/318 891/959/315 1175/1247/315 1171/1243/444 
f 1178/1250/314 1179/1251/315 1180/1252/315 1181/1253/445 
f 1182/1254/318 1183/1255/318 1180/1252/315 1179/1251/315 
f 1172/1244/444 1177/1249/315 1180/1252/315 1183/1255/318 
f 1176/1248/314 1181/1253/445 1180/1252/315 1177/1249/315 
f 1162/1234/443 1165/1237/298 1184/1256/321 1185/1257/321 
f 1160/1232/298 1173/1245/467 1184/1256/321 1165/1237/298 
f 1172/1244/444 1183/1255/318 1184/1256/321 1173/1245/467 
f 1182/1254/318 1185/1257/321 1184/1256/321 1183/1255/318 
f 890/958/314 913/981/337 1186/1258/337 1174/1246/314 
f 910/978/447 1187/1259/334 1186/1258/337 913/981/337 
f 1188/1260/447 1189/1261/446 1186/1258/337 1187/1259/334 
f 1176/1248/314 1174/1246/314 1186/1258/337 1189/1261/446 
f 906/974/330 1190/1262/468 1191/1263/331 907/975/331 
f 1192/1264/330 1193/1265/331 1191/1263/331 1190/1262/468 
f 1188/1260/447 1187/1259/334 1191/1263/331 1193/1265/331 
f 910/978/447 907/975/331 1191/1263/331 1187/1259/334 
f 1194/1266/330 1195/1267/331 1196/1268/331 1197/1269/330 
f 1198/1270/478 1199/1271/479 1196/1268/331 1195/1267/331 
f 1188/1260/447 1193/1265/331 1196/1268/331 1199/1271/479 
f 1192/1264/330 1197/1269/330 1196/1268/331 1193/1265/331 
f 1178/1250/314 1181/1253/445 1200/1272/446 1201/1273/337 
f 1176/1248/314 1189/1261/446 1200/1272/446 1181/1253/445 
f 1188/1260/447 1199/1271/479 1200/1272/446 1189/1261/446 
f 1198/1270/478 1201/1273/337 1200/1272/446 1199/1271/479 
f 906/974/330 929/997/353 1202/1274/448 1190/1262/468 
f 926/994/350 1203/1275/350 1202/1274/448 929/997/353 
f 1204/1276/350 1205/1277/448 1202/1274/448 1203/1275/350 
f 1192/1264/330 1190/1262/468 1202/1274/448 1205/1277/448 
f 922/990/346 1206/1278/449 1207/1279/347 923/991/347 
f 1208/1280/449 1209/1281/450 1207/1279/347 1206/1278/449 
f 1204/1276/350 1203/1275/350 1207/1279/347 1209/1281/450 
f 926/994/350 923/991/347 1207/1279/347 1203/1275/350 
f 1210/1282/346 1211/1283/347 1212/1284/347 1213/1285/346 
f 1214/1286/350 1215/1287/470 1212/1284/347 1211/1283/347 
f 1204/1276/350 1209/1281/450 1212/1284/347 1215/1287/470 
f 1208/1280/449 1213/1285/346 1212/1284/347 1209/1281/450 
f 1194/1266/330 1197/1269/330 1216/1288/448 1217/1289/353 
f 1192/1264/330 1205/1277/448 1216/1288/448 1197/1269/330 
f 1204/1276/350 1215/1287/470 1216/1288/448 1205/1277/448 
f 1214/1286/350 1217/1289/353 1216/1288/448 1215/1287/470 
f 922/990/346 945/1013/453 1218/1290/369 1206/1278/449 
f 942/1010/451 1219/1291/451 1218/1290/369 945/1013/453 
f 1220/1292/451 1221/1293/369 1218/1290/369 1219/1291/451 
f 1208/1280/449 1206/1278/449 1218/1290/369 1221/1293/369 
f 938/1006/362 1222/1294/452 1223/1295/363 939/1007/363 
f 1224/1296/452 1225/1297/363 1223/1295/363 1222/1294/452 
f 1220/1292/451 1219/1291/451 1223/1295/363 1225/1297/363 
f 942/1010/451 939/1007/363 1223/1295/363 1219/1291/451 
f 1226/1298/362 1227/1299/363 1228/1300/471 1229/1301/362 
f 1230/1302/366 1231/1303/451 1228/1300/471 1227/1299/363 
f 1220/1292/451 1225/1297/363 1228/1300/471 1231/1303/451 
f 1224/1296/452 1229/1301/362 1228/1300/471 1225/1297/363 
f 1210/1282/346 1213/1285/346 1232/1304/369 1233/1305/453 
f 1208/1280/449 1221/1293/369 1232/1304/369 1213/1285/346 
f 1220/1292/451 1231/1303/451 1232/1304/369 1221/1293/369 
f 1230/1302/366 1233/1305/453 1232/1304/369 1231/1303/451 
f 938/1006/362 961/1029/385 1234/1306/385 1222/1294/452 
f 958/1026/382 1235/1307/382 1234/1306/385 961/1029/385 
f 1236/1308/454 1237/1309/455 1234/1306/385 1235/1307/382 
f 1224/1296/452 1222/1294/452 1234/1306/385 1237/1309/455 
f 954/1022/378 1238/1310/456 1239/1311/379 955/1023/379 
f 1240/1312/456 1241/1313/457 1239/1311/379 1238/1310/456 
f 1236/1308/454 1235/1307/382 1239/1311/379 1241/1313/457 
f 958/1026/382 955/1023/379 1239/1311/379 1235/1307/382 
f 1242/1314/378 1243/1315/379 1244/1316/379 1245/1317/378 
f 1246/1318/382 1247/1319/454 1244/1316/379 1243/1315/379 
f 1236/1308/454 1241/1313/457 1244/1316/379 1247/1319/454 
f 1240/1312/456 1245/1317/378 1244/1316/379 1241/1313/457 
f 1226/1298/362 1229/1301/362 1248/1320/455 1249/1321/385 
f 1224/1296/452 1237/1309/455 1248/1320/455 1229/1301/362 
f 1236/1308/454 1247/1319/454 1248/1320/455 1237/1309/455 
f 1246/1318/382 1249/1321/385 1248/1320/455 1247/1319/454 
f 954/1022/378 973/1041/461 1250/1322/397 1238/1310/456 
f 970/1038/460 1251/1323/458 1250/1322/397 973/1041/461 
f 1252/1324/459 1253/1325/397 1250/1322/397 1251/1323/458 
f 1240/1312/456 1238/1310/456 1250/1322/397 1253/1325/397 
f 702/766/126 975/1043/472 1254/1326/392 968/1036/392 
f 979/1047/126 1255/1327/392 1254/1326/392 975/1043/472 
f 1252/1324/459 1251/1323/458 1254/1326/392 1255/1327/392 
f 970/1038/460 968/1036/392 1254/1326/392 1251/1323/458 
f 990/1058/472 1256/1328/392 1257/1329/392 991/1059/126 
f 1258/1330/459 1259/1331/394 1257/1329/392 1256/1328/392 
f 1252/1324/459 1255/1327/392 1257/1329/392 1259/1331/394 
f 979/1047/126 991/1059/126 1257/1329/392 1255/1327/392 
f 1242/1314/378 1245/1317/378 1260/1332/397 1261/1333/461 
f 1240/1312/456 1253/1325/397 1260/1332/397 1245/1317/378 
f 1252/1324/459 1259/1331/394 1260/1332/397 1253/1325/397 
f 1258/1330/459 1261/1333/461 1260/1332/397 1259/1331/394 
f 990/1058/472 993/1061/129 1262/1334/480 1263/1335/481 
f 988/1056/124 1264/1336/482 1262/1334/480 993/1061/129 
f 1265/1337/483 1266/1338/484 1262/1334/480 1264/1336/482 
f 1267/1339/485 1263/1335/481 1262/1334/480 1266/1338/484 
f 984/1052/120 1268/1340/486 1269/1341/487 985/1053/402 
f 1270/1342/488 1271/1343/489 1269/1341/487 1268/1340/486 
f 1265/1337/483 1264/1336/482 1269/1341/487 1271/1343/489 
f 988/1056/124 985/1053/402 1269/1341/487 1264/1336/482 
f 1272/1344/490 1273/1345/491 1274/1346/492 1275/1347/493 
f 1276/1348/494 1277/1349/495 1274/1346/492 1273/1345/491 
f 1265/1337/483 1271/1343/489 1274/1346/492 1277/1349/495 
f 1270/1342/488 1275/1347/493 1274/1346/492 1271/1343/489 
f 1278/1350/496 1279/1351/497 1280/1352/498 1281/1353/499 
f 1267/1339/485 1266/1338/484 1280/1352/498 1279/1351/497 
f 1265/1337/483 1277/1349/495 1280/1352/498 1266/1338/484 
f 1276/1348/494 1281/1353/499 1280/1352/498 1277/1349/495 
f 984/1052/120 1009/1077/145 1282/1354/500 1268/1340/486 
f 1006/1074/462 1283/1355/501 1282/1354/500 1009/1077/145 
f 1284/1356/502 1285/1357/503 1282/1354/500 1283/1355/501 
f 1270/1342/488 1268/1340/486 1282/1354/500 1285/1357/503 
f 1002/1070/405 1286/1358/504 1287/1359/505 1003/1071/139 
f 1288/1360/506 1289/1361/507 1287/1359/505 1286/1358/504 
f 1284/1356/502 1283/1355/501 1287/1359/505 1289/1361/507 
f 1006/1074/462 1003/1071/139 1287/1359/505 1283/1355/501 
f 1290/1362/508 1291/1363/509 1292/1364/510 1293/1365/511 
f 1294/1366/512 1295/1367/513 1292/1364/510 1291/1363/509 
f 1284/1356/502 1289/1361/507 1292/1364/510 1295/1367/513 
f 1288/1360/506 1293/1365/511 1292/1364/510 1289/1361/507 
f 1272/1344/490 1275/1347/493 1296/1368/514 1297/1369/515 
f 1270/1342/488 1285/1357/503 1296/1368/514 1275/1347/493 
f 1284/1356/502 1295/1367/513 1296/1368/514 1285/1357/503 
f 1294/1366/512 1297/1369/515 1296/1368/514 1295/1367/513 
f 1002/1070/405 1025/1093/161 1298/1370/516 1286/1358/504 
f 1022/1090/406 1299/1371/517 1298/1370/516 1025/1093/161 
f 1300/1372/518 1301/1373/519 1298/1370/516 1299/1371/517 
f 1288/1360/506 1286/1358/504 1298/1370/516 1301/1373/519 
f 1018/1086/154 1302/1374/520 1303/1375/521 1019/1087/155 
f 1304/1376/522 1305/1377/523 1303/1375/521 1302/1374/520 
f 1300/1372/518 1299/1371/517 1303/1375/521 1305/1377/523 
f 1022/1090/406 1019/1087/155 1303/1375/521 1299/1371/517 
f 1306/1378/524 1307/1379/525 1308/1380/526 1309/1381/527 
f 1310/1382/528 1311/1383/529 1308/1380/526 1307/1379/525 
f 1300/1372/518 1305/1377/523 1308/1380/526 1311/1383/529 
f 1304/1376/522 1309/1381/527 1308/1380/526 1305/1377/523 
f 1290/1362/508 1293/1365/511 1312/1384/530 1313/1385/531 
f 1288/1360/506 1301/1373/519 1312/1384/530 1293/1365/511 
f 1300/1372/518 1311/1383/529 1312/1384/530 1301/1373/519 
f 1310/1382/528 1313/1385/531 1312/1384/530 1311/1383/529 
f 1018/1086/154 1041/1109/177 1314/1386/532 1302/1374/520 
f 1038/1106/174 1315/1387/533 1314/1386/532 1041/1109/177 
f 1316/1388/534 1317/1389/535 1314/1386/532 1315/1387/533 
f 1304/1376/522 1302/1374/520 1314/1386/532 1317/1389/535 
f 1034/1102/413 1318/1390/536 1319/1391/537 1035/1103/171 
f 1320/1392/538 1321/1393/539 1319/1391/537 1318/1390/536 
f 1316/1388/534 1315/1387/533 1319/1391/537 1321/1393/539 
f 1038/1106/174 1035/1103/171 1319/1391/537 1315/1387/533 
f 1322/1394/540 1323/1395/541 1324/1396/542 1325/1397/543 
f 1326/1398/544 1327/1399/545 1324/1396/542 1323/1395/541 
f 1316/1388/534 1321/1393/539 1324/1396/542 1327/1399/545 
f 1320/1392/538 1325/1397/543 1324/1396/542 1321/1393/539 
f 1306/1378/524 1309/1381/527 1328/1400/546 1329/1401/547 
f 1304/1376/522 1317/1389/535 1328/1400/546 1309/1381/527 
f 1316/1388/534 1327/1399/545 1328/1400/546 1317/1389/535 
f 1326/1398/544 1329/1401/547 1328/1400/546 1327/1399/545 
f 1034/1126/413 1057/1129/415 1330/1402/548 1318/1403/536 
f 1054/1124/475 1331/1404/549 1330/1402/548 1057/1129/415 
f 1332/1405/550 1333/1406/551 1330/1402/548 1331/1404/549 
f 1320/1407/538 1318/1403/536 1330/1402/548 1333/1406/551 
f 1050/1120/416 1334/1408/552 1335/1409/553 1051/1121/187 
f 1336/1410/554 1337/1411/555 1335/1409/553 1334/1408/552 
f 1332/1405/550 1331/1404/549 1335/1409/553 1337/1411/555 
f 1054/1124/475 1051/1121/187 1335/1409/553 1331/1404/549 
f 1338/1412/556 1339/1413/557 1340/1414/558 1341/1415/559 
f 1342/1416/560 1343/1417/561 1340/1414/558 1339/1413/557 
f 1332/1405/550 1337/1411/555 1340/1414/558 1343/1417/561 
f 1336/1410/554 1341/1415/559 1340/1414/558 1337/1411/555 
f 1322/1418/540 1325/1419/543 1344/1420/562 1345/1421/563 
f 1320/1407/538 1333/1406/551 1344/1420/562 1325/1419/543 
f 1332/1405/550 1343/1417/561 1344/1420/562 1333/1406/551 
f 1342/1416/560 1345/1421/563 1344/1420/562 1343/1417/561 
f 1050/1120/416 1073/1145/419 1346/1422/564 1334/1408/552 
f 1070/1142/423 1347/1423/565 1346/1422/564 1073/1145/419 
f 1348/1424/566 1349/1425/567 1346/1422/564 1347/1423/565 
f 1336/1410/554 1334/1408/552 1346/1422/564 1349/1425/567 
f 1066/1138/202 1350/1426/568 1351/1427/569 1067/1139/203 
f 1352/1428/570 1353/1429/571 1351/1427/569 1350/1426/568 
f 1348/1424/566 1347/1423/565 1351/1427/569 1353/1429/571 
f 1070/1142/423 1067/1139/203 1351/1427/569 1347/1423/565 
f 1354/1430/572 1355/1431/573 1356/1432/574 1357/1433/575 
f 1358/1434/576 1359/1435/577 1356/1432/574 1355/1431/573 
f 1348/1424/566 1353/1429/571 1356/1432/574 1359/1435/577 
f 1352/1428/570 1357/1433/575 1356/1432/574 1353/1429/571 
f 1338/1412/556 1341/1415/559 1360/1436/578 1361/1437/579 
f 1336/1410/554 1349/1425/567 1360/1436/578 1341/1415/559 
f 1348/1424/566 1359/1435/577 1360/1436/578 1349/1425/567 
f 1358/1434/576 1361/1437/579 1360/1436/578 1359/1435/577 
f 1066/1138/202 1089/1161/225 1362/1438/580 1350/1426/568 
f 1086/1158/222 1363/1439/581 1362/1438/580 1089/1161/225 
f 1364/1440/582 1365/1441/583 1362/1438/580 1363/1439/581 
f 1352/1428/570 1350/1426/568 1362/1438/580 1365/1441/583 
f 1082/1154/218 1366/1442/584 1367/1443/585 1083/1155/219 
f 1368/1444/586 1369/1445/587 1367/1443/585 1366/1442/584 
f 1364/1440/582 1363/1439/581 1367/1443/585 1369/1445/587 
f 1086/1158/222 1083/1155/219 1367/1443/585 1363/1439/581 
f 1370/1446/588 1371/1447/589 1372/1448/590 1373/1449/591 
f 1374/1450/592 1375/1451/593 1372/1448/590 1371/1447/589 
f 1364/1440/582 1369/1445/587 1372/1448/590 1375/1451/593 
f 1368/1444/586 1373/1449/591 1372/1448/590 1369/1445/587 
f 1354/1430/572 1357/1433/575 1376/1452/594 1377/1453/595 
f 1352/1428/570 1365/1441/583 1376/1452/594 1357/1433/575 
f 1364/1440/582 1375/1451/593 1376/1452/594 1365/1441/583 
f 1374/1450/592 1377/1453/595 1376/1452/594 1375/1451/593 
f 1082/1154/218 1105/1177/241 1378/1454/596 1366/1442/584 
f 1102/1174/427 1379/1455/597 1378/1454/596 1105/1177/241 
f 1380/1456/598 1381/1457/599 1378/1454/596 1379/1455/597 
f 1368/1444/586 1366/1442/584 1378/1454/596 1381/1457/599 
f 1098/1170/234 1382/1458/600 1383/1459/601 1099/1171/235 
f 1384/1460/602 1385/1461/603 1383/1459/601 1382/1458/600 
f 1380/1456/598 1379/1455/597 1383/1459/601 1385/1461/603 
f 1102/1174/427 1099/1171/235 1383/1459/601 1379/1455/597 
f 1386/1462/604 1387/1463/605 1388/1464/606 1389/1465/607 
f 1390/1466/608 1391/1467/609 1388/1464/606 1387/1463/605 
f 1380/1456/598 1385/1461/603 1388/1464/606 1391/1467/609 
f 1384/1460/602 1389/1465/607 1388/1464/606 1385/1461/603 
f 1370/1446/588 1373/1449/591 1392/1468/610 1393/1469/611 
f 1368/1444/586 1381/1457/599 1392/1468/610 1373/1449/591 
f 1380/1456/598 1391/1467/609 1392/1468/610 1381/1457/599 
f 1390/1466/608 1393/1469/611 1392/1468/610 1391/1467/609 
f 1098/1170/234 1121/1193/428 1394/1470/612 1382/1458/600 
f 1118/1190/433 1395/1471/613 1394/1470/612 1121/1193/428 
f 1396/1472/614 1397/1473/615 1394/1470/612 1395/1471/613 
f 1384/1460/602 1382/1458/600 1394/1470/612 1397/1473/615 
f 1114/1186/250 1398/1474/616 1399/1475/617 1115/1187/251 
f 1400/1476/618 1401/1477/619 1399/1475/617 1398/1474/616 
f 1396/1472/614 1395/1471/613 1399/1475/617 1401/1477/619 
f 1118/1190/433 1115/1187/251 1399/1475/617 1395/1471/613 
f 1402/1478/620 1403/1479/621 1404/1480/622 1405/1481/623 
f 1406/1482/624 1407/1483/625 1404/1480/622 1403/1479/621 
f 1396/1472/614 1401/1477/619 1404/1480/622 1407/1483/625 
f 1400/1476/618 1405/1481/623 1404/1480/622 1401/1477/619 
f 1386/1462/604 1389/1465/607 1408/1484/626 1409/1485/627 
f 1384/1460/602 1397/1473/615 1408/1484/626 1389/1465/607 
f 1396/1472/614 1407/1483/625 1408/1484/626 1397/1473/615 
f 1406/1482/624 1409/1485/627 1408/1484/626 1407/1483/625 
f 1114/1186/250 1137/1209/273 1410/1486/628 1398/1474/616 
f 1134/1206/465 1411/1487/629 1410/1486/628 1137/1209/273 
f 1412/1488/630 1413/1489/631 1410/1486/628 1411/1487/629 
f 1400/1476/618 1398/1474/616 1410/1486/628 1413/1489/631 
f 1130/1202/466 1414/1490/632 1415/1491/633 1131/1203/267 
f 1416/1492/634 1417/1493/635 1415/1491/633 1414/1490/632 
f 1412/1488/630 1411/1487/629 1415/1491/633 1417/1493/635 
f 1134/1206/465 1131/1203/267 1415/1491/633 1411/1487/629 
f 1418/1494/636 1419/1495/637 1420/1496/638 1421/1497/639 
f 1422/1498/640 1423/1499/641 1420/1496/638 1419/1495/637 
f 1412/1488/630 1417/1493/635 1420/1496/638 1423/1499/641 
f 1416/1492/634 1421/1497/639 1420/1496/638 1417/1493/635 
f 1402/1478/620 1405/1481/623 1424/1500/642 1425/1501/643 
f 1400/1476/618 1413/1489/631 1424/1500/642 1405/1481/623 
f 1412/1488/630 1423/1499/641 1424/1500/642 1413/1489/631 
f 1422/1498/640 1425/1501/643 1424/1500/642 1423/1499/641 
f 1130/1202/466 1153/1225/440 1426/1502/644 1414/1490/632 
f 1150/1222/477 1427/1503/645 1426/1502/644 1153/1225/440 
f 1428/1504/646 1429/1505/647 1426/1502/644 1427/1503/645 
f 1416/1492/634 1414/1490/632 1426/1502/644 1429/1505/647 
f 1146/1218/282 1430/1506/648 1431/1507/649 1147/1219/283 
f 1432/1508/650 1433/1509/651 1431/1507/649 1430/1506/648 
f 1428/1504/646 1427/1503/645 1431/1507/649 1433/1509/651 
f 1150/1222/477 1147/1219/283 1431/1507/649 1427/1503/645 
f 1434/1510/652 1435/1511/653 1436/1512/654 1437/1513/655 
f 1438/1514/656 1439/1515/657 1436/1512/654 1435/1511/653 
f 1428/1504/646 1433/1509/651 1436/1512/654 1439/1515/657 
f 1432/1508/650 1437/1513/655 1436/1512/654 1433/1509/651 
f 1418/1494/636 1421/1497/639 1440/1516/658 1441/1517/659 
f 1416/1492/634 1429/1505/647 1440/1516/658 1421/1497/639 
f 1428/1504/646 1439/1515/657 1440/1516/658 1429/1505/647 
f 1438/1514/656 1441/1517/659 1440/1516/658 1439/1515/657 
f 1146/1218/282 1169/1241/305 1442/1518/660 1430/1506/648 
f 1166/1238/442 1443/1519/661 1442/1518/660 1169/1241/305 
f 1444/1520/662 1445/1521/663 1442/1518/660 1443/1519/661 
f 1432/1508/650 1430/1506/648 1442/1518/660 1445/1521/663 
f 1162/1234/443 1446/1522/664 1447/1523/665 1163/1235/299 
f 1448/1524/666 1449/1525/667 1447/1523/665 1446/1522/664 
f 1444/1520/662 1443/1519/661 1447/1523/665 1449/1525/667 
f 1166/1238/442 1163/1235/299 1447/1523/665 1443/1519/661 
f 1450/1526/668 1451/1527/669 1452/1528/670 1453/1529/671 
f 1454/1530/672 1455/1531/673 1452/1528/670 1451/1527/669 
f 1444/1520/662 1449/1525/667 1452/1528/670 1455/1531/673 
f 1448/1524/666 1453/1529/671 1452/1528/670 1449/1525/667 
f 1434/1510/652 1437/1513/655 1456/1532/674 1457/1533/675 
f 1432/1508/650 1445/1521/663 1456/1532/674 1437/1513/655 
f 1444/1520/662 1455/1531/673 1456/1532/674 1445/1521/663 
f 1454/1530/672 1457/1533/675 1456/1532/674 1455/1531/673 
f 1162/1234/443 1185/1257/321 1458/1534/676 1446/1522/664 
f 1182/1254/318 1459/1535/677 1458/1534/676 1185/1257/321 
f 1460/1536/678 1461/1537/679 1458/1534/676 1459/1535/677 
f 1448/1524/666 1446/1522/664 1458/1534/676 1461/1537/679 
f 1178/1250/314 1462/1538/680 1463/1539/681 1179/1251/315 
f 1464/1540/682 1465/1541/683 1463/1539/681 1462/1538/680 
f 1460/1536/678 1459/1535/677 1463/1539/681 1465/1541/683 
f 1182/1254/318 1179/1251/315 1463/1539/681 1459/1535/677 
f 1466/1542/684 1467/1543/685 1468/1544/686 1469/1545/687 
f 1470/1546/688 1471/1547/689 1468/1544/686 1467/1543/685 
f 1460/1536/678 1465/1541/683 1468/1544/686 1471/1547/689 
f 1464/1540/682 1469/1545/687 1468/1544/686 1465/1541/683 
f 1450/1526/668 1453/1529/671 1472/1548/690 1473/1549/691 
f 1448/1524/666 1461/1537/679 1472/1548/690 1453/1529/671 
f 1460/1536/678 1471/1547/689 1472/1548/690 1461/1537/679 
f 1470/1546/688 1473/1549/691 1472/1548/690 1471/1547/689 
f 1178/1250/314 1201/1273/337 1474/1550/692 1462/1538/680 
f 1198/1270/478 1475/1551/693 1474/1550/692 1201/1273/337 
f 1476/1552/694 1477/1553/695 1474/1550/692 1475/1551/693 
f 1464/1540/682 1462/1538/680 1474/1550/692 1477/1553/695 
f 1194/1266/330 1478/1554/696 1479/1555/697 1195/1267/331 
f 1480/1556/698 1481/1557/699 1479/1555/697 1478/1554/696 
f 1476/1552/694 1475/1551/693 1479/1555/697 1481/1557/699 
f 1198/1270/478 1195/1267/331 1479/1555/697 1475/1551/693 
f 1482/1558/700 1483/1559/701 1484/1560/702 1485/1561/703 
f 1486/1562/704 1487/1563/705 1484/1560/702 1483/1559/701 
f 1476/1552/694 1481/1557/699 1484/1560/702 1487/1563/705 
f 1480/1556/698 1485/1561/703 1484/1560/702 1481/1557/699 
f 1466/1542/684 1469/1545/687 1488/1564/706 1489/1565/707 
f 1464/1540/682 1477/1553/695 1488/1564/706 1469/1545/687 
f 1476/1552/694 1487/1563/705 1488/1564/706 1477/1553/695 
f 1486/1562/704 1489/1565/707 1488/1564/706 1487/1563/705 
f 1194/1266/330 1217/1289/353 1490/1566/708 1478/1554/696 
f 1214/1286/350 1491/1567/709 1490/1566/708 1217/1289/353 
f 1492/1568/710 1493/1569/711 1490/1566/708 1491/1567/709 
f 1480/1556/698 1478/1554/696 1490/1566/708 1493/1569/711 
f 1210/1282/346 1494/1570/712 1495/1571/713 1211/1283/347 
f 1496/1572/714 1497/1573/715 1495/1571/713 1494/1570/712 
f 1492/1568/710 1491/1567/709 1495/1571/713 1497/1573/715 
f 1214/1286/350 1211/1283/347 1495/1571/713 1491/1567/709 
f 1498/1574/716 1499/1575/717 1500/1576/718 1501/1577/719 
f 1502/1578/720 1503/1579/721 1500/1576/718 1499/1575/717 
f 1492/1568/710 1497/1573/715 1500/1576/718 1503/1579/721 
f 1496/1572/714 1501/1577/719 1500/1576/718 1497/1573/715 
f 1482/1558/700 1485/1561/703 1504/1580/722 1505/1581/723 
f 1480/1556/698 1493/1569/711 1504/1580/722 1485/1561/703 
f 1492/1568/710 1503/1579/721 1504/1580/722 1493/1569/711 
f 1502/1578/720 1505/1581/723 1504/1580/722 1503/1579/721 
f 1210/1282/346 1233/1305/453 1506/1582/724 1494/1570/712 
f 1230/1302/366 1507/1583/725 1506/1582/724 1233/1305/453 
f 1508/1584/726 1509/1585/727 1506/1582/724 1507/1583/725 
f 1496/1572/714 1494/1570/712 1506/1582/724 1509/1585/727 
f 1226/1298/362 1510/1586/728 1511/1587/729 1227/1299/363 
f 1512/1588/730 1513/1589/731 1511/1587/729 1510/1586/728 
f 1508/1584/726 1507/1583/725 1511/1587/729 1513/1589/731 
f 1230/1302/366 1227/1299/363 1511/1587/729 1507/1583/725 
f 1514/1590/732 1515/1591/733 1516/1592/734 1517/1593/735 
f 1518/1594/736 1519/1595/737 1516/1592/734 1515/1591/733 
f 1508/1584/726 1513/1589/731 1516/1592/734 1519/1595/737 
f 1512/1588/730 1517/1593/735 1516/1592/734 1513/1589/731 
f 1498/1574/716 1501/1577/719 1520/1596/738 1521/1597/739 
f 1496/1572/714 1509/1585/727 1520/1596/738 1501/1577/719 
f 1508/1584/726 1519/1595/737 1520/1596/738 1509/1585/727 
f 1518/1594/736 1521/1597/739 1520/1596/738 1519/1595/737 
f 1226/1298/362 1249/1321/385 1522/1598/740 1510/1586/728 
f 1246/1318/382 1523/1599/741 1522/1598/740 1249/1321/385 
f 1524/1600/742 1525/1601/743 1522/1598/740 1523/1599/741 
f 1512/1588/730 1510/1586/728 1522/1598/740 1525/1601/743 
f 1242/1314/378 1526/1602/744 1527/1603/745 1243/1315/379 
f 1528/1604/746 1529/1605/747 1527/1603/745 1526/1602/744 
f 1524/1600/742 1523/1599/741 1527/1603/745 1529/1605/747 
f 1246/1318/382 1243/1315/379 1527/1603/745 1523/1599/741 
f 1530/1606/748 1531/1607/749 1532/1608/750 1533/1609/751 
f 1534/1610/752 1535/1611/753 1532/1608/750 1531/1607/749 
f 1524/1600/742 1529/1605/747 1532/1608/750 1535/1611/753 
f 1528/1604/746 1533/1609/751 1532/1608/750 1529/1605/747 
f 1514/1590/732 1517/1593/735 1536/1612/754 1537/1613/755 
f 1512/1588/730 1525/1601/743 1536/1612/754 1517/1593/735 
f 1524/1600/742 1535/1611/753 1536/1612/754 1525/1601/743 
f 1534/1610/752 1537/1613/755 1536/1612/754 1535/1611/753 
f 1242/1314/378 1261/1333/461 1538/1614/756 1526/1602/744 
f 1258/1330/459 1539/1615/757 1538/1614/756 1261/1333/461 
f 1540/1616/758 1541/1617/759 1538/1614/756 1539/1615/757 
f 1528/1604/746 1526/1602/744 1538/1614/756 1541/1617/759 
f 990/1058/472 1263/1335/481 1542/1618/760 1256/1328/392 
f 1267/1339/485 1543/1619/761 1542/1618/760 1263/1335/481 
f 1540/1616/758 1539/1615/757 1542/1618/760 1543/1619/761 
f 1258/1330/459 1256/1328/392 1542/1618/760 1539/1615/757 
f 1278/1350/496 1544/1620/762 1545/1621/763 1279/1351/497 
f 1546/1622/764 1547/1623/765 1545/1621/763 1544/1620/762 
f 1540/1616/758 1543/1619/761 1545/1621/763 1547/1623/765 
f 1267/1339/485 1279/1351/497 1545/1621/763 1543/1619/761 
f 1530/1606/748 1533/1609/751 1548/1624/766 1549/1625/767 
f 1528/1604/746 1541/1617/759 1548/1624/766 1533/1609/751 
f 1540/1616/758 1547/1623/765 1548/1624/766 1541/1617/759 
f 1546/1622/764 1549/1625/767 1548/1624/766 1547/1623/765 
f 1530/1606/748 1549/1625/767 1550/1626/768 1531/1627/749 
f 1546/1622/764 1551/1628/769 1550/1626/768 1549/1625/767 
f 1552/1629/770 1553/1630/771 1550/1626/768 1551/1628/769 
f 1534/1631/752 1531/1627/749 1550/1626/768 1553/1630/771 
f 1278/1350/496 1281/1353/499 1554/1632/772 1544/1620/762 
f 1276/1348/494 1555/1633/773 1554/1632/772 1281/1353/499 
f 1552/1629/770 1551/1628/769 1554/1632/772 1555/1633/773 
f 1546/1622/764 1544/1620/762 1554/1632/772 1551/1628/769 
f 1272/1344/490 1297/1369/515 1556/1634/774 1273/1345/491 
f 1294/1366/512 1557/1635/775 1556/1634/774 1297/1369/515 
f 1552/1629/770 1555/1633/773 1556/1634/774 1557/1635/775 
f 1276/1348/494 1273/1345/491 1556/1634/774 1555/1633/773 
f 1290/1362/508 1313/1385/531 1558/1636/776 1291/1363/509 
f 1310/1382/528 1559/1637/777 1558/1636/776 1313/1385/531 
f 1552/1629/770 1557/1635/775 1558/1636/776 1559/1637/777 
f 1294/1366/512 1291/1363/509 1558/1636/776 1557/1635/775 
f 1306/1378/524 1329/1401/547 1560/1638/778 1307/1379/525 
f 1326/1398/544 1561/1639/779 1560/1638/778 1329/1401/547 
f 1552/1629/770 1559/1637/777 1560/1638/778 1561/1639/779 
f 1310/1382/528 1307/1379/525 1560/1638/778 1559/1637/777 
f 1322/1394/540 1345/1640/563 1562/1641/780 1323/1395/541 
f 1342/1642/560 1563/1643/781 1562/1641/780 1345/1640/563 
f 1552/1629/770 1561/1639/779 1562/1641/780 1563/1643/781 
f 1326/1398/544 1323/1395/541 1562/1641/780 1561/1639/779 
f 1338/1644/556 1361/1645/579 1564/1646/782 1339/1647/557 
f 1358/1648/576 1565/1649/783 1564/1646/782 1361/1645/579 
f 1552/1629/770 1563/1643/781 1564/1646/782 1565/1649/783 
f 1342/1642/560 1339/1647/557 1564/1646/782 1563/1643/781 
f 1354/1650/572 1377/1651/595 1566/1652/784 1355/1653/573 
f 1374/1654/592 1567/1655/785 1566/1652/784 1377/1651/595 
f 1552/1629/770 1565/1649/783 1566/1652/784 1567/1655/785 
f 1358/1648/576 1355/1653/573 1566/1652/784 1565/1649/783 
f 1370/1656/588 1393/1657/611 1568/1658/786 1371/1659/589 
f 1390/1660/608 1569/1661/787 1568/1658/786 1393/1657/611 
f 1552/1629/770 1567/1655/785 1568/1658/786 1569/1661/787 
f 1374/1654/592 1371/1659/589 1568/1658/786 1567/1655/785 
f 1386/1662/604 1409/1663/627 1570/1664/788 1387/1665/605 
f 1406/1666/624 1571/1667/789 1570/1664/788 1409/1663/627 
f 1552/1629/770 1569/1661/787 1570/1664/788 1571/1667/789 
f 1390/1660/608 1387/1665/605 1570/1664/788 1569/1661/787 
f 1402/1668/620 1425/1669/643 1572/1670/790 1403/1671/621 
f 1422/1672/640 1573/1673/791 1572/1670/790 1425/1669/643 
f 1552/1629/770 1571/1667/789 1572/1670/790 1573/1673/791 
f 1406/1666/624 1403/1671/621 1572/1670/790 1571/1667/789 
f 1418/1674/636 1441/1675/659 1574/1676/792 1419/1677/637 
f 1438/1678/656 1575/1679/793 1574/1676/792 1441/1675/659 
f 1552/1629/770 1573/1673/791 1574/1676/792 1575/1679/793 
f 1422/1672/640 1419/1677/637 1574/1676/792 1573/1673/791 
f 1434/1680/652 1457/1681/675 1576/1682/794 1435/1683/653 
f 1454/1684/672 1577/1685/795 1576/1682/794 1457/1681/675 
f 1552/1629/770 1575/1679/793 1576/1682/794 1577/1685/795 
f 1438/1678/656 1435/1683/653 1576/1682/794 1575/1679/793 
f 1450/1686/668 1473/1687/691 1578/1688/796 1451/1689/669 
f 1470/1690/688 1579/1691/797 1578/1688/796 1473/1687/691 
f 1552/1629/770 1577/1685/795 1578/1688/796 1579/1691/797 
f 1454/1684/672 1451/1689/669 1578/1688/796 1577/1685/795 
f 1466/1692/684 1489/1693/707 1580/1694/798 1467/1695/685 
f 1486/1696/704 1581/1697/799 1580/1694/798 1489/1693/707 
f 1552/1629/770 1579/1691/797 1580/1694/798 1581/1697/799 
f 1470/1690/688 1467/1695/685 1580/1694/798 1579/1691/797 
f 1482/1698/700 1505/1699/723 1582/1700/800 1483/1701/701 
f 1502/1702/720 1583/1703/801 1582/1700/800 1505/1699/723 
f 1552/1629/770 1581/1697/799 1582/1700/800 1583/1703/801 
f 1486/1696/704 1483/1701/701 1582/1700/800 1581/1697/799 
f 1498/1704/716 1521/1705/739 1584/1706/802 1499/1707/717 
f 1518/1708/736 1585/1709/803 1584/1706/802 1521/1705/739 
f 1552/1629/770 1583/1703/801 1584/1706/802 1585/1709/803 
f 1502/1702/720 1499/1707/717 1584/1706/802 1583/1703/801 
f 1514/1710/732 1537/1711/755 1586/1712/804 1515/1713/733 
f 1534/1631/752 1553/1630/771 1586/1712/804 1537/1711/755 
f 1552/1629/770 1585/1709/803 1586/1712/804 1553/1630/771 
f 1518/1708/736 1515/1713/733 1586/1712/804 1585/1709/803 
# 1584 polygons

#
# object Cylinder002
#

v  3.3783 0.0035 1.2296
v  3.0712 0.0028 1.3540
v  2.3859 0.0017 0.8684
v  3.2230 0.0028 0.9369
v  2.7263 0.0025 1.5740
v  1.7817 0.0013 1.0287
v  -0.0000 0.0002 0.0000
v  2.0261 0.0013 0.3573
v  3.1002 0.0025 0.5467
v  2.7540 0.0035 2.3109
v  2.4229 0.0028 2.3227
v  1.9450 0.0017 1.6321
v  2.7082 0.0028 1.9827
v  2.0235 0.0025 2.4115
v  1.3224 0.0013 1.5760
v  1.7975 0.0035 3.1134
v  1.4823 0.0028 3.0113
v  1.2695 0.0017 2.1989
v  1.8667 0.0028 2.7894
v  1.0767 0.0025 2.9582
v  0.7037 0.0013 1.9333
v  0.6243 0.0035 3.5405
v  0.3630 0.0028 3.3367
v  0.4409 0.0017 2.5005
v  0.8001 0.0028 3.2596
v  -0.0000 0.0025 3.1480
v  -0.0000 0.0013 2.0573
v  -0.6243 0.0035 3.5405
v  -0.8001 0.0028 3.2596
v  -0.4409 0.0017 2.5005
v  -0.3630 0.0028 3.3367
v  -1.0767 0.0025 2.9582
v  -0.7037 0.0013 1.9333
v  -1.7975 0.0035 3.1134
v  -1.8667 0.0028 2.7894
v  -1.2695 0.0017 2.1989
v  -1.4823 0.0028 3.0113
v  -2.0235 0.0025 2.4115
v  -1.3224 0.0013 1.5760
v  -2.7540 0.0035 2.3109
v  -2.7082 0.0028 1.9827
v  -1.9450 0.0017 1.6321
v  -2.4229 0.0028 2.3227
v  -2.7263 0.0025 1.5740
v  -1.7817 0.0013 1.0287
v  -3.3783 0.0035 1.2296
v  -3.2230 0.0028 0.9369
v  -2.3859 0.0017 0.8684
v  -3.0712 0.0028 1.3540
v  -3.1002 0.0025 0.5467
v  -2.0261 0.0013 0.3573
v  -3.5951 0.0035 -0.0000
v  -3.3490 0.0028 -0.2219
v  -2.5391 0.0017 -0.0000
v  -3.3490 0.0028 0.2219
v  -3.1002 0.0025 -0.5467
v  -2.0261 0.0013 -0.3573
v  -3.3783 0.0035 -1.2296
v  -3.0712 0.0028 -1.3540
v  -2.3859 0.0017 -0.8684
v  -3.2230 0.0028 -0.9369
v  -2.7263 0.0025 -1.5740
v  -1.7817 0.0013 -1.0287
v  -2.7540 0.0035 -2.3109
v  -2.4229 0.0028 -2.3227
v  -1.9450 0.0017 -1.6321
v  -2.7082 0.0028 -1.9827
v  -2.0235 0.0025 -2.4115
v  -1.3224 0.0013 -1.5760
v  -1.7975 0.0035 -3.1134
v  -1.4823 0.0028 -3.0113
v  -1.2695 0.0017 -2.1989
v  -1.8667 0.0028 -2.7894
v  -1.0767 0.0025 -2.9582
v  -0.7037 0.0013 -1.9333
v  -0.6243 0.0035 -3.5405
v  -0.3630 0.0028 -3.3367
v  -0.4409 0.0017 -2.5005
v  -0.8001 0.0028 -3.2596
v  -0.0000 0.0025 -3.1480
v  -0.0000 0.0013 -2.0573
v  0.6243 0.0035 -3.5405
v  0.8001 0.0028 -3.2596
v  0.4409 0.0017 -2.5005
v  0.3630 0.0028 -3.3367
v  1.0767 0.0025 -2.9582
v  0.7037 0.0013 -1.9333
v  1.7975 0.0035 -3.1134
v  1.8667 0.0028 -2.7894
v  1.2695 0.0017 -2.1989
v  1.4823 0.0028 -3.0113
v  2.0235 0.0025 -2.4115
v  1.3224 0.0013 -1.5760
v  2.7540 0.0035 -2.3109
v  2.7082 0.0028 -1.9827
v  1.9450 0.0017 -1.6321
v  2.4229 0.0028 -2.3227
v  2.7263 0.0025 -1.5740
v  1.7817 0.0013 -1.0287
v  3.3783 0.0035 -1.2296
v  3.2230 0.0028 -0.9369
v  2.3859 0.0017 -0.8684
v  3.0712 0.0028 -1.3540
v  3.1002 0.0025 -0.5467
v  2.0261 0.0013 -0.3573
v  3.5951 0.0035 0.0000
v  3.3490 0.0028 0.2219
v  2.5391 0.0017 0.0000
v  3.3490 0.0028 -0.2219
v  3.8803 0.0047 -0.3270
v  3.9658 0.0049 0.0000
v  3.7642 0.0046 -0.6637
v  4.1085 0.0073 -0.7244
v  4.1742 0.0073 -0.3621
v  4.2079 0.0074 0.0000
v  3.7266 0.0049 -1.3564
v  3.7581 0.0047 -1.0198
v  3.9541 0.0074 -1.4392
v  4.0463 0.0073 -1.0874
v  4.0300 0.0141 -1.4668
v  4.1423 0.0141 -1.1100
v  4.1423 0.0106 -1.1100
v  4.0300 0.0106 -1.4668
v  4.2232 0.0141 -0.7447
v  4.2232 0.0106 -0.7447
v  4.2886 0.0141 0.0000
v  4.2886 0.0106 0.0000
v  4.2721 0.0106 -0.3737
v  4.2721 0.0141 -0.3737
v  3.5344 0.0047 -1.6344
v  3.3102 0.0046 -1.9112
v  3.6129 0.0073 -2.0859
v  3.7986 0.0073 -1.7679
v  3.0380 0.0049 -2.5491
v  3.1827 0.0047 -2.2437
v  3.2234 0.0074 -2.7048
v  3.4303 0.0073 -2.4057
v  3.2853 0.0141 -2.7567
v  3.5129 0.0141 -2.4598
v  3.5129 0.0106 -2.4598
v  3.2853 0.0106 -2.7567
v  3.7138 0.0141 -2.1442
v  3.7138 0.0106 -2.1442
v  3.8867 0.0106 -1.8124
v  3.8867 0.0141 -1.8124
v  2.7623 0.0047 -2.7447
v  2.4569 0.0046 -2.9281
v  2.6816 0.0073 -3.1958
v  2.9649 0.0073 -2.9605
v  1.9829 0.0049 -3.4345
v  2.2233 0.0047 -3.1969
v  2.1039 0.0074 -3.6441
v  2.4006 0.0073 -3.4339
v  2.1443 0.0141 -3.7140
v  2.4597 0.0141 -3.5129
v  2.4597 0.0106 -3.5129
v  2.1443 0.0106 -3.7140
v  2.7565 0.0141 -3.2851
v  2.7565 0.0106 -3.2851
v  3.0324 0.0106 -3.0324
v  3.0324 0.0141 -3.0324
v  1.6569 0.0047 -3.5239
v  1.3073 0.0046 -3.5918
v  1.4269 0.0073 -3.9202
v  1.7735 0.0073 -3.7960
v  0.6886 0.0049 -3.9055
v  0.9959 0.0047 -3.7645
v  0.7307 0.0074 -4.1440
v  1.0814 0.0073 -4.0479
v  0.7447 0.0141 -4.2234
v  1.1099 0.0141 -4.1423
v  1.1099 0.0106 -4.1423
v  0.7447 0.0106 -4.2234
v  1.4667 0.0141 -4.0297
v  1.4667 0.0106 -4.0297
v  1.8124 0.0106 -3.8866
v  1.8124 0.0141 -3.8866
v  0.3517 0.0047 -3.8781
v  -0.0000 0.0046 -3.8223
v  -0.0000 0.0073 -4.1718
v  0.3683 0.0073 -4.1736
v  -0.6886 0.0049 -3.9055
v  -0.3517 0.0047 -3.8781
v  -0.7307 0.0074 -4.1440
v  -0.3683 0.0073 -4.1736
v  -0.7447 0.0141 -4.2234
v  -0.3738 0.0141 -4.2721
v  -0.3738 0.0106 -4.2721
v  -0.7447 0.0106 -4.2234
v  -0.0000 0.0141 -4.2883
v  -0.0000 0.0106 -4.2883
v  0.3738 0.0106 -4.2721
v  0.3738 0.0141 -4.2721
v  -0.9959 0.0047 -3.7645
v  -1.3073 0.0046 -3.5918
v  -1.4269 0.0073 -3.9202
v  -1.0814 0.0073 -4.0479
v  -1.9829 0.0049 -3.4345
v  -1.6569 0.0047 -3.5239
v  -2.1039 0.0074 -3.6441
v  -1.7735 0.0073 -3.7960
v  -2.1443 0.0141 -3.7140
v  -1.8124 0.0141 -3.8866
v  -1.8124 0.0106 -3.8866
v  -2.1443 0.0106 -3.7140
v  -1.4667 0.0141 -4.0297
v  -1.4667 0.0106 -4.0297
v  -1.1099 0.0106 -4.1423
v  -1.1099 0.0141 -4.1423
v  -2.2233 0.0047 -3.1969
v  -2.4569 0.0046 -2.9281
v  -2.6816 0.0073 -3.1958
v  -2.4006 0.0073 -3.4339
v  -3.0380 0.0049 -2.5491
v  -2.7623 0.0047 -2.7447
v  -3.2234 0.0074 -2.7048
v  -2.9649 0.0073 -2.9605
v  -3.2853 0.0141 -2.7567
v  -3.0324 0.0141 -3.0324
v  -3.0324 0.0106 -3.0324
v  -3.2853 0.0106 -2.7567
v  -2.7565 0.0141 -3.2851
v  -2.7565 0.0106 -3.2851
v  -2.4597 0.0106 -3.5129
v  -2.4597 0.0141 -3.5129
v  -3.1827 0.0047 -2.2437
v  -3.3102 0.0046 -1.9112
v  -3.6129 0.0073 -2.0859
v  -3.4303 0.0073 -2.4057
v  -3.7266 0.0049 -1.3564
v  -3.5344 0.0047 -1.6344
v  -3.9541 0.0074 -1.4392
v  -3.7986 0.0073 -1.7679
v  -4.0300 0.0141 -1.4668
v  -3.8867 0.0141 -1.8124
v  -3.8867 0.0106 -1.8124
v  -4.0300 0.0106 -1.4668
v  -3.7138 0.0141 -2.1442
v  -3.7138 0.0106 -2.1442
v  -3.5129 0.0106 -2.4598
v  -3.5129 0.0141 -2.4598
v  -3.7581 0.0047 -1.0198
v  -3.7642 0.0046 -0.6637
v  -4.1085 0.0073 -0.7244
v  -4.0463 0.0073 -1.0874
v  -3.9658 0.0049 -0.0000
v  -3.8803 0.0047 -0.3270
v  -4.2079 0.0074 -0.0000
v  -4.1742 0.0073 -0.3621
v  -4.2886 0.0141 -0.0000
v  -4.2721 0.0141 -0.3737
v  -4.2721 0.0106 -0.3737
v  -4.2886 0.0106 -0.0000
v  -4.2232 0.0141 -0.7447
v  -4.2232 0.0106 -0.7447
v  -4.1423 0.0106 -1.1100
v  -4.1423 0.0141 -1.1100
v  -3.8803 0.0047 0.3270
v  -3.7642 0.0046 0.6637
v  -4.1085 0.0073 0.7244
v  -4.1742 0.0073 0.3621
v  -3.7266 0.0049 1.3564
v  -3.7581 0.0047 1.0198
v  -3.9541 0.0074 1.4392
v  -4.0463 0.0073 1.0874
v  -4.0300 0.0141 1.4668
v  -4.1423 0.0141 1.1100
v  -4.1423 0.0106 1.1100
v  -4.0300 0.0106 1.4668
v  -4.2232 0.0141 0.7447
v  -4.2232 0.0106 0.7447
v  -4.2721 0.0106 0.3737
v  -4.2721 0.0141 0.3737
v  -3.5344 0.0047 1.6344
v  -3.3102 0.0046 1.9112
v  -3.6129 0.0073 2.0859
v  -3.7986 0.0073 1.7679
v  -3.0380 0.0049 2.5491
v  -3.1827 0.0047 2.2437
v  -3.2234 0.0074 2.7048
v  -3.4303 0.0073 2.4057
v  -3.2853 0.0141 2.7567
v  -3.5129 0.0141 2.4598
v  -3.5129 0.0106 2.4598
v  -3.2853 0.0106 2.7567
v  -3.7138 0.0141 2.1442
v  -3.7138 0.0106 2.1442
v  -3.8867 0.0106 1.8124
v  -3.8867 0.0141 1.8124
v  -2.7623 0.0047 2.7447
v  -2.4569 0.0046 2.9281
v  -2.6816 0.0073 3.1958
v  -2.9649 0.0073 2.9605
v  -1.9829 0.0049 3.4345
v  -2.2233 0.0047 3.1969
v  -2.1039 0.0074 3.6441
v  -2.4006 0.0073 3.4339
v  -2.1443 0.0141 3.7140
v  -2.4597 0.0141 3.5129
v  -2.4597 0.0106 3.5129
v  -2.1443 0.0106 3.7140
v  -2.7565 0.0141 3.2851
v  -2.7565 0.0106 3.2851
v  -3.0324 0.0106 3.0324
v  -3.0324 0.0141 3.0324
v  -1.6569 0.0047 3.5239
v  -1.3073 0.0046 3.5918
v  -1.4269 0.0073 3.9202
v  -1.7735 0.0073 3.7960
v  -0.6886 0.0049 3.9055
v  -0.9959 0.0047 3.7645
v  -0.7307 0.0074 4.1440
v  -1.0814 0.0073 4.0479
v  -0.7447 0.0141 4.2234
v  -1.1099 0.0141 4.1423
v  -1.1099 0.0106 4.1423
v  -0.7447 0.0106 4.2234
v  -1.4667 0.0141 4.0297
v  -1.4667 0.0106 4.0297
v  -1.8124 0.0106 3.8866
v  -1.8124 0.0141 3.8866
v  -0.3517 0.0047 3.8781
v  -0.0000 0.0046 3.8223
v  -0.0000 0.0073 4.1718
v  -0.3683 0.0073 4.1736
v  0.6886 0.0049 3.9055
v  0.3517 0.0047 3.8781
v  0.7307 0.0074 4.1440
v  0.3683 0.0073 4.1736
v  0.7447 0.0141 4.2234
v  0.3738 0.0141 4.2721
v  0.3738 0.0106 4.2721
v  0.7447 0.0106 4.2234
v  -0.0000 0.0141 4.2883
v  -0.0000 0.0106 4.2883
v  -0.3738 0.0106 4.2721
v  -0.3738 0.0141 4.2721
v  0.9959 0.0047 3.7645
v  1.3073 0.0046 3.5918
v  1.4269 0.0073 3.9202
v  1.0814 0.0073 4.0479
v  1.9829 0.0049 3.4345
v  1.6569 0.0047 3.5239
v  2.1039 0.0074 3.6441
v  1.7735 0.0073 3.7960
v  2.1443 0.0141 3.7140
v  1.8124 0.0141 3.8866
v  1.8124 0.0106 3.8866
v  2.1443 0.0106 3.7140
v  1.4667 0.0141 4.0297
v  1.4667 0.0106 4.0297
v  1.1099 0.0106 4.1423
v  1.1099 0.0141 4.1423
v  2.2233 0.0047 3.1969
v  2.4569 0.0046 2.9281
v  2.6816 0.0073 3.1958
v  2.4006 0.0073 3.4339
v  3.0380 0.0049 2.5491
v  2.7623 0.0047 2.7447
v  3.2234 0.0074 2.7048
v  2.9649 0.0073 2.9605
v  3.2853 0.0141 2.7567
v  3.0324 0.0141 3.0324
v  3.0324 0.0106 3.0324
v  3.2853 0.0106 2.7567
v  2.7565 0.0141 3.2851
v  2.7565 0.0106 3.2851
v  2.4597 0.0106 3.5129
v  2.4597 0.0141 3.5129
v  3.1827 0.0047 2.2437
v  3.3102 0.0046 1.9112
v  3.6129 0.0073 2.0859
v  3.4303 0.0073 2.4057
v  3.7266 0.0049 1.3564
v  3.5344 0.0047 1.6344
v  3.9541 0.0074 1.4392
v  3.7986 0.0073 1.7679
v  4.0300 0.0141 1.4668
v  3.8867 0.0141 1.8124
v  3.8867 0.0106 1.8124
v  4.0300 0.0106 1.4668
v  3.7138 0.0141 2.1442
v  3.7138 0.0106 2.1442
v  3.5129 0.0106 2.4598
v  3.5129 0.0141 2.4598
v  3.7581 0.0047 1.0198
v  3.7642 0.0046 0.6637
v  4.1085 0.0073 0.7244
v  4.0463 0.0073 1.0874
v  3.8803 0.0047 0.3270
v  4.1742 0.0073 0.3621
v  4.2721 0.0141 0.3737
v  4.2721 0.0106 0.3737
v  4.2232 0.0141 0.7447
v  4.2232 0.0106 0.7447
v  4.1423 0.0106 1.1100
v  4.1423 0.0141 1.1100
v  4.2721 0.0176 -0.3737
v  4.2886 0.0176 0.0000
v  4.2232 0.0176 -0.7447
v  4.2232 0.0211 -0.7447
v  4.2721 0.0211 -0.3737
v  4.2886 0.0211 0.0000
v  4.0300 0.0176 -1.4668
v  4.1423 0.0176 -1.1100
v  4.0300 0.0211 -1.4668
v  4.1423 0.0211 -1.1100
v  4.0300 0.0282 -1.4668
v  4.1423 0.0282 -1.1100
v  4.1423 0.0246 -1.1100
v  4.0300 0.0246 -1.4668
v  4.2232 0.0282 -0.7447
v  4.2232 0.0246 -0.7447
v  4.2886 0.0282 0.0000
v  4.2886 0.0246 0.0000
v  4.2721 0.0246 -0.3737
v  4.2721 0.0282 -0.3737
v  3.8867 0.0176 -1.8124
v  3.7138 0.0176 -2.1442
v  3.7138 0.0211 -2.1442
v  3.8867 0.0211 -1.8124
v  3.2853 0.0176 -2.7567
v  3.5129 0.0176 -2.4598
v  3.2853 0.0211 -2.7567
v  3.5129 0.0211 -2.4598
v  3.2853 0.0282 -2.7567
v  3.5129 0.0282 -2.4598
v  3.5129 0.0246 -2.4598
v  3.2853 0.0246 -2.7567
v  3.7138 0.0282 -2.1442
v  3.7138 0.0246 -2.1442
v  3.8867 0.0246 -1.8124
v  3.8867 0.0282 -1.8124
v  3.0324 0.0176 -3.0324
v  2.7565 0.0176 -3.2851
v  2.7565 0.0211 -3.2851
v  3.0324 0.0211 -3.0324
v  2.1443 0.0176 -3.7140
v  2.4597 0.0176 -3.5129
v  2.1443 0.0211 -3.7140
v  2.4597 0.0211 -3.5129
v  2.1443 0.0282 -3.7140
v  2.4597 0.0282 -3.5129
v  2.4597 0.0246 -3.5129
v  2.1443 0.0246 -3.7140
v  2.7565 0.0282 -3.2851
v  2.7565 0.0246 -3.2851
v  3.0324 0.0246 -3.0324
v  3.0324 0.0282 -3.0324
v  1.8124 0.0176 -3.8866
v  1.4667 0.0176 -4.0297
v  1.4667 0.0211 -4.0297
v  1.8124 0.0211 -3.8866
v  0.7447 0.0176 -4.2234
v  1.1099 0.0176 -4.1423
v  0.7447 0.0211 -4.2234
v  1.1099 0.0211 -4.1423
v  0.7447 0.0282 -4.2234
v  1.1099 0.0282 -4.1423
v  1.1099 0.0246 -4.1423
v  0.7447 0.0246 -4.2234
v  1.4667 0.0282 -4.0297
v  1.4667 0.0246 -4.0297
v  1.8124 0.0246 -3.8866
v  1.8124 0.0282 -3.8866
v  0.3738 0.0176 -4.2721
v  -0.0000 0.0176 -4.2883
v  -0.0000 0.0211 -4.2883
v  0.3738 0.0211 -4.2721
v  -0.7447 0.0176 -4.2234
v  -0.3738 0.0176 -4.2721
v  -0.7447 0.0211 -4.2234
v  -0.3738 0.0211 -4.2721
v  -0.7447 0.0282 -4.2234
v  -0.3738 0.0282 -4.2721
v  -0.3738 0.0246 -4.2721
v  -0.7447 0.0246 -4.2234
v  -0.0000 0.0282 -4.2883
v  -0.0000 0.0246 -4.2883
v  0.3738 0.0246 -4.2721
v  0.3738 0.0282 -4.2721
v  -1.1099 0.0176 -4.1423
v  -1.4667 0.0176 -4.0297
v  -1.4667 0.0211 -4.0297
v  -1.1099 0.0211 -4.1423
v  -2.1443 0.0176 -3.7140
v  -1.8124 0.0176 -3.8866
v  -2.1443 0.0211 -3.7140
v  -1.8124 0.0211 -3.8866
v  -2.1443 0.0282 -3.7140
v  -1.8124 0.0282 -3.8866
v  -1.8124 0.0246 -3.8866
v  -2.1443 0.0246 -3.7140
v  -1.4667 0.0282 -4.0297
v  -1.4667 0.0246 -4.0297
v  -1.1099 0.0246 -4.1423
v  -1.1099 0.0282 -4.1423
v  -2.4597 0.0176 -3.5129
v  -2.7565 0.0176 -3.2851
v  -2.7565 0.0211 -3.2851
v  -2.4597 0.0211 -3.5129
v  -3.2853 0.0176 -2.7567
v  -3.0324 0.0176 -3.0324
v  -3.2853 0.0211 -2.7567
v  -3.0324 0.0211 -3.0324
v  -3.2853 0.0282 -2.7567
v  -3.0324 0.0282 -3.0324
v  -3.0324 0.0246 -3.0324
v  -3.2853 0.0246 -2.7567
v  -2.7565 0.0282 -3.2851
v  -2.7565 0.0246 -3.2851
v  -2.4597 0.0246 -3.5129
v  -2.4597 0.0282 -3.5129
v  -3.5129 0.0176 -2.4598
v  -3.7138 0.0176 -2.1442
v  -3.7138 0.0211 -2.1442
v  -3.5129 0.0211 -2.4598
v  -4.0300 0.0176 -1.4668
v  -3.8867 0.0176 -1.8124
v  -4.0300 0.0211 -1.4668
v  -3.8867 0.0211 -1.8124
v  -4.0300 0.0282 -1.4668
v  -3.8867 0.0282 -1.8124
v  -3.8867 0.0246 -1.8124
v  -4.0300 0.0246 -1.4668
v  -3.7138 0.0282 -2.1442
v  -3.7138 0.0246 -2.1442
v  -3.5129 0.0246 -2.4598
v  -3.5129 0.0282 -2.4598
v  -4.1423 0.0176 -1.1100
v  -4.2232 0.0176 -0.7447
v  -4.2232 0.0211 -0.7447
v  -4.1423 0.0211 -1.1100
v  -4.2886 0.0176 -0.0000
v  -4.2721 0.0176 -0.3737
v  -4.2886 0.0211 -0.0000
v  -4.2721 0.0211 -0.3737
v  -4.2886 0.0282 -0.0000
v  -4.2721 0.0282 -0.3737
v  -4.2721 0.0246 -0.3737
v  -4.2886 0.0246 -0.0000
v  -4.2232 0.0282 -0.7447
v  -4.2232 0.0246 -0.7447
v  -4.1423 0.0246 -1.1100
v  -4.1423 0.0282 -1.1100
v  -4.2721 0.0176 0.3737
v  -4.2232 0.0176 0.7447
v  -4.2232 0.0211 0.7447
v  -4.2721 0.0211 0.3737
v  -4.0300 0.0176 1.4668
v  -4.1423 0.0176 1.1100
v  -4.0300 0.0211 1.4668
v  -4.1423 0.0211 1.1100
v  -4.0300 0.0282 1.4668
v  -4.1423 0.0282 1.1100
v  -4.1423 0.0246 1.1100
v  -4.0300 0.0246 1.4668
v  -4.2232 0.0282 0.7447
v  -4.2232 0.0246 0.7447
v  -4.2721 0.0246 0.3737
v  -4.2721 0.0282 0.3737
v  -3.8867 0.0176 1.8124
v  -3.7138 0.0176 2.1442
v  -3.7138 0.0211 2.1442
v  -3.8867 0.0211 1.8124
v  -3.2853 0.0176 2.7567
v  -3.5129 0.0176 2.4598
v  -3.2853 0.0211 2.7567
v  -3.5129 0.0211 2.4598
v  -3.2853 0.0282 2.7567
v  -3.5129 0.0282 2.4598
v  -3.5129 0.0246 2.4598
v  -3.2853 0.0246 2.7567
v  -3.7138 0.0282 2.1442
v  -3.7138 0.0246 2.1442
v  -3.8867 0.0246 1.8124
v  -3.8867 0.0282 1.8124
v  -3.0324 0.0176 3.0324
v  -2.7565 0.0176 3.2851
v  -2.7565 0.0211 3.2851
v  -3.0324 0.0211 3.0324
v  -2.1443 0.0176 3.7140
v  -2.4597 0.0176 3.5129
v  -2.1443 0.0211 3.7140
v  -2.4597 0.0211 3.5129
v  -2.1443 0.0282 3.7140
v  -2.4597 0.0282 3.5129
v  -2.4597 0.0246 3.5129
v  -2.1443 0.0246 3.7140
v  -2.7565 0.0282 3.2851
v  -2.7565 0.0246 3.2851
v  -3.0324 0.0246 3.0324
v  -3.0324 0.0282 3.0324
v  -1.8124 0.0176 3.8866
v  -1.4667 0.0176 4.0297
v  -1.4667 0.0211 4.0297
v  -1.8124 0.0211 3.8866
v  -0.7447 0.0176 4.2234
v  -1.1099 0.0176 4.1423
v  -0.7447 0.0211 4.2234
v  -1.1099 0.0211 4.1423
v  -0.7447 0.0282 4.2234
v  -1.1099 0.0282 4.1423
v  -1.1099 0.0246 4.1423
v  -0.7447 0.0246 4.2234
v  -1.4667 0.0282 4.0297
v  -1.4667 0.0246 4.0297
v  -1.8124 0.0246 3.8866
v  -1.8124 0.0282 3.8866
v  -0.3738 0.0176 4.2721
v  -0.0000 0.0176 4.2883
v  -0.0000 0.0211 4.2883
v  -0.3738 0.0211 4.2721
v  0.7447 0.0176 4.2234
v  0.3738 0.0176 4.2721
v  0.7447 0.0211 4.2235
v  0.3738 0.0211 4.2721
v  0.7447 0.0282 4.2234
v  0.3738 0.0282 4.2721
v  0.3738 0.0246 4.2721
v  0.7447 0.0246 4.2234
v  -0.0000 0.0282 4.2883
v  -0.0000 0.0246 4.2883
v  -0.3738 0.0246 4.2721
v  -0.3738 0.0282 4.2721
v  1.1099 0.0176 4.1423
v  1.4667 0.0176 4.0297
v  1.4667 0.0211 4.0297
v  1.1099 0.0211 4.1423
v  2.1443 0.0176 3.7140
v  1.8124 0.0176 3.8866
v  2.1443 0.0211 3.7140
v  1.8124 0.0211 3.8866
v  2.1443 0.0282 3.7140
v  1.8124 0.0282 3.8866
v  1.8124 0.0246 3.8866
v  2.1443 0.0246 3.7140
v  1.4667 0.0282 4.0297
v  1.4667 0.0246 4.0297
v  1.1099 0.0246 4.1423
v  1.1099 0.0282 4.1423
v  2.4597 0.0176 3.5129
v  2.7565 0.0176 3.2851
v  2.7565 0.0211 3.2851
v  2.4597 0.0211 3.5129
v  3.2853 0.0176 2.7567
v  3.0324 0.0176 3.0324
v  3.2853 0.0211 2.7567
v  3.0324 0.0211 3.0324
v  3.2853 0.0282 2.7567
v  3.0324 0.0282 3.0324
v  3.0324 0.0246 3.0324
v  3.2853 0.0246 2.7567
v  2.7565 0.0282 3.2851
v  2.7565 0.0246 3.2851
v  2.4597 0.0246 3.5129
v  2.4597 0.0282 3.5129
v  3.5129 0.0176 2.4598
v  3.7138 0.0176 2.1442
v  3.7138 0.0211 2.1442
v  3.5129 0.0211 2.4598
v  4.0300 0.0176 1.4668
v  3.8867 0.0176 1.8124
v  4.0300 0.0211 1.4668
v  3.8867 0.0211 1.8124
v  4.0300 0.0282 1.4668
v  3.8867 0.0282 1.8124
v  3.8867 0.0246 1.8124
v  4.0300 0.0246 1.4668
v  3.7138 0.0282 2.1442
v  3.7138 0.0246 2.1442
v  3.5129 0.0246 2.4598
v  3.5129 0.0282 2.4598
v  4.1423 0.0176 1.1100
v  4.2232 0.0176 0.7447
v  4.2232 0.0211 0.7447
v  4.1423 0.0211 1.1100
v  4.2721 0.0176 0.3737
v  4.2721 0.0211 0.3737
v  4.2721 0.0282 0.3737
v  4.2721 0.0246 0.3737
v  4.2232 0.0282 0.7447
v  4.2232 0.0246 0.7447
v  4.1423 0.0246 1.1100
v  4.1423 0.0282 1.1100
v  4.2721 0.0317 -0.3737
v  4.2886 0.0317 0.0000
v  4.2232 0.0317 -0.7447
v  4.2232 0.0352 -0.7447
v  4.2721 0.0352 -0.3737
v  4.2886 0.0352 0.0000
v  4.0300 0.0317 -1.4668
v  4.1423 0.0317 -1.1100
v  4.0300 0.0352 -1.4668
v  4.1423 0.0352 -1.1100
v  4.0300 0.0423 -1.4668
v  4.1423 0.0423 -1.1100
v  4.1423 0.0387 -1.1100
v  4.0300 0.0387 -1.4668
v  4.2232 0.0423 -0.7447
v  4.2232 0.0387 -0.7447
v  4.2886 0.0423 0.0000
v  4.2886 0.0387 0.0000
v  4.2721 0.0387 -0.3737
v  4.2721 0.0423 -0.3737
v  3.8867 0.0317 -1.8124
v  3.7138 0.0317 -2.1442
v  3.7138 0.0352 -2.1442
v  3.8867 0.0352 -1.8124
v  3.2853 0.0317 -2.7567
v  3.5129 0.0317 -2.4598
v  3.2853 0.0352 -2.7567
v  3.5129 0.0352 -2.4598
v  3.2853 0.0423 -2.7567
v  3.5129 0.0423 -2.4598
v  3.5129 0.0387 -2.4598
v  3.2853 0.0387 -2.7567
v  3.7138 0.0423 -2.1442
v  3.7138 0.0387 -2.1442
v  3.8867 0.0387 -1.8124
v  3.8867 0.0423 -1.8124
v  3.0324 0.0317 -3.0324
v  2.7565 0.0317 -3.2851
v  2.7565 0.0352 -3.2851
v  3.0324 0.0352 -3.0324
v  2.1443 0.0317 -3.7140
v  2.4597 0.0317 -3.5129
v  2.1443 0.0352 -3.7140
v  2.4597 0.0352 -3.5129
v  2.1443 0.0423 -3.7140
v  2.4597 0.0423 -3.5129
v  2.4597 0.0387 -3.5129
v  2.1443 0.0387 -3.7140
v  2.7565 0.0423 -3.2851
v  2.7565 0.0387 -3.2851
v  3.0324 0.0387 -3.0324
v  3.0324 0.0423 -3.0324
v  1.8124 0.0317 -3.8866
v  1.4667 0.0317 -4.0297
v  1.4667 0.0352 -4.0297
v  1.8124 0.0352 -3.8866
v  0.7447 0.0317 -4.2234
v  1.1099 0.0317 -4.1423
v  0.7447 0.0352 -4.2234
v  1.1099 0.0352 -4.1423
v  0.7447 0.0423 -4.2234
v  1.1099 0.0423 -4.1423
v  1.1099 0.0387 -4.1423
v  0.7447 0.0387 -4.2234
v  1.4667 0.0423 -4.0297
v  1.4667 0.0387 -4.0297
v  1.8124 0.0387 -3.8866
v  1.8124 0.0423 -3.8866
v  0.3738 0.0317 -4.2721
v  -0.0000 0.0317 -4.2883
v  -0.0000 0.0352 -4.2883
v  0.3738 0.0352 -4.2721
v  -0.7447 0.0317 -4.2234
v  -0.3738 0.0317 -4.2721
v  -0.7447 0.0352 -4.2234
v  -0.3738 0.0352 -4.2721
v  -0.7447 0.0423 -4.2234
v  -0.3738 0.0423 -4.2721
v  -0.3738 0.0387 -4.2721
v  -0.7447 0.0387 -4.2234
v  -0.0000 0.0423 -4.2883
v  -0.0000 0.0387 -4.2883
v  0.3738 0.0387 -4.2721
v  0.3738 0.0423 -4.2721
v  -1.1099 0.0317 -4.1423
v  -1.4667 0.0317 -4.0297
v  -1.4667 0.0352 -4.0297
v  -1.1099 0.0352 -4.1423
v  -2.1443 0.0317 -3.7140
v  -1.8124 0.0317 -3.8866
v  -2.1443 0.0352 -3.7140
v  -1.8124 0.0352 -3.8866
v  -2.1443 0.0423 -3.7140
v  -1.8124 0.0423 -3.8866
v  -1.8124 0.0387 -3.8866
v  -2.1443 0.0387 -3.7140
v  -1.4667 0.0423 -4.0297
v  -1.4667 0.0387 -4.0297
v  -1.1099 0.0387 -4.1423
v  -1.1099 0.0423 -4.1423
v  -2.4597 0.0317 -3.5129
v  -2.7565 0.0317 -3.2851
v  -2.7565 0.0352 -3.2851
v  -2.4597 0.0352 -3.5129
v  -3.2853 0.0317 -2.7567
v  -3.0324 0.0317 -3.0324
v  -3.2853 0.0352 -2.7567
v  -3.0324 0.0352 -3.0324
v  -3.2853 0.0423 -2.7567
v  -3.0324 0.0423 -3.0324
v  -3.0324 0.0387 -3.0324
v  -3.2853 0.0387 -2.7567
v  -2.7565 0.0423 -3.2851
v  -2.7565 0.0387 -3.2851
v  -2.4597 0.0387 -3.5129
v  -2.4597 0.0423 -3.5129
v  -3.5129 0.0317 -2.4598
v  -3.7138 0.0317 -2.1442
v  -3.7138 0.0352 -2.1442
v  -3.5129 0.0352 -2.4598
v  -4.0300 0.0317 -1.4668
v  -3.8867 0.0317 -1.8124
v  -4.0300 0.0352 -1.4668
v  -3.8867 0.0352 -1.8124
v  -4.0300 0.0423 -1.4668
v  -3.8867 0.0423 -1.8124
v  -3.8867 0.0387 -1.8124
v  -4.0300 0.0387 -1.4668
v  -3.7138 0.0423 -2.1442
v  -3.7138 0.0387 -2.1442
v  -3.5129 0.0387 -2.4598
v  -3.5129 0.0423 -2.4598
v  -4.1423 0.0317 -1.1100
v  -4.2232 0.0317 -0.7447
v  -4.2232 0.0352 -0.7447
v  -4.1423 0.0352 -1.1100
v  -4.2886 0.0317 -0.0000
v  -4.2721 0.0317 -0.3737
v  -4.2886 0.0352 -0.0000
v  -4.2721 0.0352 -0.3737
v  -4.2886 0.0423 -0.0000
v  -4.2721 0.0423 -0.3737
v  -4.2721 0.0387 -0.3737
v  -4.2886 0.0387 -0.0000
v  -4.2232 0.0423 -0.7447
v  -4.2232 0.0387 -0.7447
v  -4.1423 0.0387 -1.1100
v  -4.1423 0.0423 -1.1100
v  -4.2721 0.0317 0.3737
v  -4.2232 0.0317 0.7447
v  -4.2232 0.0352 0.7447
v  -4.2721 0.0352 0.3737
v  -4.0300 0.0317 1.4668
v  -4.1423 0.0317 1.1100
v  -4.0300 0.0352 1.4668
v  -4.1423 0.0352 1.1100
v  -4.0300 0.0423 1.4668
v  -4.1423 0.0423 1.1100
v  -4.1423 0.0387 1.1100
v  -4.0300 0.0387 1.4668
v  -4.2232 0.0423 0.7447
v  -4.2232 0.0387 0.7447
v  -4.2721 0.0387 0.3737
v  -4.2721 0.0423 0.3737
v  -3.8867 0.0317 1.8124
v  -3.7138 0.0317 2.1442
v  -3.7138 0.0352 2.1442
v  -3.8867 0.0352 1.8124
v  -3.2853 0.0317 2.7567
v  -3.5129 0.0317 2.4598
v  -3.2853 0.0352 2.7567
v  -3.5129 0.0352 2.4598
v  -3.2853 0.0423 2.7567
v  -3.5129 0.0423 2.4598
v  -3.5129 0.0387 2.4598
v  -3.2853 0.0387 2.7567
v  -3.7138 0.0423 2.1442
v  -3.7138 0.0387 2.1442
v  -3.8867 0.0387 1.8124
v  -3.8867 0.0423 1.8124
v  -3.0324 0.0317 3.0324
v  -2.7565 0.0317 3.2851
v  -2.7565 0.0352 3.2851
v  -3.0324 0.0352 3.0324
v  -2.1443 0.0317 3.7140
v  -2.4597 0.0317 3.5129
v  -2.1443 0.0352 3.7140
v  -2.4597 0.0352 3.5129
v  -2.1443 0.0423 3.7140
v  -2.4597 0.0423 3.5129
v  -2.4597 0.0387 3.5129
v  -2.1443 0.0387 3.7140
v  -2.7565 0.0423 3.2851
v  -2.7565 0.0387 3.2851
v  -3.0324 0.0387 3.0324
v  -3.0324 0.0423 3.0324
v  -1.8124 0.0317 3.8866
v  -1.4667 0.0317 4.0297
v  -1.4667 0.0352 4.0297
v  -1.8124 0.0352 3.8866
v  -0.7447 0.0317 4.2234
v  -1.1099 0.0317 4.1423
v  -0.7447 0.0352 4.2234
v  -1.1099 0.0352 4.1423
v  -0.7447 0.0423 4.2234
v  -1.1099 0.0423 4.1423
v  -1.1099 0.0387 4.1423
v  -0.7447 0.0387 4.2234
v  -1.4667 0.0423 4.0297
v  -1.4667 0.0387 4.0297
v  -1.8124 0.0387 3.8866
v  -1.8124 0.0423 3.8866
v  -0.3738 0.0317 4.2721
v  -0.0000 0.0317 4.2883
v  -0.0000 0.0352 4.2883
v  -0.3738 0.0352 4.2721
v  0.7447 0.0317 4.2234
v  0.3738 0.0317 4.2721
v  0.7447 0.0352 4.2235
v  0.3738 0.0352 4.2721
v  0.7447 0.0423 4.2234
v  0.3738 0.0423 4.2721
v  0.3738 0.0387 4.2721
v  0.7447 0.0387 4.2234
v  -0.0000 0.0423 4.2883
v  -0.0000 0.0387 4.2883
v  -0.3738 0.0387 4.2721
v  -0.3738 0.0423 4.2721
v  1.1099 0.0317 4.1423
v  1.4667 0.0317 4.0297
v  1.4667 0.0352 4.0297
v  1.1099 0.0352 4.1423
v  2.1443 0.0317 3.7140
v  1.8124 0.0317 3.8866
v  2.1443 0.0352 3.7140
v  1.8124 0.0352 3.8866
v  2.1443 0.0423 3.7140
v  1.8124 0.0423 3.8866
v  1.8124 0.0387 3.8866
v  2.1443 0.0387 3.7140
v  1.4667 0.0423 4.0297
v  1.4667 0.0387 4.0297
v  1.1099 0.0387 4.1423
v  1.1099 0.0423 4.1423
v  2.4597 0.0317 3.5129
v  2.7565 0.0317 3.2851
v  2.7565 0.0352 3.2851
v  2.4597 0.0352 3.5129
v  3.2853 0.0317 2.7567
v  3.0324 0.0317 3.0324
v  3.2853 0.0352 2.7567
v  3.0324 0.0352 3.0324
v  3.2853 0.0423 2.7567
v  3.0324 0.0423 3.0324
v  3.0324 0.0387 3.0324
v  3.2853 0.0387 2.7567
v  2.7565 0.0423 3.2851
v  2.7565 0.0387 3.2851
v  2.4597 0.0387 3.5129
v  2.4597 0.0423 3.5129
v  3.5129 0.0317 2.4598
v  3.7138 0.0317 2.1442
v  3.7138 0.0352 2.1442
v  3.5129 0.0352 2.4598
v  4.0300 0.0317 1.4668
v  3.8867 0.0317 1.8124
v  4.0300 0.0352 1.4668
v  3.8867 0.0352 1.8124
v  4.0300 0.0423 1.4668
v  3.8867 0.0423 1.8124
v  3.8867 0.0387 1.8124
v  4.0300 0.0387 1.4668
v  3.7138 0.0423 2.1442
v  3.7138 0.0387 2.1442
v  3.5129 0.0387 2.4598
v  3.5129 0.0423 2.4598
v  4.1423 0.0317 1.1100
v  4.2232 0.0317 0.7447
v  4.2232 0.0352 0.7447
v  4.1423 0.0352 1.1100
v  4.2721 0.0317 0.3737
v  4.2721 0.0352 0.3737
v  4.2721 0.0423 0.3737
v  4.2721 0.0387 0.3737
v  4.2232 0.0423 0.7447
v  4.2232 0.0387 0.7447
v  4.1423 0.0387 1.1100
v  4.1423 0.0423 1.1100
v  4.2721 0.0458 -0.3737
v  4.2886 0.0458 0.0000
v  4.2232 0.0458 -0.7447
v  4.2232 0.0493 -0.7447
v  4.2721 0.0493 -0.3737
v  4.2886 0.0493 0.0000
v  4.0300 0.0458 -1.4668
v  4.1423 0.0458 -1.1100
v  4.0300 0.0493 -1.4668
v  4.1423 0.0493 -1.1100
v  4.0300 0.0563 -1.4668
v  4.1423 0.0563 -1.1100
v  4.1423 0.0528 -1.1100
v  4.0300 0.0528 -1.4668
v  4.2232 0.0563 -0.7447
v  4.2232 0.0528 -0.7447
v  4.2886 0.0563 0.0000
v  4.2886 0.0528 0.0000
v  4.2721 0.0528 -0.3737
v  4.2721 0.0563 -0.3737
v  3.8867 0.0458 -1.8124
v  3.7138 0.0458 -2.1442
v  3.7138 0.0493 -2.1442
v  3.8867 0.0493 -1.8124
v  3.2853 0.0458 -2.7567
v  3.5129 0.0458 -2.4598
v  3.2853 0.0493 -2.7567
v  3.5129 0.0493 -2.4598
v  3.2853 0.0563 -2.7567
v  3.5129 0.0563 -2.4598
v  3.5129 0.0528 -2.4598
v  3.2853 0.0528 -2.7567
v  3.7138 0.0563 -2.1442
v  3.7138 0.0528 -2.1442
v  3.8867 0.0528 -1.8124
v  3.8867 0.0563 -1.8124
v  3.0324 0.0458 -3.0324
v  2.7565 0.0458 -3.2851
v  2.7565 0.0493 -3.2851
v  3.0324 0.0493 -3.0324
v  2.1443 0.0458 -3.7140
v  2.4597 0.0458 -3.5129
v  2.1443 0.0493 -3.7140
v  2.4597 0.0493 -3.5129
v  2.1443 0.0563 -3.7140
v  2.4597 0.0563 -3.5129
v  2.4597 0.0528 -3.5129
v  2.1443 0.0528 -3.7140
v  2.7565 0.0563 -3.2851
v  2.7565 0.0528 -3.2851
v  3.0324 0.0528 -3.0324
v  3.0324 0.0563 -3.0324
v  1.8124 0.0458 -3.8866
v  1.4667 0.0458 -4.0297
v  1.4667 0.0493 -4.0297
v  1.8124 0.0493 -3.8866
v  0.7447 0.0458 -4.2234
v  1.1099 0.0458 -4.1423
v  0.7447 0.0493 -4.2234
v  1.1099 0.0493 -4.1423
v  0.7447 0.0563 -4.2234
v  1.1099 0.0563 -4.1423
v  1.1099 0.0528 -4.1423
v  0.7447 0.0528 -4.2234
v  1.4667 0.0563 -4.0297
v  1.4667 0.0528 -4.0297
v  1.8124 0.0528 -3.8866
v  1.8124 0.0563 -3.8866
v  0.3738 0.0458 -4.2721
v  -0.0000 0.0458 -4.2883
v  -0.0000 0.0493 -4.2883
v  0.3738 0.0493 -4.2721
v  -0.7447 0.0458 -4.2234
v  -0.3738 0.0458 -4.2721
v  -0.7447 0.0493 -4.2234
v  -0.3738 0.0493 -4.2721
v  -0.7447 0.0563 -4.2234
v  -0.3738 0.0563 -4.2721
v  -0.3738 0.0528 -4.2721
v  -0.7447 0.0528 -4.2234
v  -0.0000 0.0563 -4.2883
v  -0.0000 0.0528 -4.2883
v  0.3738 0.0528 -4.2721
v  0.3738 0.0563 -4.2721
v  -1.1099 0.0458 -4.1423
v  -1.4667 0.0458 -4.0297
v  -1.4667 0.0493 -4.0297
v  -1.1099 0.0493 -4.1423
v  -2.1443 0.0458 -3.7140
v  -1.8124 0.0458 -3.8866
v  -2.1443 0.0493 -3.7140
v  -1.8124 0.0493 -3.8866
v  -2.1443 0.0563 -3.7140
v  -1.8124 0.0563 -3.8866
v  -1.8124 0.0528 -3.8866
v  -2.1443 0.0528 -3.7140
v  -1.4667 0.0563 -4.0297
v  -1.4667 0.0528 -4.0297
v  -1.1099 0.0528 -4.1423
v  -1.1099 0.0563 -4.1423
v  -2.4597 0.0458 -3.5129
v  -2.7565 0.0458 -3.2851
v  -2.7565 0.0493 -3.2851
v  -2.4597 0.0493 -3.5129
v  -3.2853 0.0458 -2.7567
v  -3.0324 0.0458 -3.0324
v  -3.2853 0.0493 -2.7567
v  -3.0324 0.0493 -3.0324
v  -3.2853 0.0563 -2.7567
v  -3.0324 0.0563 -3.0324
v  -3.0324 0.0528 -3.0324
v  -3.2853 0.0528 -2.7567
v  -2.7565 0.0563 -3.2851
v  -2.7565 0.0528 -3.2851
v  -2.4597 0.0528 -3.5129
v  -2.4597 0.0563 -3.5129
v  -3.5129 0.0458 -2.4598
v  -3.7138 0.0458 -2.1442
v  -3.7138 0.0493 -2.1442
v  -3.5129 0.0493 -2.4598
v  -4.0300 0.0458 -1.4668
v  -3.8867 0.0458 -1.8124
v  -4.0300 0.0493 -1.4668
v  -3.8867 0.0493 -1.8124
v  -4.0300 0.0563 -1.4668
v  -3.8867 0.0563 -1.8124
v  -3.8867 0.0528 -1.8124
v  -4.0300 0.0528 -1.4668
v  -3.7138 0.0563 -2.1442
v  -3.7138 0.0528 -2.1442
v  -3.5129 0.0528 -2.4598
v  -3.5129 0.0563 -2.4598
v  -4.1423 0.0458 -1.1100
v  -4.2232 0.0458 -0.7447
v  -4.2232 0.0493 -0.7447
v  -4.1423 0.0493 -1.1100
v  -4.2886 0.0458 -0.0000
v  -4.2721 0.0458 -0.3737
v  -4.2886 0.0493 -0.0000
v  -4.2721 0.0493 -0.3737
v  -4.2886 0.0563 -0.0000
v  -4.2721 0.0563 -0.3737
v  -4.2721 0.0528 -0.3737
v  -4.2886 0.0528 -0.0000
v  -4.2232 0.0563 -0.7447
v  -4.2232 0.0528 -0.7447
v  -4.1423 0.0528 -1.1100
v  -4.1423 0.0563 -1.1100
v  -4.2721 0.0458 0.3737
v  -4.2232 0.0458 0.7447
v  -4.2232 0.0493 0.7447
v  -4.2721 0.0493 0.3737
v  -4.0300 0.0458 1.4668
v  -4.1423 0.0458 1.1100
v  -4.0300 0.0493 1.4668
v  -4.1423 0.0493 1.1100
v  -4.0300 0.0563 1.4668
v  -4.1423 0.0563 1.1100
v  -4.1423 0.0528 1.1100
v  -4.0300 0.0528 1.4668
v  -4.2232 0.0563 0.7447
v  -4.2232 0.0528 0.7447
v  -4.2721 0.0528 0.3737
v  -4.2721 0.0563 0.3737
v  -3.8867 0.0458 1.8124
v  -3.7138 0.0458 2.1442
v  -3.7138 0.0493 2.1442
v  -3.8867 0.0493 1.8124
v  -3.2853 0.0458 2.7567
v  -3.5129 0.0458 2.4598
v  -3.2853 0.0493 2.7567
v  -3.5129 0.0493 2.4598
v  -3.2853 0.0563 2.7567
v  -3.5129 0.0563 2.4598
v  -3.5129 0.0528 2.4598
v  -3.2853 0.0528 2.7567
v  -3.7138 0.0563 2.1442
v  -3.7138 0.0528 2.1442
v  -3.8867 0.0528 1.8124
v  -3.8867 0.0563 1.8124
v  -3.0324 0.0458 3.0324
v  -2.7565 0.0458 3.2851
v  -2.7565 0.0493 3.2851
v  -3.0324 0.0493 3.0324
v  -2.1443 0.0458 3.7140
v  -2.4597 0.0458 3.5129
v  -2.1443 0.0493 3.7140
v  -2.4597 0.0493 3.5129
v  -2.1443 0.0563 3.7140
v  -2.4597 0.0563 3.5129
v  -2.4597 0.0528 3.5129
v  -2.1443 0.0528 3.7140
v  -2.7565 0.0563 3.2851
v  -2.7565 0.0528 3.2851
v  -3.0324 0.0528 3.0324
v  -3.0324 0.0563 3.0324
v  -1.8124 0.0458 3.8866
v  -1.4667 0.0458 4.0297
v  -1.4667 0.0493 4.0297
v  -1.8124 0.0493 3.8866
v  -0.7447 0.0458 4.2234
v  -1.1099 0.0458 4.1423
v  -0.7447 0.0493 4.2234
v  -1.1099 0.0493 4.1423
v  -0.7447 0.0563 4.2234
v  -1.1099 0.0563 4.1423
v  -1.1099 0.0528 4.1423
v  -0.7447 0.0528 4.2234
v  -1.4667 0.0563 4.0297
v  -1.4667 0.0528 4.0297
v  -1.8124 0.0528 3.8866
v  -1.8124 0.0563 3.8866
v  -0.3738 0.0458 4.2721
v  -0.0000 0.0458 4.2883
v  -0.0000 0.0493 4.2883
v  -0.3738 0.0493 4.2721
v  0.7447 0.0458 4.2234
v  0.3738 0.0458 4.2721
v  0.7447 0.0493 4.2235
v  0.3738 0.0493 4.2721
v  0.7447 0.0563 4.2234
v  0.3738 0.0563 4.2721
v  0.3738 0.0528 4.2721
v  0.7447 0.0528 4.2234
v  -0.0000 0.0563 4.2883
v  -0.0000 0.0528 4.2883
v  -0.3738 0.0528 4.2721
v  -0.3738 0.0563 4.2721
v  1.1099 0.0458 4.1423
v  1.4667 0.0458 4.0297
v  1.4667 0.0493 4.0297
v  1.1099 0.0493 4.1423
v  2.1443 0.0458 3.7140
v  1.8124 0.0458 3.8866
v  2.1443 0.0493 3.7140
v  1.8124 0.0493 3.8866
v  2.1443 0.0563 3.7140
v  1.8124 0.0563 3.8866
v  1.8124 0.0528 3.8866
v  2.1443 0.0528 3.7140
v  1.4667 0.0563 4.0297
v  1.4667 0.0528 4.0297
v  1.1099 0.0528 4.1423
v  1.1099 0.0563 4.1423
v  2.4597 0.0458 3.5129
v  2.7565 0.0458 3.2851
v  2.7565 0.0493 3.2851
v  2.4597 0.0493 3.5129
v  3.2853 0.0458 2.7567
v  3.0324 0.0458 3.0324
v  3.2853 0.0493 2.7567
v  3.0324 0.0493 3.0324
v  3.2853 0.0563 2.7567
v  3.0324 0.0563 3.0324
v  3.0324 0.0528 3.0324
v  3.2853 0.0528 2.7567
v  2.7565 0.0563 3.2851
v  2.7565 0.0528 3.2851
v  2.4597 0.0528 3.5129
v  2.4597 0.0563 3.5129
v  3.5129 0.0458 2.4598
v  3.7138 0.0458 2.1442
v  3.7138 0.0493 2.1442
v  3.5129 0.0493 2.4598
v  4.0300 0.0458 1.4668
v  3.8867 0.0458 1.8124
v  4.0300 0.0493 1.4668
v  3.8867 0.0493 1.8124
v  4.0300 0.0563 1.4668
v  3.8867 0.0563 1.8124
v  3.8867 0.0528 1.8124
v  4.0300 0.0528 1.4668
v  3.7138 0.0563 2.1442
v  3.7138 0.0528 2.1442
v  3.5129 0.0528 2.4598
v  3.5129 0.0563 2.4598
v  4.1423 0.0458 1.1100
v  4.2232 0.0458 0.7447
v  4.2232 0.0493 0.7447
v  4.1423 0.0493 1.1100
v  4.2721 0.0458 0.3737
v  4.2721 0.0493 0.3737
v  4.2721 0.0563 0.3737
v  4.2721 0.0528 0.3737
v  4.2232 0.0563 0.7447
v  4.2232 0.0528 0.7447
v  4.1423 0.0528 1.1100
v  4.1423 0.0563 1.1100
v  4.2721 0.0599 -0.3737
v  4.2886 0.0599 0.0000
v  4.2232 0.0599 -0.7447
v  4.1085 0.0631 -0.7244
v  4.1742 0.0631 -0.3621
v  4.2079 0.0630 0.0000
v  4.0300 0.0599 -1.4668
v  4.1423 0.0599 -1.1100
v  3.9541 0.0630 -1.4392
v  4.0463 0.0631 -1.0874
v  3.3783 0.0670 -1.2296
v  3.2230 0.0676 -0.9369
v  3.7581 0.0657 -1.0198
v  3.7266 0.0655 -1.3564
v  3.1002 0.0679 -0.5467
v  3.7642 0.0659 -0.6637
v  3.5951 0.0670 0.0000
v  3.9658 0.0655 0.0000
v  3.8803 0.0657 -0.3270
v  3.3490 0.0676 -0.2219
v  3.8867 0.0599 -1.8124
v  3.7138 0.0599 -2.1442
v  3.6129 0.0631 -2.0859
v  3.7986 0.0631 -1.7679
v  3.2853 0.0599 -2.7567
v  3.5129 0.0599 -2.4598
v  3.2234 0.0630 -2.7048
v  3.4303 0.0631 -2.4057
v  2.7540 0.0670 -2.3109
v  2.7082 0.0676 -1.9827
v  3.1827 0.0657 -2.2437
v  3.0380 0.0655 -2.5491
v  2.7263 0.0679 -1.5740
v  3.3102 0.0659 -1.9112
v  3.5344 0.0657 -1.6344
v  3.0712 0.0676 -1.3540
v  3.0324 0.0599 -3.0324
v  2.7565 0.0599 -3.2851
v  2.6816 0.0631 -3.1958
v  2.9649 0.0631 -2.9605
v  2.1443 0.0599 -3.7140
v  2.4597 0.0599 -3.5129
v  2.1039 0.0630 -3.6441
v  2.4006 0.0631 -3.4339
v  1.7975 0.0670 -3.1134
v  1.8667 0.0676 -2.7894
v  2.2233 0.0657 -3.1969
v  1.9829 0.0655 -3.4345
v  2.0235 0.0679 -2.4115
v  2.4569 0.0659 -2.9281
v  2.7623 0.0657 -2.7447
v  2.4229 0.0676 -2.3227
v  1.8124 0.0599 -3.8866
v  1.4667 0.0599 -4.0297
v  1.4269 0.0631 -3.9202
v  1.7735 0.0631 -3.7960
v  0.7447 0.0599 -4.2234
v  1.1099 0.0599 -4.1423
v  0.7307 0.0630 -4.1440
v  1.0814 0.0631 -4.0479
v  0.6243 0.0670 -3.5405
v  0.8001 0.0676 -3.2596
v  0.9959 0.0657 -3.7645
v  0.6886 0.0655 -3.9055
v  1.0767 0.0679 -2.9582
v  1.3073 0.0659 -3.5918
v  1.6569 0.0657 -3.5239
v  1.4823 0.0676 -3.0113
v  0.3738 0.0599 -4.2721
v  -0.0000 0.0599 -4.2883
v  -0.0000 0.0631 -4.1718
v  0.3683 0.0631 -4.1736
v  -0.7447 0.0599 -4.2234
v  -0.3738 0.0599 -4.2721
v  -0.7307 0.0630 -4.1440
v  -0.3683 0.0631 -4.1736
v  -0.6243 0.0670 -3.5405
v  -0.3630 0.0676 -3.3367
v  -0.3517 0.0657 -3.8781
v  -0.6886 0.0655 -3.9055
v  -0.0000 0.0679 -3.1480
v  -0.0000 0.0659 -3.8223
v  0.3517 0.0657 -3.8781
v  0.3630 0.0676 -3.3367
v  -1.1099 0.0599 -4.1423
v  -1.4667 0.0599 -4.0297
v  -1.4269 0.0631 -3.9202
v  -1.0814 0.0631 -4.0479
v  -2.1443 0.0599 -3.7140
v  -1.8124 0.0599 -3.8866
v  -2.1039 0.0630 -3.6441
v  -1.7735 0.0631 -3.7960
v  -1.7975 0.0670 -3.1134
v  -1.4823 0.0676 -3.0113
v  -1.6569 0.0657 -3.5239
v  -1.9829 0.0655 -3.4345
v  -1.0767 0.0679 -2.9582
v  -1.3073 0.0659 -3.5918
v  -0.9959 0.0657 -3.7645
v  -0.8001 0.0676 -3.2596
v  -2.4597 0.0599 -3.5129
v  -2.7565 0.0599 -3.2851
v  -2.6816 0.0631 -3.1958
v  -2.4006 0.0631 -3.4339
v  -3.2853 0.0599 -2.7567
v  -3.0324 0.0599 -3.0324
v  -3.2234 0.0630 -2.7048
v  -2.9649 0.0631 -2.9605
v  -2.7540 0.0670 -2.3109
v  -2.4229 0.0676 -2.3227
v  -2.7623 0.0657 -2.7447
v  -3.0380 0.0655 -2.5491
v  -2.0235 0.0679 -2.4115
v  -2.4569 0.0659 -2.9281
v  -2.2233 0.0657 -3.1969
v  -1.8667 0.0676 -2.7894
v  -3.5129 0.0599 -2.4598
v  -3.7138 0.0599 -2.1442
v  -3.6129 0.0631 -2.0859
v  -3.4303 0.0631 -2.4057
v  -4.0300 0.0599 -1.4668
v  -3.8867 0.0599 -1.8124
v  -3.9541 0.0630 -1.4392
v  -3.7986 0.0631 -1.7679
v  -3.3783 0.0670 -1.2296
v  -3.0712 0.0676 -1.3540
v  -3.5344 0.0657 -1.6344
v  -3.7266 0.0655 -1.3564
v  -2.7263 0.0679 -1.5740
v  -3.3102 0.0659 -1.9112
v  -3.1827 0.0657 -2.2437
v  -2.7082 0.0676 -1.9827
v  -4.1423 0.0599 -1.1100
v  -4.2232 0.0599 -0.7447
v  -4.1085 0.0631 -0.7244
v  -4.0463 0.0631 -1.0874
v  -4.2886 0.0599 -0.0000
v  -4.2721 0.0599 -0.3737
v  -4.2079 0.0630 -0.0000
v  -4.1742 0.0631 -0.3621
v  -3.5951 0.0670 -0.0000
v  -3.3490 0.0676 -0.2219
v  -3.8803 0.0657 -0.3270
v  -3.9658 0.0655 -0.0000
v  -3.1002 0.0679 -0.5467
v  -3.7642 0.0659 -0.6637
v  -3.7581 0.0657 -1.0198
v  -3.2230 0.0676 -0.9369
v  -4.2721 0.0599 0.3737
v  -4.2232 0.0599 0.7447
v  -4.1085 0.0631 0.7244
v  -4.1742 0.0631 0.3621
v  -4.0300 0.0599 1.4668
v  -4.1423 0.0599 1.1100
v  -3.9541 0.0630 1.4392
v  -4.0463 0.0631 1.0874
v  -3.3783 0.0670 1.2296
v  -3.2230 0.0676 0.9369
v  -3.7581 0.0657 1.0198
v  -3.7266 0.0655 1.3564
v  -3.1002 0.0679 0.5467
v  -3.7642 0.0659 0.6637
v  -3.8803 0.0657 0.3270
v  -3.3490 0.0676 0.2219
v  -3.8867 0.0599 1.8124
v  -3.7138 0.0599 2.1442
v  -3.6129 0.0631 2.0859
v  -3.7986 0.0631 1.7679
v  -3.2853 0.0599 2.7567
v  -3.5129 0.0599 2.4598
v  -3.2234 0.0630 2.7048
v  -3.4303 0.0631 2.4057
v  -2.7540 0.0670 2.3109
v  -2.7082 0.0676 1.9827
v  -3.1827 0.0657 2.2437
v  -3.0380 0.0655 2.5491
v  -2.7263 0.0679 1.5740
v  -3.3102 0.0659 1.9112
v  -3.5344 0.0657 1.6344
v  -3.0712 0.0676 1.3540
v  -3.0324 0.0599 3.0324
v  -2.7565 0.0599 3.2851
v  -2.6816 0.0631 3.1958
v  -2.9649 0.0631 2.9605
v  -2.1443 0.0599 3.7140
v  -2.4597 0.0599 3.5129
v  -2.1039 0.0630 3.6441
v  -2.4006 0.0631 3.4339
v  -1.7975 0.0670 3.1134
v  -1.8667 0.0676 2.7894
v  -2.2233 0.0657 3.1969
v  -1.9829 0.0655 3.4345
v  -2.0235 0.0679 2.4115
v  -2.4569 0.0659 2.9281
v  -2.7623 0.0657 2.7447
v  -2.4229 0.0676 2.3227
v  -1.8124 0.0599 3.8866
v  -1.4667 0.0599 4.0297
v  -1.4269 0.0631 3.9202
v  -1.7735 0.0631 3.7960
v  -0.7447 0.0599 4.2234
v  -1.1099 0.0599 4.1423
v  -0.7307 0.0630 4.1440
v  -1.0814 0.0631 4.0479
v  -0.6243 0.0670 3.5405
v  -0.8001 0.0676 3.2596
v  -0.9959 0.0657 3.7645
v  -0.6886 0.0655 3.9055
v  -1.0767 0.0679 2.9582
v  -1.3073 0.0659 3.5918
v  -1.6569 0.0657 3.5239
v  -1.4823 0.0676 3.0113
v  -0.3738 0.0599 4.2721
v  -0.0000 0.0599 4.2883
v  -0.0000 0.0631 4.1718
v  -0.3683 0.0631 4.1736
v  0.7447 0.0599 4.2234
v  0.3738 0.0599 4.2721
v  0.7307 0.0630 4.1440
v  0.3683 0.0631 4.1736
v  0.6243 0.0670 3.5405
v  0.3630 0.0676 3.3367
v  0.3517 0.0657 3.8781
v  0.6886 0.0655 3.9055
v  -0.0000 0.0679 3.1480
v  -0.0000 0.0659 3.8223
v  -0.3517 0.0657 3.8781
v  -0.3630 0.0676 3.3367
v  1.1099 0.0599 4.1423
v  1.4667 0.0599 4.0297
v  1.4269 0.0631 3.9202
v  1.0814 0.0631 4.0479
v  2.1443 0.0599 3.7140
v  1.8124 0.0599 3.8866
v  2.1039 0.0630 3.6441
v  1.7735 0.0631 3.7960
v  1.7975 0.0670 3.1134
v  1.4823 0.0676 3.0113
v  1.6569 0.0657 3.5239
v  1.9829 0.0655 3.4345
v  1.0767 0.0679 2.9582
v  1.3073 0.0659 3.5918
v  0.9959 0.0657 3.7645
v  0.8001 0.0676 3.2596
v  2.4597 0.0599 3.5129
v  2.7565 0.0599 3.2851
v  2.6816 0.0631 3.1958
v  2.4006 0.0631 3.4339
v  3.2853 0.0599 2.7567
v  3.0324 0.0599 3.0324
v  3.2234 0.0630 2.7048
v  2.9649 0.0631 2.9605
v  2.7540 0.0670 2.3109
v  2.4229 0.0676 2.3227
v  2.7623 0.0657 2.7447
v  3.0380 0.0655 2.5491
v  2.0235 0.0679 2.4115
v  2.4569 0.0659 2.9281
v  2.2233 0.0657 3.1969
v  1.8667 0.0676 2.7894
v  3.5129 0.0599 2.4598
v  3.7138 0.0599 2.1442
v  3.6129 0.0631 2.0859
v  3.4303 0.0631 2.4057
v  4.0300 0.0599 1.4668
v  3.8867 0.0599 1.8124
v  3.9541 0.0630 1.4392
v  3.7986 0.0631 1.7679
v  3.3783 0.0670 1.2296
v  3.0712 0.0676 1.3540
v  3.5344 0.0657 1.6344
v  3.7266 0.0655 1.3564
v  2.7263 0.0679 1.5740
v  3.3102 0.0659 1.9112
v  3.1827 0.0657 2.2437
v  2.7082 0.0676 1.9827
v  4.1423 0.0599 1.1100
v  4.2232 0.0599 0.7447
v  4.1085 0.0631 0.7244
v  4.0463 0.0631 1.0874
v  4.2721 0.0599 0.3737
v  4.1742 0.0631 0.3621
v  3.3490 0.0676 0.2219
v  3.8803 0.0657 0.3270
v  3.1002 0.0679 0.5467
v  3.7642 0.0659 0.6637
v  3.7581 0.0657 1.0198
v  3.2230 0.0676 0.9369
v  2.3859 0.0688 0.8684
v  2.0261 0.0692 0.3573
v  -0.0000 0.0702 0.0000
v  1.7817 0.0692 1.0287
v  2.5391 0.0688 0.0000
v  2.0261 0.0692 -0.3573
v  2.3859 0.0688 -0.8684
v  1.7817 0.0692 -1.0287
v  1.9450 0.0688 -1.6321
v  1.3224 0.0692 -1.5760
v  1.2695 0.0688 -2.1989
v  0.7037 0.0692 -1.9333
v  0.4409 0.0688 -2.5005
v  -0.0000 0.0692 -2.0573
v  -0.4409 0.0688 -2.5005
v  -0.7037 0.0692 -1.9333
v  -1.2695 0.0688 -2.1989
v  -1.3224 0.0692 -1.5760
v  -1.9450 0.0688 -1.6321
v  -1.7817 0.0692 -1.0287
v  -2.3859 0.0688 -0.8684
v  -2.0261 0.0692 -0.3573
v  -2.5391 0.0688 -0.0000
v  -2.0261 0.0692 0.3573
v  -2.3859 0.0688 0.8684
v  -1.7817 0.0692 1.0287
v  -1.9450 0.0688 1.6321
v  -1.3224 0.0692 1.5760
v  -1.2695 0.0688 2.1989
v  -0.7037 0.0692 1.9333
v  -0.4409 0.0688 2.5005
v  -0.0000 0.0692 2.0573
v  0.4409 0.0688 2.5005
v  0.7037 0.0692 1.9333
v  1.2695 0.0688 2.1989
v  1.3224 0.0692 1.5760
v  1.9450 0.0688 1.6321
# 1586 vertices

vn 0.0117 -0.9999 0.0043
vn 0.0074 -1.0000 0.0040
vn 0.0038 -1.0000 0.0014
vn 0.0082 -1.0000 0.0017
vn 0.0054 -1.0000 0.0031
vn 0.0020 -1.0000 0.0012
vn -0.0000 -1.0000 0.0000
vn 0.0023 -1.0000 0.0004
vn 0.0061 -1.0000 0.0011
vn 0.0095 -0.9999 0.0080
vn 0.0056 -1.0000 0.0063
vn 0.0031 -1.0000 0.0026
vn 0.0071 -1.0000 0.0045
vn 0.0040 -1.0000 0.0048
vn 0.0015 -1.0000 0.0018
vn 0.0062 -0.9999 0.0108
vn 0.0031 -1.0000 0.0078
vn 0.0020 -1.0000 0.0035
vn 0.0052 -1.0000 0.0066
vn 0.0021 -1.0000 0.0058
vn 0.0008 -1.0000 0.0022
vn 0.0022 -0.9999 0.0123
vn 0.0003 -1.0000 0.0084
vn 0.0007 -1.0000 0.0040
vn 0.0026 -1.0000 0.0080
vn -0.0000 -1.0000 0.0062
vn -0.0000 -1.0000 0.0023
vn -0.0022 -0.9999 0.0123
vn -0.0026 -1.0000 0.0080
vn -0.0007 -1.0000 0.0040
vn -0.0003 -1.0000 0.0084
vn -0.0021 -1.0000 0.0058
vn -0.0008 -1.0000 0.0022
vn -0.0062 -0.9999 0.0108
vn -0.0052 -1.0000 0.0066
vn -0.0020 -1.0000 0.0035
vn -0.0031 -1.0000 0.0078
vn -0.0040 -1.0000 0.0048
vn -0.0015 -1.0000 0.0018
vn -0.0095 -0.9999 0.0080
vn -0.0071 -1.0000 0.0045
vn -0.0031 -1.0000 0.0026
vn -0.0056 -1.0000 0.0063
vn -0.0054 -1.0000 0.0031
vn -0.0020 -1.0000 0.0012
vn -0.0117 -0.9999 0.0043
vn -0.0082 -1.0000 0.0017
vn -0.0038 -1.0000 0.0014
vn -0.0074 -1.0000 0.0040
vn -0.0061 -1.0000 0.0011
vn -0.0023 -1.0000 0.0004
vn -0.0125 -0.9999 -0.0000
vn -0.0083 -1.0000 -0.0012
vn -0.0040 -1.0000 -0.0000
vn -0.0083 -1.0000 0.0012
vn -0.0061 -1.0000 -0.0011
vn -0.0023 -1.0000 -0.0004
vn -0.0117 -0.9999 -0.0043
vn -0.0074 -1.0000 -0.0040
vn -0.0038 -1.0000 -0.0014
vn -0.0082 -1.0000 -0.0017
vn -0.0054 -1.0000 -0.0031
vn -0.0020 -1.0000 -0.0012
vn -0.0095 -0.9999 -0.0080
vn -0.0056 -1.0000 -0.0063
vn -0.0031 -1.0000 -0.0026
vn -0.0071 -1.0000 -0.0045
vn -0.0040 -1.0000 -0.0048
vn -0.0015 -1.0000 -0.0018
vn -0.0062 -0.9999 -0.0108
vn -0.0031 -1.0000 -0.0078
vn -0.0020 -1.0000 -0.0035
vn -0.0052 -1.0000 -0.0066
vn -0.0021 -1.0000 -0.0058
vn -0.0008 -1.0000 -0.0022
vn -0.0022 -0.9999 -0.0123
vn -0.0003 -1.0000 -0.0084
vn -0.0007 -1.0000 -0.0040
vn -0.0026 -1.0000 -0.0080
vn -0.0000 -1.0000 -0.0062
vn -0.0000 -1.0000 -0.0023
vn 0.0022 -0.9999 -0.0123
vn 0.0026 -1.0000 -0.0080
vn 0.0007 -1.0000 -0.0040
vn 0.0003 -1.0000 -0.0084
vn 0.0021 -1.0000 -0.0058
vn 0.0008 -1.0000 -0.0022
vn 0.0062 -0.9999 -0.0108
vn 0.0052 -1.0000 -0.0066
vn 0.0020 -1.0000 -0.0035
vn 0.0031 -1.0000 -0.0078
vn 0.0040 -1.0000 -0.0048
vn 0.0015 -1.0000 -0.0018
vn 0.0095 -0.9999 -0.0080
vn 0.0071 -1.0000 -0.0045
vn 0.0031 -1.0000 -0.0026
vn 0.0056 -1.0000 -0.0063
vn 0.0054 -1.0000 -0.0031
vn 0.0020 -1.0000 -0.0012
vn 0.0117 -0.9999 -0.0043
vn 0.0082 -1.0000 -0.0017
vn 0.0038 -1.0000 -0.0014
vn 0.0074 -1.0000 -0.0040
vn 0.0061 -1.0000 -0.0011
vn 0.0023 -1.0000 -0.0004
vn 0.0125 -0.9999 0.0000
vn 0.0083 -1.0000 0.0012
vn 0.0040 -1.0000 0.0000
vn 0.0083 -1.0000 -0.0012
vn 0.0211 -0.9998 -0.0047
vn 0.0261 -0.9997 0.0000
vn 0.0176 -0.9998 -0.0031
vn 0.0604 -0.9981 -0.0107
vn 0.0715 -0.9974 -0.0094
vn 0.0877 -0.9961 0.0000
vn 0.0246 -0.9997 -0.0089
vn 0.0214 -0.9998 -0.0028
vn 0.0824 -0.9961 -0.0300
vn 0.0704 -0.9974 -0.0156
vn 0.9397 -0.0000 -0.3420
vn 0.9660 0.0000 -0.2585
vn 0.7280 -0.6574 -0.1947
vn 0.7150 -0.6489 -0.2602
vn 0.9848 -0.0000 -0.1736
vn 0.7370 -0.6633 -0.1300
vn 1.0000 0.0000 -0.0000
vn 0.7609 -0.6489 0.0000
vn 0.7506 -0.6574 -0.0660
vn 0.9962 0.0000 -0.0875
vn 0.0182 -0.9998 -0.0116
vn 0.0155 -0.9998 -0.0090
vn 0.0531 -0.9981 -0.0307
vn 0.0640 -0.9974 -0.0333
vn 0.0200 -0.9997 -0.0168
vn 0.0191 -0.9998 -0.0100
vn 0.0672 -0.9961 -0.0564
vn 0.0608 -0.9974 -0.0388
vn 0.7660 -0.0000 -0.6428
vn 0.8193 0.0000 -0.5733
vn 0.6175 -0.6574 -0.4320
vn 0.5828 -0.6489 -0.4891
vn 0.8660 0.0000 -0.5000
vn 0.6481 -0.6633 -0.3742
vn 0.6828 -0.6574 -0.3187
vn 0.9062 0.0000 -0.4229
vn 0.0132 -0.9998 -0.0171
vn 0.0115 -0.9998 -0.0137
vn 0.0394 -0.9981 -0.0470
vn 0.0487 -0.9974 -0.0532
vn 0.0131 -0.9997 -0.0226
vn 0.0146 -0.9998 -0.0159
vn 0.0439 -0.9961 -0.0760
vn 0.0439 -0.9974 -0.0572
vn 0.5000 0.0000 -0.8660
vn 0.5739 -0.0000 -0.8190
vn 0.4325 -0.6574 -0.6171
vn 0.3804 -0.6489 -0.6589
vn 0.6428 -0.0000 -0.7660
vn 0.4811 -0.6632 -0.5733
vn 0.5326 -0.6574 -0.5330
vn 0.7069 -0.0000 -0.7073
vn 0.0065 -0.9998 -0.0206
vn 0.0061 -0.9998 -0.0168
vn 0.0210 -0.9981 -0.0576
vn 0.0276 -0.9974 -0.0666
vn 0.0045 -0.9997 -0.0258
vn 0.0082 -0.9998 -0.0199
vn 0.0152 -0.9961 -0.0864
vn 0.0217 -0.9974 -0.0688
vn 0.1736 0.0000 -0.9848
vn 0.2591 0.0000 -0.9658
vn 0.1953 -0.6574 -0.7278
vn 0.1321 -0.6490 -0.7492
vn 0.3420 0.0000 -0.9397
vn 0.2560 -0.6632 -0.7033
vn 0.3182 -0.6574 -0.6831
vn 0.4223 0.0000 -0.9064
vn -0.0009 -0.9998 -0.0216
vn -0.0000 -0.9998 -0.0179
vn 0.0000 -0.9981 -0.0613
vn 0.0031 -0.9974 -0.0721
vn -0.0045 -0.9997 -0.0258
vn 0.0009 -0.9998 -0.0216
vn -0.0152 -0.9961 -0.0864
vn -0.0031 -0.9974 -0.0721
vn -0.1736 -0.0000 -0.9848
vn -0.0868 -0.0000 -0.9962
vn -0.0654 -0.6574 -0.7507
vn -0.1321 -0.6490 -0.7493
vn -0.0000 -0.0000 -1.0000
vn -0.0000 -0.6633 -0.7484
vn 0.0654 -0.6575 -0.7507
vn 0.0868 0.0000 -0.9962
vn -0.0082 -0.9998 -0.0199
vn -0.0061 -0.9998 -0.0168
vn -0.0210 -0.9981 -0.0576
vn -0.0217 -0.9974 -0.0688
vn -0.0131 -0.9997 -0.0226
vn -0.0065 -0.9998 -0.0206
vn -0.0439 -0.9961 -0.0760
vn -0.0276 -0.9974 -0.0666
vn -0.5000 0.0000 -0.8660
vn -0.4223 0.0000 -0.9065
vn -0.3182 -0.6574 -0.6831
vn -0.3804 -0.6489 -0.6589
vn -0.3420 0.0000 -0.9397
vn -0.2560 -0.6632 -0.7033
vn -0.1953 -0.6574 -0.7278
vn -0.2591 0.0000 -0.9658
vn -0.0146 -0.9998 -0.0159
vn -0.0115 -0.9998 -0.0137
vn -0.0394 -0.9981 -0.0470
vn -0.0439 -0.9974 -0.0572
vn -0.0200 -0.9997 -0.0168
vn -0.0132 -0.9998 -0.0171
vn -0.0672 -0.9961 -0.0564
vn -0.0487 -0.9974 -0.0532
vn -0.7660 0.0000 -0.6428
vn -0.7069 0.0000 -0.7073
vn -0.5326 -0.6574 -0.5331
vn -0.5828 -0.6490 -0.4890
vn -0.6428 0.0000 -0.7660
vn -0.4810 -0.6633 -0.5733
vn -0.4325 -0.6574 -0.6171
vn -0.5739 -0.0000 -0.8190
vn -0.0191 -0.9998 -0.0100
vn -0.0155 -0.9998 -0.0090
vn -0.0531 -0.9981 -0.0307
vn -0.0608 -0.9974 -0.0388
vn -0.0246 -0.9997 -0.0089
vn -0.0182 -0.9998 -0.0116
vn -0.0824 -0.9961 -0.0300
vn -0.0640 -0.9974 -0.0333
vn -0.9397 -0.0000 -0.3420
vn -0.9062 -0.0000 -0.4229
vn -0.6828 -0.6574 -0.3187
vn -0.7150 -0.6489 -0.2602
vn -0.8660 0.0000 -0.5000
vn -0.6482 -0.6632 -0.3742
vn -0.6174 -0.6575 -0.4319
vn -0.8193 0.0000 -0.5733
vn -0.0214 -0.9998 -0.0028
vn -0.0176 -0.9998 -0.0031
vn -0.0604 -0.9981 -0.0107
vn -0.0704 -0.9974 -0.0156
vn -0.0261 -0.9997 0.0000
vn -0.0211 -0.9998 -0.0047
vn -0.0877 -0.9961 -0.0000
vn -0.0715 -0.9974 -0.0094
vn -1.0000 0.0000 -0.0000
vn -0.9962 0.0000 -0.0875
vn -0.7506 -0.6574 -0.0660
vn -0.7609 -0.6489 -0.0000
vn -0.9848 -0.0000 -0.1736
vn -0.7370 -0.6633 -0.1300
vn -0.7279 -0.6574 -0.1947
vn -0.9660 0.0000 -0.2585
vn -0.0211 -0.9998 0.0047
vn -0.0176 -0.9998 0.0031
vn -0.0604 -0.9981 0.0107
vn -0.0715 -0.9974 0.0094
vn -0.0246 -0.9997 0.0089
vn -0.0214 -0.9998 0.0028
vn -0.0824 -0.9961 0.0300
vn -0.0704 -0.9974 0.0156
vn -0.9397 0.0000 0.3420
vn -0.9660 0.0000 0.2585
vn -0.7280 -0.6574 0.1947
vn -0.7149 -0.6490 0.2602
vn -0.9848 0.0000 0.1736
vn -0.7370 -0.6632 0.1300
vn -0.7507 -0.6574 0.0660
vn -0.9962 0.0000 0.0875
vn -0.0182 -0.9998 0.0116
vn -0.0155 -0.9998 0.0090
vn -0.0531 -0.9981 0.0307
vn -0.0640 -0.9974 0.0333
vn -0.0200 -0.9997 0.0168
vn -0.0191 -0.9998 0.0100
vn -0.0672 -0.9961 0.0564
vn -0.0608 -0.9974 0.0388
vn -0.7661 0.0000 0.6428
vn -0.8193 0.0000 0.5733
vn -0.6175 -0.6574 0.4320
vn -0.5828 -0.6489 0.4891
vn -0.8660 0.0000 0.5000
vn -0.6481 -0.6633 0.3742
vn -0.6828 -0.6575 0.3187
vn -0.9062 0.0000 0.4229
vn -0.0132 -0.9998 0.0171
vn -0.0115 -0.9998 0.0137
vn -0.0394 -0.9981 0.0470
vn -0.0487 -0.9974 0.0532
vn -0.0131 -0.9997 0.0226
vn -0.0146 -0.9998 0.0159
vn -0.0439 -0.9961 0.0760
vn -0.0439 -0.9974 0.0572
vn -0.5000 -0.0000 0.8660
vn -0.5739 -0.0000 0.8190
vn -0.4325 -0.6574 0.6171
vn -0.3804 -0.6489 0.6589
vn -0.6428 -0.0000 0.7660
vn -0.4810 -0.6633 0.5733
vn -0.5326 -0.6575 0.5330
vn -0.7069 -0.0000 0.7073
vn -0.0065 -0.9998 0.0206
vn -0.0061 -0.9998 0.0168
vn -0.0210 -0.9981 0.0576
vn -0.0276 -0.9974 0.0666
vn -0.0045 -0.9997 0.0258
vn -0.0082 -0.9998 0.0199
vn -0.0152 -0.9961 0.0864
vn -0.0217 -0.9974 0.0688
vn -0.1736 -0.0000 0.9848
vn -0.2591 -0.0000 0.9658
vn -0.1953 -0.6574 0.7278
vn -0.1321 -0.6490 0.7493
vn -0.3420 -0.0000 0.9397
vn -0.2560 -0.6632 0.7033
vn -0.3182 -0.6574 0.6831
vn -0.4223 0.0000 0.9064
vn 0.0009 -0.9998 0.0216
vn -0.0000 -0.9998 0.0179
vn -0.0000 -0.9981 0.0613
vn -0.0031 -0.9974 0.0721
vn 0.0045 -0.9997 0.0258
vn -0.0009 -0.9998 0.0216
vn 0.0152 -0.9961 0.0864
vn 0.0031 -0.9974 0.0721
vn 0.1736 -0.0000 0.9848
vn 0.0868 0.0000 0.9962
vn 0.0654 -0.6574 0.7507
vn 0.1321 -0.6490 0.7493
vn -0.0000 0.0000 1.0000
vn -0.0000 -0.6632 0.7484
vn -0.0654 -0.6574 0.7507
vn -0.0868 -0.0000 0.9962
vn 0.0082 -0.9998 0.0199
vn 0.0061 -0.9998 0.0168
vn 0.0210 -0.9981 0.0576
vn 0.0217 -0.9974 0.0688
vn 0.0131 -0.9997 0.0226
vn 0.0065 -0.9998 0.0206
vn 0.0439 -0.9961 0.0760
vn 0.0276 -0.9974 0.0666
vn 0.5000 0.0000 0.8660
vn 0.4223 0.0000 0.9065
vn 0.3182 -0.6574 0.6831
vn 0.3804 -0.6489 0.6589
vn 0.3420 0.0000 0.9397
vn 0.2560 -0.6632 0.7033
vn 0.1953 -0.6574 0.7278
vn 0.2591 0.0000 0.9658
vn 0.0146 -0.9998 0.0159
vn 0.0115 -0.9998 0.0137
vn 0.0394 -0.9981 0.0470
vn 0.0439 -0.9974 0.0572
vn 0.0200 -0.9997 0.0168
vn 0.0132 -0.9998 0.0171
vn 0.0672 -0.9961 0.0564
vn 0.0487 -0.9974 0.0532
vn 0.7660 0.0000 0.6428
vn 0.7069 -0.0000 0.7073
vn 0.5326 -0.6574 0.5330
vn 0.5828 -0.6489 0.4891
vn 0.6428 -0.0000 0.7660
vn 0.4811 -0.6632 0.5733
vn 0.4325 -0.6574 0.6171
vn 0.5739 0.0000 0.8190
vn 0.0191 -0.9998 0.0100
vn 0.0155 -0.9998 0.0090
vn 0.0531 -0.9981 0.0307
vn 0.0608 -0.9974 0.0388
vn 0.0246 -0.9997 0.0089
vn 0.0182 -0.9998 0.0116
vn 0.0824 -0.9961 0.0300
vn 0.0640 -0.9974 0.0333
vn 0.9397 -0.0000 0.3420
vn 0.9062 -0.0000 0.4229
vn 0.6828 -0.6575 0.3187
vn 0.7149 -0.6490 0.2602
vn 0.8660 0.0000 0.5000
vn 0.6482 -0.6632 0.3742
vn 0.6175 -0.6574 0.4320
vn 0.8193 0.0000 0.5733
vn 0.0214 -0.9998 0.0028
vn 0.0176 -0.9998 0.0031
vn 0.0604 -0.9981 0.0107
vn 0.0704 -0.9974 0.0156
vn 0.0211 -0.9998 0.0047
vn 0.0715 -0.9974 0.0094
vn 0.9962 0.0000 0.0875
vn 0.7506 -0.6574 0.0660
vn 0.9848 0.0000 0.1736
vn 0.7371 -0.6632 0.1300
vn 0.7279 -0.6574 0.1947
vn 0.9660 0.0000 0.2585
vn 1.0000 -0.0000 -0.0000
vn 0.9848 0.0000 -0.1737
vn 0.9962 -0.0000 -0.0875
vn 0.9397 0.0000 -0.3420
vn 0.9848 0.0000 -0.1736
vn 0.9848 -0.0000 -0.1737
vn 1.0000 0.0000 0.0000
vn 0.8660 -0.0000 -0.5000
vn 0.7660 0.0000 -0.6428
vn 0.8194 -0.0000 -0.5733
vn 0.8193 -0.0000 -0.5733
vn 0.7069 0.0000 -0.7073
vn 0.6428 0.0000 -0.7660
vn 0.5000 -0.0000 -0.8660
vn 0.5739 0.0000 -0.8190
vn 0.4223 -0.0000 -0.9064
vn 0.3420 -0.0000 -0.9397
vn 0.1737 -0.0000 -0.9848
vn 0.1737 0.0000 -0.9848
vn 0.0000 -0.0000 -1.0000
vn 0.0000 0.0000 -1.0000
vn -0.1736 0.0000 -0.9848
vn -0.0868 0.0000 -0.9962
vn -0.0000 0.0000 -1.0000
vn -0.3420 -0.0000 -0.9397
vn -0.5000 -0.0000 -0.8660
vn -0.4223 -0.0000 -0.9065
vn -0.6428 -0.0000 -0.7660
vn -0.5739 0.0000 -0.8190
vn -0.7660 -0.0000 -0.6428
vn -0.7069 -0.0000 -0.7073
vn -0.8660 -0.0000 -0.5000
vn -0.9397 0.0000 -0.3420
vn -0.9062 0.0000 -0.4229
vn -0.9848 0.0000 -0.1737
vn -0.9848 0.0000 -0.1736
vn -1.0000 -0.0000 -0.0000
vn -0.9962 -0.0000 -0.0875
vn -0.9848 -0.0000 -0.1737
vn -0.9660 -0.0000 -0.2585
vn -0.9962 -0.0000 0.0875
vn -0.9848 -0.0000 0.1737
vn -0.9848 0.0000 0.1737
vn -0.8660 -0.0000 0.5000
vn -0.9062 -0.0000 0.4229
vn -0.7660 0.0000 0.6428
vn -0.7661 -0.0000 0.6428
vn -0.7660 -0.0000 0.6428
vn -0.7069 0.0000 0.7073
vn -0.6428 0.0000 0.7660
vn -0.6428 0.0000 0.7661
vn -0.5739 0.0000 0.8190
vn -0.5000 0.0000 0.8660
vn -0.5738 0.0000 0.8190
vn -0.3420 0.0000 0.9397
vn -0.1737 -0.0000 0.9848
vn -0.2591 0.0000 0.9658
vn -0.1736 0.0000 0.9848
vn -0.1737 0.0000 0.9848
vn -0.0000 -0.0000 1.0000
vn 0.1736 0.0000 0.9848
vn 0.0868 -0.0000 0.9962
vn -0.0868 0.0000 0.9962
vn 0.3420 -0.0000 0.9397
vn 0.2591 -0.0000 0.9658
vn 0.5000 -0.0000 0.8660
vn 0.4223 0.0000 0.9064
vn 0.6428 0.0000 0.7661
vn 0.6428 0.0000 0.7660
vn 0.7660 -0.0000 0.6428
vn 0.7069 0.0000 0.7073
vn 0.8193 -0.0000 0.5733
vn 0.8660 -0.0000 0.5000
vn 0.9397 0.0000 0.3420
vn 0.9062 0.0000 0.4229
vn 0.9848 -0.0000 0.1736
vn 0.8194 0.0000 -0.5733
vn 0.5738 0.0000 0.8190
vn 0.1736 -0.0000 -0.9848
vn -0.9848 -0.0000 0.1736
vn -0.6428 -0.0000 0.7661
vn 0.7506 0.6575 -0.0660
vn 0.7609 0.6489 -0.0000
vn 0.7370 0.6633 -0.1300
vn 0.0604 0.9981 -0.0107
vn 0.0715 0.9974 -0.0094
vn 0.0877 0.9961 -0.0000
vn 0.7150 0.6489 -0.2602
vn 0.7279 0.6575 -0.1947
vn 0.0824 0.9961 -0.0300
vn 0.0704 0.9974 -0.0156
vn 0.0117 0.9999 -0.0043
vn 0.0082 1.0000 -0.0017
vn 0.0214 0.9998 -0.0028
vn 0.0246 0.9997 -0.0089
vn 0.0061 1.0000 -0.0011
vn 0.0176 0.9998 -0.0031
vn 0.0125 0.9999 0.0000
vn 0.0261 0.9997 0.0000
vn 0.0211 0.9998 -0.0047
vn 0.0083 1.0000 -0.0012
vn 0.6828 0.6574 -0.3187
vn 0.6481 0.6633 -0.3742
vn 0.0531 0.9981 -0.0307
vn 0.0640 0.9974 -0.0333
vn 0.5829 0.6489 -0.4891
vn 0.6174 0.6574 -0.4319
vn 0.0672 0.9961 -0.0564
vn 0.0608 0.9974 -0.0388
vn 0.0095 0.9999 -0.0080
vn 0.0071 1.0000 -0.0045
vn 0.0191 0.9998 -0.0100
vn 0.0200 0.9997 -0.0168
vn 0.0054 1.0000 -0.0031
vn 0.0155 0.9998 -0.0090
vn 0.0182 0.9998 -0.0116
vn 0.0074 1.0000 -0.0040
vn 0.5326 0.6574 -0.5331
vn 0.4811 0.6632 -0.5733
vn 0.0394 0.9981 -0.0470
vn 0.0487 0.9974 -0.0532
vn 0.3804 0.6489 -0.6589
vn 0.4325 0.6574 -0.6171
vn 0.0439 0.9961 -0.0760
vn 0.0439 0.9974 -0.0572
vn 0.0062 0.9999 -0.0108
vn 0.0052 1.0000 -0.0066
vn 0.0146 0.9998 -0.0159
vn 0.0131 0.9997 -0.0226
vn 0.0040 1.0000 -0.0048
vn 0.0115 0.9998 -0.0137
vn 0.0132 0.9998 -0.0171
vn 0.0056 1.0000 -0.0063
vn 0.3182 0.6574 -0.6831
vn 0.2560 0.6632 -0.7033
vn 0.0210 0.9981 -0.0577
vn 0.0276 0.9974 -0.0666
vn 0.1321 0.6490 -0.7492
vn 0.1953 0.6575 -0.7277
vn 0.0152 0.9961 -0.0864
vn 0.0217 0.9974 -0.0688
vn 0.0022 0.9999 -0.0123
vn 0.0026 1.0000 -0.0080
vn 0.0082 0.9998 -0.0199
vn 0.0045 0.9997 -0.0258
vn 0.0021 1.0000 -0.0058
vn 0.0061 0.9998 -0.0168
vn 0.0065 0.9998 -0.0206
vn 0.0031 1.0000 -0.0078
vn 0.0654 0.6575 -0.7507
vn 0.0000 0.6633 -0.7484
vn 0.0000 0.9981 -0.0613
vn 0.0031 0.9974 -0.0721
vn -0.1321 0.6490 -0.7493
vn -0.0654 0.6574 -0.7507
vn -0.0152 0.9961 -0.0864
vn -0.0031 0.9974 -0.0721
vn -0.0022 0.9999 -0.0123
vn -0.0003 1.0000 -0.0084
vn 0.0009 0.9998 -0.0216
vn -0.0045 0.9997 -0.0258
vn -0.0000 1.0000 -0.0062
vn -0.0000 0.9998 -0.0179
vn -0.0009 0.9998 -0.0216
vn 0.0003 1.0000 -0.0084
vn -0.1953 0.6574 -0.7278
vn -0.2560 0.6633 -0.7033
vn -0.0210 0.9981 -0.0577
vn -0.0217 0.9974 -0.0688
vn -0.3804 0.6489 -0.6589
vn -0.3182 0.6574 -0.6831
vn -0.0439 0.9961 -0.0760
vn -0.0276 0.9974 -0.0666
vn -0.0062 0.9999 -0.0108
vn -0.0031 1.0000 -0.0078
vn -0.0065 0.9998 -0.0206
vn -0.0131 0.9997 -0.0226
vn -0.0021 1.0000 -0.0058
vn -0.0061 0.9998 -0.0168
vn -0.0082 0.9998 -0.0199
vn -0.0026 1.0000 -0.0080
vn -0.4325 0.6574 -0.6171
vn -0.4811 0.6632 -0.5733
vn -0.0394 0.9981 -0.0470
vn -0.0439 0.9974 -0.0572
vn -0.5829 0.6489 -0.4891
vn -0.5326 0.6574 -0.5330
vn -0.0672 0.9961 -0.0564
vn -0.0487 0.9974 -0.0532
vn -0.0095 0.9999 -0.0080
vn -0.0056 1.0000 -0.0063
vn -0.0132 0.9998 -0.0171
vn -0.0200 0.9997 -0.0168
vn -0.0040 1.0000 -0.0048
vn -0.0115 0.9998 -0.0137
vn -0.0146 0.9998 -0.0159
vn -0.0052 1.0000 -0.0066
vn -0.6174 0.6575 -0.4319
vn -0.6482 0.6632 -0.3742
vn -0.0531 0.9981 -0.0307
vn -0.0608 0.9974 -0.0388
vn -0.7149 0.6490 -0.2602
vn -0.6828 0.6574 -0.3187
vn -0.0824 0.9961 -0.0300
vn -0.0640 0.9974 -0.0333
vn -0.0117 0.9999 -0.0043
vn -0.0074 1.0000 -0.0040
vn -0.0182 0.9998 -0.0116
vn -0.0246 0.9997 -0.0089
vn -0.0054 1.0000 -0.0031
vn -0.0155 0.9998 -0.0090
vn -0.0191 0.9998 -0.0100
vn -0.0071 1.0000 -0.0045
vn -0.7279 0.6575 -0.1947
vn -0.7370 0.6633 -0.1300
vn -0.0604 0.9981 -0.0107
vn -0.0704 0.9974 -0.0156
vn -0.7609 0.6489 -0.0000
vn -0.7506 0.6574 -0.0660
vn -0.0877 0.9961 -0.0000
vn -0.0715 0.9974 -0.0094
vn -0.0125 0.9999 -0.0000
vn -0.0083 1.0000 -0.0012
vn -0.0211 0.9998 -0.0047
vn -0.0261 0.9997 -0.0000
vn -0.0061 1.0000 -0.0011
vn -0.0176 0.9998 -0.0031
vn -0.0214 0.9998 -0.0028
vn -0.0082 1.0000 -0.0017
vn -0.7506 0.6575 0.0660
vn -0.7370 0.6632 0.1300
vn -0.0604 0.9981 0.0107
vn -0.0715 0.9974 0.0094
vn -0.7150 0.6489 0.2602
vn -0.7279 0.6575 0.1947
vn -0.0824 0.9961 0.0300
vn -0.0704 0.9974 0.0156
vn -0.0117 0.9999 0.0043
vn -0.0082 1.0000 0.0017
vn -0.0214 0.9998 0.0028
vn -0.0246 0.9997 0.0089
vn -0.0061 1.0000 0.0011
vn -0.0176 0.9998 0.0031
vn -0.0211 0.9998 0.0047
vn -0.0083 1.0000 0.0012
vn -0.6828 0.6574 0.3187
vn -0.6481 0.6632 0.3742
vn -0.0531 0.9981 0.0307
vn -0.0640 0.9974 0.0333
vn -0.5828 0.6489 0.4891
vn -0.6174 0.6574 0.4319
vn -0.0672 0.9961 0.0564
vn -0.0608 0.9974 0.0388
vn -0.0095 0.9999 0.0080
vn -0.0071 1.0000 0.0045
vn -0.0191 0.9998 0.0100
vn -0.0200 0.9997 0.0168
vn -0.0054 1.0000 0.0031
vn -0.0155 0.9998 0.0090
vn -0.0182 0.9998 0.0116
vn -0.0074 1.0000 0.0040
vn -0.5326 0.6574 0.5330
vn -0.4811 0.6632 0.5733
vn -0.0394 0.9981 0.0470
vn -0.0487 0.9974 0.0532
vn -0.3804 0.6490 0.6589
vn -0.4325 0.6574 0.6171
vn -0.0439 0.9961 0.0760
vn -0.0439 0.9974 0.0572
vn -0.0062 0.9999 0.0108
vn -0.0052 1.0000 0.0066
vn -0.0146 0.9998 0.0159
vn -0.0131 0.9997 0.0226
vn -0.0040 1.0000 0.0048
vn -0.0115 0.9998 0.0137
vn -0.0132 0.9998 0.0171
vn -0.0056 1.0000 0.0063
vn -0.3182 0.6574 0.6831
vn -0.2560 0.6633 0.7033
vn -0.0210 0.9981 0.0577
vn -0.0276 0.9974 0.0666
vn -0.1321 0.6489 0.7493
vn -0.1953 0.6575 0.7277
vn -0.0152 0.9961 0.0864
vn -0.0217 0.9974 0.0688
vn -0.0022 0.9999 0.0123
vn -0.0026 1.0000 0.0080
vn -0.0082 0.9998 0.0199
vn -0.0045 0.9997 0.0258
vn -0.0021 1.0000 0.0058
vn -0.0061 0.9998 0.0168
vn -0.0065 0.9998 0.0206
vn -0.0031 1.0000 0.0078
vn -0.0654 0.6574 0.7507
vn -0.0000 0.6633 0.7484
vn -0.0000 0.9981 0.0613
vn -0.0031 0.9974 0.0721
vn 0.1321 0.6489 0.7493
vn 0.0654 0.6574 0.7507
vn 0.0152 0.9961 0.0864
vn 0.0031 0.9974 0.0721
vn 0.0022 0.9999 0.0123
vn 0.0003 1.0000 0.0084
vn -0.0009 0.9998 0.0216
vn 0.0045 0.9997 0.0258
vn -0.0000 1.0000 0.0062
vn -0.0000 0.9998 0.0179
vn 0.0009 0.9998 0.0216
vn -0.0003 1.0000 0.0084
vn 0.1953 0.6574 0.7278
vn 0.2560 0.6632 0.7033
vn 0.0210 0.9981 0.0577
vn 0.0217 0.9974 0.0688
vn 0.3804 0.6489 0.6589
vn 0.3182 0.6574 0.6831
vn 0.0439 0.9961 0.0760
vn 0.0276 0.9974 0.0666
vn 0.0062 0.9999 0.0108
vn 0.0031 1.0000 0.0078
vn 0.0065 0.9998 0.0206
vn 0.0131 0.9997 0.0226
vn 0.0021 1.0000 0.0058
vn 0.0061 0.9998 0.0168
vn 0.0082 0.9998 0.0199
vn 0.0026 1.0000 0.0080
vn 0.4324 0.6575 0.6170
vn 0.4811 0.6632 0.5733
vn 0.0394 0.9981 0.0470
vn 0.0439 0.9974 0.0572
vn 0.5828 0.6489 0.4891
vn 0.5326 0.6575 0.5330
vn 0.0672 0.9961 0.0564
vn 0.0487 0.9974 0.0532
vn 0.0095 0.9999 0.0080
vn 0.0056 1.0000 0.0063
vn 0.0132 0.9998 0.0171
vn 0.0200 0.9997 0.0168
vn 0.0040 1.0000 0.0048
vn 0.0115 0.9998 0.0137
vn 0.0146 0.9998 0.0159
vn 0.0052 1.0000 0.0066
vn 0.6174 0.6574 0.4319
vn 0.6481 0.6632 0.3742
vn 0.0531 0.9981 0.0307
vn 0.0608 0.9974 0.0388
vn 0.7149 0.6490 0.2602
vn 0.6828 0.6574 0.3188
vn 0.0824 0.9961 0.0300
vn 0.0640 0.9974 0.0333
vn 0.0117 0.9999 0.0043
vn 0.0074 1.0000 0.0040
vn 0.0182 0.9998 0.0116
vn 0.0246 0.9997 0.0089
vn 0.0054 1.0000 0.0031
vn 0.0155 0.9998 0.0090
vn 0.0191 0.9998 0.0100
vn 0.0071 1.0000 0.0045
vn 0.7279 0.6574 0.1947
vn 0.7371 0.6632 0.1300
vn 0.0604 0.9981 0.0107
vn 0.0704 0.9974 0.0156
vn 0.7506 0.6574 0.0660
vn 0.0715 0.9974 0.0094
vn 0.0083 1.0000 0.0012
vn 0.0211 0.9998 0.0047
vn 0.0061 1.0000 0.0011
vn 0.0176 0.9998 0.0031
vn 0.0214 0.9998 0.0028
vn 0.0082 1.0000 0.0017
vn 0.0038 1.0000 0.0014
vn 0.0023 1.0000 0.0004
vn -0.0000 1.0000 0.0000
vn 0.0020 1.0000 0.0012
vn 0.0040 1.0000 0.0000
vn 0.0023 1.0000 -0.0004
vn 0.0038 1.0000 -0.0014
vn 0.0020 1.0000 -0.0012
vn 0.0031 1.0000 -0.0026
vn 0.0015 1.0000 -0.0018
vn 0.0020 1.0000 -0.0035
vn 0.0008 1.0000 -0.0022
vn 0.0007 1.0000 -0.0040
vn -0.0000 1.0000 -0.0023
vn -0.0007 1.0000 -0.0040
vn -0.0008 1.0000 -0.0022
vn -0.0020 1.0000 -0.0035
vn -0.0015 1.0000 -0.0018
vn -0.0031 1.0000 -0.0026
vn -0.0020 1.0000 -0.0012
vn -0.0038 1.0000 -0.0014
vn -0.0023 1.0000 -0.0004
vn -0.0040 1.0000 -0.0000
vn -0.0023 1.0000 0.0004
vn -0.0038 1.0000 0.0014
vn -0.0020 1.0000 0.0012
vn -0.0031 1.0000 0.0026
vn -0.0015 1.0000 0.0018
vn -0.0020 1.0000 0.0035
vn -0.0008 1.0000 0.0022
vn -0.0007 1.0000 0.0040
vn -0.0000 1.0000 0.0023
vn 0.0007 1.0000 0.0040
vn 0.0008 1.0000 0.0022
vn 0.0020 1.0000 0.0035
vn 0.0015 1.0000 0.0018
vn 0.0031 1.0000 0.0026
# 803 vertex normals

vt 0.3400 0.0000 -0.0000
vt 0.3039 0.0000 -0.0868
vt 0.4192 0.0000 0.0971
vt 0.4425 0.0000 0.2500
vt 0.2677 0.0000 -0.1737
vt 0.3733 0.0000 -0.0635
vt 0.5224 0.0006 0.0575
vt 0.5264 0.0043 0.2969
vt 0.5450 0.0000 0.5000
vt 0.1953 0.0000 -0.3473
vt 0.1683 0.0000 -0.4237
vt 0.2821 0.0000 -0.2397
vt 0.2315 0.0000 -0.2605
vt 0.1413 0.0000 -0.5000
vt 0.2876 0.0000 -0.2854
vt 0.0874 0.0000 -0.6527
vt 0.0728 0.0000 -0.7094
vt 0.2028 0.0000 -0.4641
vt 0.1144 0.0000 -0.5764
vt 0.0583 0.0000 -0.7660
vt 0.2363 0.0000 -0.4497
vt 0.0292 0.0000 -0.8794
vt 0.0288 0.0000 -0.9095
vt 0.1600 0.0000 -0.6307
vt 0.0437 0.0000 -0.8227
vt 0.0285 0.0000 -0.9397
vt 0.2179 0.0000 -0.5569
vt 0.0278 0.0000 -1.0000
vt 0.0417 0.0000 -1.0000
vt 0.1590 0.0000 -0.7194
vt 0.0281 0.0000 -0.9698
vt 0.0556 0.0000 -1.0000
vt 0.2346 0.0000 -0.5941
vt 0.0833 0.0000 -1.0000
vt 0.1098 0.0000 -0.9698
vt 0.1998 0.0000 -0.7194
vt 0.0694 0.0000 -1.0000
vt 0.1362 0.0000 -0.9397
vt 0.2844 0.0000 -0.5569
vt 0.1891 0.0000 -0.8794
vt 0.2250 0.0000 -0.8227
vt 0.2776 0.0000 -0.6307
vt 0.1627 0.0000 -0.9095
vt 0.2608 0.0000 -0.7660
vt 0.3613 0.0000 -0.4497
vt 0.3325 0.0000 -0.6527
vt 0.3733 0.0000 -0.5764
vt 0.3829 0.0000 -0.4641
vt 0.2966 0.0000 -0.7094
vt 0.4142 0.0000 -0.5000
vt 0.4561 0.0000 -0.2854
vt 0.4960 0.0000 -0.3473
vt 0.5370 0.0000 -0.2605
vt 0.5031 0.0000 -0.2397
vt 0.4551 0.0000 -0.4236
vt 0.5780 0.0000 -0.1736
vt 0.5572 0.0000 -0.0839
vt 0.6600 0.0000 0.0000
vt 0.6961 0.0000 0.0868
vt 0.6236 0.0000 0.0156
vt 0.6190 0.0000 -0.0868
vt 0.7323 0.0000 0.1736
vt 0.6525 0.0000 0.1306
vt 0.8047 0.0000 0.3473
vt 0.8317 0.0000 0.4236
vt 0.7299 0.0000 0.2708
vt 0.7685 0.0000 0.2605
vt 0.8587 0.0000 0.5000
vt 0.7305 0.0000 0.3321
vt 0.9126 0.0000 0.6527
vt 0.9272 0.0000 0.7094
vt 0.8093 0.0000 0.4953
vt 0.8856 0.0000 0.5764
vt 0.9417 0.0000 0.7660
vt 0.7818 0.0000 0.4963
vt 0.9708 0.0000 0.8794
vt 0.9712 0.0000 0.9095
vt 0.8520 0.0000 0.6618
vt 0.9563 0.0000 0.8227
vt 0.9715 0.0000 0.9397
vt 0.7936 0.0016 0.5889
vt 0.9722 0.0000 1.0000
vt 0.8926 0.0219 0.8497
vt 0.8268 0.0062 0.6919
vt 0.9719 0.0000 0.9698
vt 0.8400 0.0311 0.7658
vt 0.7372 0.0137 0.5355
vt 0.8549 0.0491 0.8524
vt 0.8246 0.0401 0.7998
vt 0.7586 0.0236 0.6223
vt 0.8411 0.0401 0.7998
vt 0.7929 0.0357 0.7534
vt 0.7014 0.0181 0.5181
vt 0.8081 0.0491 0.8524
vt 0.7809 0.0401 0.7998
vt 0.7254 0.0236 0.6223
vt 0.7974 0.0401 0.7998
vt 0.7520 0.0357 0.7534
vt 0.6744 0.0181 0.5181
vt 0.7613 0.0491 0.8524
vt 0.7372 0.0401 0.7998
vt 0.6922 0.0236 0.6223
vt 0.7537 0.0401 0.7998
vt 0.7054 0.0353 0.7388
vt 0.6370 0.0165 0.4946
vt 0.6817 0.0449 0.7757
vt 0.6153 0.0222 0.6423
vt 0.6173 0.0174 0.5281
vt 0.6873 0.0385 0.7415
vt 0.7319 0.0674 0.8876
vt 0.7219 0.0682 0.9046
vt 0.7480 0.0649 0.8921
vt 0.7703 0.1037 0.9730
vt 0.7559 0.1043 0.9719
vt 0.7430 0.1046 0.9762
vt 0.7850 0.0698 0.9316
vt 0.7680 0.0674 0.9153
vt 0.8004 0.1049 0.9829
vt 0.7857 0.1043 0.9788
vt 0.8056 0.2000 1.0000
vt 0.7917 0.2000 1.0000
vt 0.7917 0.1500 1.0000
vt 0.8056 0.1500 1.0000
vt 0.7778 0.2000 1.0000
vt 0.7778 0.1500 1.0000
vt 0.7500 0.2000 1.0000
vt 0.7500 0.1500 1.0000
vt 0.7639 0.1500 1.0000
vt 0.7639 0.2000 1.0000
vt 0.7923 0.0674 0.9153
vt 0.8001 0.0649 0.8991
vt 0.8250 0.1037 0.9748
vt 0.8127 0.1043 0.9788
vt 0.8365 0.0698 0.9316
vt 0.8185 0.0674 0.9153
vt 0.8550 0.1049 0.9829
vt 0.8401 0.1043 0.9788
vt 0.8611 0.2000 1.0000
vt 0.8472 0.2000 1.0000
vt 0.8472 0.1500 1.0000
vt 0.8611 0.1500 1.0000
vt 0.8333 0.2000 1.0000
vt 0.8333 0.1500 1.0000
vt 0.8194 0.1500 1.0000
vt 0.8194 0.2000 1.0000
vt 0.8428 0.0674 0.9153
vt 0.8496 0.0649 0.8991
vt 0.8791 0.1037 0.9748
vt 0.8670 0.1043 0.9788
vt 0.8880 0.0698 0.9316
vt 0.8691 0.0674 0.9153
vt 0.9095 0.1049 0.9829
vt 0.8944 0.1043 0.9788
vt 0.9167 0.2000 1.0000
vt 0.9028 0.2000 1.0000
vt 0.9028 0.1500 1.0000
vt 0.9167 0.1500 1.0000
vt 0.8889 0.2000 1.0000
vt 0.8889 0.1500 1.0000
vt 0.8750 0.1500 1.0000
vt 0.8750 0.2000 1.0000
vt 0.8934 0.0674 0.9153
vt 0.9023 0.0622 0.9056
vt 0.9339 0.1030 0.9764
vt 0.9213 0.1043 0.9788
vt 0.9722 0.0500 1.0000
vt 0.9321 0.0562 0.9414
vt 0.9722 0.1000 1.0000
vt 0.9518 0.1016 0.9853
vt 0.9722 0.2000 1.0000
vt 0.9583 0.2000 1.0000
vt 0.9583 0.1500 1.0000
vt 0.9722 0.1500 1.0000
vt 0.9444 0.2000 1.0000
vt 0.9444 0.1500 1.0000
vt 0.9306 0.1500 1.0000
vt 0.9306 0.2000 1.0000
vt -0.0278 0.0000 1.0000
vt -0.0139 0.0000 1.0000
vt -0.0139 0.0500 1.0000
vt -0.0278 0.0500 1.0000
vt 0.0000 0.0000 1.0000
vt 0.0000 0.0500 1.0000
vt 0.0000 0.1000 1.0000
vt -0.0139 0.1000 1.0000
vt -0.0278 0.1000 1.0000
vt 0.0278 0.0000 1.0000
vt 0.0278 0.0500 1.0000
vt 0.0139 0.0500 1.0000
vt 0.0139 0.0000 1.0000
vt 0.0278 0.1000 1.0000
vt 0.0139 0.1000 1.0000
vt 0.0278 0.2000 1.0000
vt 0.0139 0.2000 1.0000
vt 0.0139 0.1500 1.0000
vt 0.0278 0.1500 1.0000
vt 0.0000 0.2000 1.0000
vt 0.0000 0.1500 1.0000
vt -0.0278 0.2000 1.0000
vt -0.0278 0.1500 1.0000
vt -0.0139 0.1500 1.0000
vt -0.0139 0.2000 1.0000
vt 0.0417 0.0000 1.0000
vt 0.0417 0.0500 1.0000
vt 0.0556 0.0000 1.0000
vt 0.0556 0.0500 1.0000
vt 0.0556 0.1000 1.0000
vt 0.0417 0.1000 1.0000
vt 0.0833 0.0000 1.0000
vt 0.0833 0.0500 1.0000
vt 0.0694 0.0500 1.0000
vt 0.0694 0.0000 1.0000
vt 0.0833 0.1000 1.0000
vt 0.0694 0.1000 1.0000
vt 0.0833 0.2000 1.0000
vt 0.0694 0.2000 1.0000
vt 0.0694 0.1500 1.0000
vt 0.0833 0.1500 1.0000
vt 0.0556 0.2000 1.0000
vt 0.0556 0.1500 1.0000
vt 0.0417 0.1500 1.0000
vt 0.0417 0.2000 1.0000
vt 0.0972 0.0000 1.0000
vt 0.0972 0.0500 1.0000
vt 0.1111 0.0000 1.0000
vt 0.1111 0.0500 1.0000
vt 0.1111 0.1000 1.0000
vt 0.0972 0.1000 1.0000
vt 0.1389 0.0000 1.0000
vt 0.1389 0.0500 1.0000
vt 0.1250 0.0500 1.0000
vt 0.1250 0.0000 1.0000
vt 0.1389 0.1000 1.0000
vt 0.1250 0.1000 1.0000
vt 0.1389 0.2000 1.0000
vt 0.1250 0.2000 1.0000
vt 0.1250 0.1500 1.0000
vt 0.1389 0.1500 1.0000
vt 0.1111 0.2000 1.0000
vt 0.1111 0.1500 1.0000
vt 0.0972 0.1500 1.0000
vt 0.0972 0.2000 1.0000
vt 0.1528 0.0000 1.0000
vt 0.1528 0.0500 1.0000
vt 0.1667 0.0000 1.0000
vt 0.1667 0.0500 1.0000
vt 0.1667 0.1000 1.0000
vt 0.1528 0.1000 1.0000
vt 0.1944 0.0000 1.0000
vt 0.1944 0.0500 1.0000
vt 0.1806 0.0500 1.0000
vt 0.1806 0.0000 1.0000
vt 0.1944 0.1000 1.0000
vt 0.1806 0.1000 1.0000
vt 0.1944 0.2000 1.0000
vt 0.1806 0.2000 1.0000
vt 0.1806 0.1500 1.0000
vt 0.1944 0.1500 1.0000
vt 0.1667 0.2000 1.0000
vt 0.1667 0.1500 1.0000
vt 0.1528 0.1500 1.0000
vt 0.1528 0.2000 1.0000
vt 0.2083 0.0000 1.0000
vt 0.2083 0.0500 1.0000
vt 0.2222 0.0000 1.0000
vt 0.2222 0.0500 1.0000
vt 0.2222 0.1000 1.0000
vt 0.2083 0.1000 1.0000
vt 0.2500 0.0000 1.0000
vt 0.2500 0.0500 1.0000
vt 0.2361 0.0500 1.0000
vt 0.2361 0.0000 1.0000
vt 0.2500 0.1000 1.0000
vt 0.2361 0.1000 1.0000
vt 0.2500 0.2000 1.0000
vt 0.2361 0.2000 1.0000
vt 0.2361 0.1500 1.0000
vt 0.2500 0.1500 1.0000
vt 0.2222 0.2000 1.0000
vt 0.2222 0.1500 1.0000
vt 0.2083 0.1500 1.0000
vt 0.2083 0.2000 1.0000
vt 0.2639 0.0000 1.0000
vt 0.2639 0.0500 1.0000
vt 0.2778 0.0000 1.0000
vt 0.2778 0.0500 1.0000
vt 0.2778 0.1000 1.0000
vt 0.2639 0.1000 1.0000
vt 0.3056 0.0000 1.0000
vt 0.3056 0.0500 1.0000
vt 0.2917 0.0500 1.0000
vt 0.2917 0.0000 1.0000
vt 0.3056 0.1000 1.0000
vt 0.2917 0.1000 1.0000
vt 0.3056 0.2000 1.0000
vt 0.2917 0.2000 1.0000
vt 0.2917 0.1500 1.0000
vt 0.3056 0.1500 1.0000
vt 0.2778 0.2000 1.0000
vt 0.2778 0.1500 1.0000
vt 0.2639 0.1500 1.0000
vt 0.2639 0.2000 1.0000
vt 0.3194 0.0000 1.0000
vt 0.3194 0.0500 1.0000
vt 0.3333 0.0000 1.0000
vt 0.3333 0.0500 1.0000
vt 0.3333 0.1000 1.0000
vt 0.3194 0.1000 1.0000
vt 0.3611 0.0000 1.0000
vt 0.3611 0.0500 1.0000
vt 0.3472 0.0500 1.0000
vt 0.3472 0.0000 1.0000
vt 0.3611 0.1000 1.0000
vt 0.3472 0.1000 1.0000
vt 0.3611 0.2000 1.0000
vt 0.3472 0.2000 1.0000
vt 0.3472 0.1500 1.0000
vt 0.3611 0.1500 1.0000
vt 0.3333 0.2000 1.0000
vt 0.3333 0.1500 1.0000
vt 0.3194 0.1500 1.0000
vt 0.3194 0.2000 1.0000
vt 0.3750 0.0000 1.0000
vt 0.3750 0.0500 1.0000
vt 0.3889 0.0000 1.0000
vt 0.3889 0.0500 1.0000
vt 0.3889 0.1000 1.0000
vt 0.3750 0.1000 1.0000
vt 0.4167 0.0000 1.0000
vt 0.4167 0.0500 1.0000
vt 0.4028 0.0500 1.0000
vt 0.4028 0.0000 1.0000
vt 0.4167 0.1000 1.0000
vt 0.4028 0.1000 1.0000
vt 0.4167 0.2000 1.0000
vt 0.4028 0.2000 1.0000
vt 0.4028 0.1500 1.0000
vt 0.4167 0.1500 1.0000
vt 0.3889 0.2000 1.0000
vt 0.3889 0.1500 1.0000
vt 0.3750 0.1500 1.0000
vt 0.3750 0.2000 1.0000
vt 0.4306 0.0000 1.0000
vt 0.4306 0.0500 1.0000
vt 0.4444 0.0000 1.0000
vt 0.4444 0.0500 1.0000
vt 0.4444 0.1000 1.0000
vt 0.4306 0.1000 1.0000
vt 0.4722 0.0000 1.0000
vt 0.4722 0.0500 1.0000
vt 0.4583 0.0500 1.0000
vt 0.4583 0.0000 1.0000
vt 0.4722 0.1000 1.0000
vt 0.4583 0.1000 1.0000
vt 0.4722 0.2000 1.0000
vt 0.4583 0.2000 1.0000
vt 0.4583 0.1500 1.0000
vt 0.4722 0.1500 1.0000
vt 0.4444 0.2000 1.0000
vt 0.4444 0.1500 1.0000
vt 0.4306 0.1500 1.0000
vt 0.4306 0.2000 1.0000
vt 0.4861 0.0000 1.0000
vt 0.4861 0.0500 1.0000
vt 0.5000 0.0000 1.0000
vt 0.5000 0.0500 1.0000
vt 0.5000 0.1000 1.0000
vt 0.4861 0.1000 1.0000
vt 0.5278 0.0000 1.0000
vt 0.5278 0.0500 1.0000
vt 0.5139 0.0500 1.0000
vt 0.5139 0.0000 1.0000
vt 0.5278 0.1000 1.0000
vt 0.5139 0.1000 1.0000
vt 0.5278 0.2000 1.0000
vt 0.5139 0.2000 1.0000
vt 0.5139 0.1500 1.0000
vt 0.5278 0.1500 1.0000
vt 0.5000 0.2000 1.0000
vt 0.5000 0.1500 1.0000
vt 0.4861 0.1500 1.0000
vt 0.4861 0.2000 1.0000
vt 0.5417 0.0000 1.0000
vt 0.5417 0.0500 1.0000
vt 0.5556 0.0000 1.0000
vt 0.5556 0.0500 1.0000
vt 0.5556 0.1000 1.0000
vt 0.5417 0.1000 1.0000
vt 0.5833 0.0000 1.0000
vt 0.5833 0.0500 1.0000
vt 0.5694 0.0500 1.0000
vt 0.5694 0.0000 1.0000
vt 0.5833 0.1000 1.0000
vt 0.5694 0.1000 1.0000
vt 0.5833 0.2000 1.0000
vt 0.5694 0.2000 1.0000
vt 0.5694 0.1500 1.0000
vt 0.5833 0.1500 1.0000
vt 0.5556 0.2000 1.0000
vt 0.5556 0.1500 1.0000
vt 0.5417 0.1500 1.0000
vt 0.5417 0.2000 1.0000
vt 0.5972 0.0000 1.0000
vt 0.5972 0.0500 1.0000
vt 0.6111 0.0000 1.0000
vt 0.6111 0.0500 1.0000
vt 0.6111 0.1000 1.0000
vt 0.5972 0.1000 1.0000
vt 0.6389 0.0000 1.0000
vt 0.6389 0.0500 1.0000
vt 0.6250 0.0500 1.0000
vt 0.6250 0.0000 1.0000
vt 0.6389 0.1000 1.0000
vt 0.6250 0.1000 1.0000
vt 0.6389 0.2000 1.0000
vt 0.6250 0.2000 1.0000
vt 0.6250 0.1500 1.0000
vt 0.6389 0.1500 1.0000
vt 0.6111 0.2000 1.0000
vt 0.6111 0.1500 1.0000
vt 0.5972 0.1500 1.0000
vt 0.5972 0.2000 1.0000
vt 0.6528 0.0000 1.0000
vt 0.6528 0.0500 1.0000
vt 0.6667 0.0000 1.0000
vt 0.6667 0.0500 1.0000
vt 0.6667 0.1000 1.0000
vt 0.6528 0.1000 1.0000
vt 0.6944 0.0000 1.0000
vt 0.6944 0.0500 1.0000
vt 0.6806 0.0500 1.0000
vt 0.6806 0.0000 1.0000
vt 0.6944 0.1000 1.0000
vt 0.6806 0.1000 1.0000
vt 0.6944 0.2000 1.0000
vt 0.6806 0.2000 1.0000
vt 0.6806 0.1500 1.0000
vt 0.6944 0.1500 1.0000
vt 0.6667 0.2000 1.0000
vt 0.6667 0.1500 1.0000
vt 0.6528 0.1500 1.0000
vt 0.6528 0.2000 1.0000
vt 0.7083 0.0000 1.0000
vt 0.7083 0.0500 1.0000
vt 0.7222 0.0000 1.0000
vt 0.7182 0.0528 0.9865
vt 0.7212 0.1007 0.9966
vt 0.7083 0.1000 1.0000
vt 0.7200 0.0611 0.9462
vt 0.7039 0.0222 0.8923
vt 0.7321 0.1028 0.9865
vt 0.7361 0.2000 1.0000
vt 0.7361 0.1500 1.0000
vt 0.7222 0.2000 1.0000
vt 0.7222 0.1500 1.0000
vt 0.7083 0.1500 1.0000
vt 0.7083 0.2000 1.0000
vt 0.7639 0.2500 1.0000
vt 0.7500 0.2500 1.0000
vt 0.7778 0.2500 1.0000
vt 0.7778 0.3000 1.0000
vt 0.7639 0.3000 1.0000
vt 0.7500 0.3000 1.0000
vt 0.8056 0.2500 1.0000
vt 0.7917 0.2500 1.0000
vt 0.8056 0.3000 1.0000
vt 0.7917 0.3000 1.0000
vt 0.8056 0.4000 1.0000
vt 0.7917 0.4000 1.0000
vt 0.7917 0.3500 1.0000
vt 0.8056 0.3500 1.0000
vt 0.7778 0.4000 1.0000
vt 0.7778 0.3500 1.0000
vt 0.7500 0.4000 1.0000
vt 0.7500 0.3500 1.0000
vt 0.7639 0.3500 1.0000
vt 0.7639 0.4000 1.0000
vt 0.8194 0.2500 1.0000
vt 0.8333 0.2500 1.0000
vt 0.8333 0.3000 1.0000
vt 0.8194 0.3000 1.0000
vt 0.8611 0.2500 1.0000
vt 0.8472 0.2500 1.0000
vt 0.8611 0.3000 1.0000
vt 0.8472 0.3000 1.0000
vt 0.8611 0.4000 1.0000
vt 0.8472 0.4000 1.0000
vt 0.8472 0.3500 1.0000
vt 0.8611 0.3500 1.0000
vt 0.8333 0.4000 1.0000
vt 0.8333 0.3500 1.0000
vt 0.8194 0.3500 1.0000
vt 0.8194 0.4000 1.0000
vt 0.8750 0.2500 1.0000
vt 0.8889 0.2500 1.0000
vt 0.8889 0.3000 1.0000
vt 0.8750 0.3000 1.0000
vt 0.9167 0.2500 1.0000
vt 0.9028 0.2500 1.0000
vt 0.9167 0.3000 1.0000
vt 0.9028 0.3000 1.0000
vt 0.9167 0.4000 1.0000
vt 0.9028 0.4000 1.0000
vt 0.9028 0.3500 1.0000
vt 0.9167 0.3500 1.0000
vt 0.8889 0.4000 1.0000
vt 0.8889 0.3500 1.0000
vt 0.8750 0.3500 1.0000
vt 0.8750 0.4000 1.0000
vt 0.9306 0.2500 1.0000
vt 0.9444 0.2500 1.0000
vt 0.9444 0.3000 1.0000
vt 0.9306 0.3000 1.0000
vt 0.9722 0.2500 1.0000
vt 0.9583 0.2500 1.0000
vt 0.9722 0.3000 1.0000
vt 0.9583 0.3000 1.0000
vt 0.9722 0.4000 1.0000
vt 0.9583 0.4000 1.0000
vt 0.9583 0.3500 1.0000
vt 0.9722 0.3500 1.0000
vt 0.9444 0.4000 1.0000
vt 0.9444 0.3500 1.0000
vt 0.9306 0.3500 1.0000
vt 0.9306 0.4000 1.0000
vt -0.0139 0.2500 1.0000
vt -0.0278 0.2500 1.0000
vt 0.0000 0.2500 1.0000
vt 0.0000 0.3000 1.0000
vt -0.0139 0.3000 1.0000
vt -0.0278 0.3000 1.0000
vt 0.0278 0.2500 1.0000
vt 0.0139 0.2500 1.0000
vt 0.0278 0.3000 1.0000
vt 0.0139 0.3000 1.0000
vt 0.0278 0.4000 1.0000
vt 0.0139 0.4000 1.0000
vt 0.0139 0.3500 1.0000
vt 0.0278 0.3500 1.0000
vt 0.0000 0.4000 1.0000
vt 0.0000 0.3500 1.0000
vt -0.0278 0.4000 1.0000
vt -0.0278 0.3500 1.0000
vt -0.0139 0.3500 1.0000
vt -0.0139 0.4000 1.0000
vt 0.0417 0.2500 1.0000
vt 0.0556 0.2500 1.0000
vt 0.0556 0.3000 1.0000
vt 0.0417 0.3000 1.0000
vt 0.0833 0.2500 1.0000
vt 0.0694 0.2500 1.0000
vt 0.0833 0.3000 1.0000
vt 0.0694 0.3000 1.0000
vt 0.0833 0.4000 1.0000
vt 0.0694 0.4000 1.0000
vt 0.0694 0.3500 1.0000
vt 0.0833 0.3500 1.0000
vt 0.0556 0.4000 1.0000
vt 0.0556 0.3500 1.0000
vt 0.0417 0.3500 1.0000
vt 0.0417 0.4000 1.0000
vt 0.0972 0.2500 1.0000
vt 0.1111 0.2500 1.0000
vt 0.1111 0.3000 1.0000
vt 0.0972 0.3000 1.0000
vt 0.1389 0.2500 1.0000
vt 0.1250 0.2500 1.0000
vt 0.1389 0.3000 1.0000
vt 0.1250 0.3000 1.0000
vt 0.1389 0.4000 1.0000
vt 0.1250 0.4000 1.0000
vt 0.1250 0.3500 1.0000
vt 0.1389 0.3500 1.0000
vt 0.1111 0.4000 1.0000
vt 0.1111 0.3500 1.0000
vt 0.0972 0.3500 1.0000
vt 0.0972 0.4000 1.0000
vt 0.1528 0.2500 1.0000
vt 0.1667 0.2500 1.0000
vt 0.1667 0.3000 1.0000
vt 0.1528 0.3000 1.0000
vt 0.1944 0.2500 1.0000
vt 0.1806 0.2500 1.0000
vt 0.1944 0.3000 1.0000
vt 0.1806 0.3000 1.0000
vt 0.1944 0.4000 1.0000
vt 0.1806 0.4000 1.0000
vt 0.1806 0.3500 1.0000
vt 0.1944 0.3500 1.0000
vt 0.1667 0.4000 1.0000
vt 0.1667 0.3500 1.0000
vt 0.1528 0.3500 1.0000
vt 0.1528 0.4000 1.0000
vt 0.2083 0.2500 1.0000
vt 0.2222 0.2500 1.0000
vt 0.2222 0.3000 1.0000
vt 0.2083 0.3000 1.0000
vt 0.2500 0.2500 1.0000
vt 0.2361 0.2500 1.0000
vt 0.2500 0.3000 1.0000
vt 0.2361 0.3000 1.0000
vt 0.2500 0.4000 1.0000
vt 0.2361 0.4000 1.0000
vt 0.2361 0.3500 1.0000
vt 0.2500 0.3500 1.0000
vt 0.2222 0.4000 1.0000
vt 0.2222 0.3500 1.0000
vt 0.2083 0.3500 1.0000
vt 0.2083 0.4000 1.0000
vt 0.2639 0.2500 1.0000
vt 0.2778 0.2500 1.0000
vt 0.2778 0.3000 1.0000
vt 0.2639 0.3000 1.0000
vt 0.3056 0.2500 1.0000
vt 0.2917 0.2500 1.0000
vt 0.3056 0.3000 1.0000
vt 0.2917 0.3000 1.0000
vt 0.3056 0.4000 1.0000
vt 0.2917 0.4000 1.0000
vt 0.2917 0.3500 1.0000
vt 0.3056 0.3500 1.0000
vt 0.2778 0.4000 1.0000
vt 0.2778 0.3500 1.0000
vt 0.2639 0.3500 1.0000
vt 0.2639 0.4000 1.0000
vt 0.3194 0.2500 1.0000
vt 0.3333 0.2500 1.0000
vt 0.3333 0.3000 1.0000
vt 0.3194 0.3000 1.0000
vt 0.3611 0.2500 1.0000
vt 0.3472 0.2500 1.0000
vt 0.3611 0.3000 1.0000
vt 0.3472 0.3000 1.0000
vt 0.3611 0.4000 1.0000
vt 0.3472 0.4000 1.0000
vt 0.3472 0.3500 1.0000
vt 0.3611 0.3500 1.0000
vt 0.3333 0.4000 1.0000
vt 0.3333 0.3500 1.0000
vt 0.3194 0.3500 1.0000
vt 0.3194 0.4000 1.0000
vt 0.3750 0.2500 1.0000
vt 0.3889 0.2500 1.0000
vt 0.3889 0.3000 1.0000
vt 0.3750 0.3000 1.0000
vt 0.4167 0.2500 1.0000
vt 0.4028 0.2500 1.0000
vt 0.4167 0.3000 1.0000
vt 0.4028 0.3000 1.0000
vt 0.4167 0.4000 1.0000
vt 0.4028 0.4000 1.0000
vt 0.4028 0.3500 1.0000
vt 0.4167 0.3500 1.0000
vt 0.3889 0.4000 1.0000
vt 0.3889 0.3500 1.0000
vt 0.3750 0.3500 1.0000
vt 0.3750 0.4000 1.0000
vt 0.4306 0.2500 1.0000
vt 0.4444 0.2500 1.0000
vt 0.4444 0.3000 1.0000
vt 0.4306 0.3000 1.0000
vt 0.4722 0.2500 1.0000
vt 0.4583 0.2500 1.0000
vt 0.4722 0.3000 1.0000
vt 0.4583 0.3000 1.0000
vt 0.4722 0.4000 1.0000
vt 0.4583 0.4000 1.0000
vt 0.4583 0.3500 1.0000
vt 0.4722 0.3500 1.0000
vt 0.4444 0.4000 1.0000
vt 0.4444 0.3500 1.0000
vt 0.4306 0.3500 1.0000
vt 0.4306 0.4000 1.0000
vt 0.4861 0.2500 1.0000
vt 0.5000 0.2500 1.0000
vt 0.5000 0.3000 1.0000
vt 0.4861 0.3000 1.0000
vt 0.5278 0.2500 1.0000
vt 0.5139 0.2500 1.0000
vt 0.5278 0.3000 1.0000
vt 0.5139 0.3000 1.0000
vt 0.5278 0.4000 1.0000
vt 0.5139 0.4000 1.0000
vt 0.5139 0.3500 1.0000
vt 0.5278 0.3500 1.0000
vt 0.5000 0.4000 1.0000
vt 0.5000 0.3500 1.0000
vt 0.4861 0.3500 1.0000
vt 0.4861 0.4000 1.0000
vt 0.5417 0.2500 1.0000
vt 0.5556 0.2500 1.0000
vt 0.5556 0.3000 1.0000
vt 0.5417 0.3000 1.0000
vt 0.5833 0.2500 1.0000
vt 0.5694 0.2500 1.0000
vt 0.5833 0.3000 1.0000
vt 0.5694 0.3000 1.0000
vt 0.5833 0.4000 1.0000
vt 0.5694 0.4000 1.0000
vt 0.5694 0.3500 1.0000
vt 0.5833 0.3500 1.0000
vt 0.5556 0.4000 1.0000
vt 0.5556 0.3500 1.0000
vt 0.5417 0.3500 1.0000
vt 0.5417 0.4000 1.0000
vt 0.5972 0.2500 1.0000
vt 0.6111 0.2500 1.0000
vt 0.6111 0.3000 1.0000
vt 0.5972 0.3000 1.0000
vt 0.6389 0.2500 1.0000
vt 0.6250 0.2500 1.0000
vt 0.6389 0.3000 1.0000
vt 0.6250 0.3000 1.0000
vt 0.6389 0.4000 1.0000
vt 0.6250 0.4000 1.0000
vt 0.6250 0.3500 1.0000
vt 0.6389 0.3500 1.0000
vt 0.6111 0.4000 1.0000
vt 0.6111 0.3500 1.0000
vt 0.5972 0.3500 1.0000
vt 0.5972 0.4000 1.0000
vt 0.6528 0.2500 1.0000
vt 0.6667 0.2500 1.0000
vt 0.6667 0.3000 1.0000
vt 0.6528 0.3000 1.0000
vt 0.6944 0.2500 1.0000
vt 0.6806 0.2500 1.0000
vt 0.6944 0.3000 1.0000
vt 0.6806 0.3000 1.0000
vt 0.6944 0.4000 1.0000
vt 0.6806 0.4000 1.0000
vt 0.6806 0.3500 1.0000
vt 0.6944 0.3500 1.0000
vt 0.6667 0.4000 1.0000
vt 0.6667 0.3500 1.0000
vt 0.6528 0.3500 1.0000
vt 0.6528 0.4000 1.0000
vt 0.7083 0.2500 1.0000
vt 0.7222 0.2500 1.0000
vt 0.7222 0.3000 1.0000
vt 0.7083 0.3000 1.0000
vt 0.7361 0.2500 1.0000
vt 0.7361 0.3000 1.0000
vt 0.7361 0.4000 1.0000
vt 0.7361 0.3500 1.0000
vt 0.7222 0.4000 1.0000
vt 0.7222 0.3500 1.0000
vt 0.7083 0.3500 1.0000
vt 0.7083 0.4000 1.0000
vt 0.7639 0.4500 1.0000
vt 0.7500 0.4500 1.0000
vt 0.7778 0.4500 1.0000
vt 0.7778 0.5000 1.0000
vt 0.7639 0.5000 1.0000
vt 0.7500 0.5000 1.0000
vt 0.8056 0.4500 1.0000
vt 0.7917 0.4500 1.0000
vt 0.8056 0.5000 1.0000
vt 0.7917 0.5000 1.0000
vt 0.8056 0.6000 1.0000
vt 0.7917 0.6000 1.0000
vt 0.7917 0.5500 1.0000
vt 0.8056 0.5500 1.0000
vt 0.7778 0.6000 1.0000
vt 0.7778 0.5500 1.0000
vt 0.7500 0.6000 1.0000
vt 0.7500 0.5500 1.0000
vt 0.7639 0.5500 1.0000
vt 0.7639 0.6000 1.0000
vt 0.8194 0.4500 1.0000
vt 0.8333 0.4500 1.0000
vt 0.8333 0.5000 1.0000
vt 0.8194 0.5000 1.0000
vt 0.8611 0.4500 1.0000
vt 0.8472 0.4500 1.0000
vt 0.8611 0.5000 1.0000
vt 0.8472 0.5000 1.0000
vt 0.8611 0.6000 1.0000
vt 0.8472 0.6000 1.0000
vt 0.8472 0.5500 1.0000
vt 0.8611 0.5500 1.0000
vt 0.8333 0.6000 1.0000
vt 0.8333 0.5500 1.0000
vt 0.8194 0.5500 1.0000
vt 0.8194 0.6000 1.0000
vt 0.8750 0.4500 1.0000
vt 0.8889 0.4500 1.0000
vt 0.8889 0.5000 1.0000
vt 0.8750 0.5000 1.0000
vt 0.9167 0.4500 1.0000
vt 0.9028 0.4500 1.0000
vt 0.9167 0.5000 1.0000
vt 0.9028 0.5000 1.0000
vt 0.9167 0.6000 1.0000
vt 0.9028 0.6000 1.0000
vt 0.9028 0.5500 1.0000
vt 0.9167 0.5500 1.0000
vt 0.8889 0.6000 1.0000
vt 0.8889 0.5500 1.0000
vt 0.8750 0.5500 1.0000
vt 0.8750 0.6000 1.0000
vt 0.9306 0.4500 1.0000
vt 0.9444 0.4500 1.0000
vt 0.9444 0.5000 1.0000
vt 0.9306 0.5000 1.0000
vt 0.9722 0.4500 1.0000
vt 0.9583 0.4500 1.0000
vt 0.9722 0.5000 1.0000
vt 0.9583 0.5000 1.0000
vt 0.9722 0.6000 1.0000
vt 0.9583 0.6000 1.0000
vt 0.9583 0.5500 1.0000
vt 0.9722 0.5500 1.0000
vt 0.9444 0.6000 1.0000
vt 0.9444 0.5500 1.0000
vt 0.9306 0.5500 1.0000
vt 0.9306 0.6000 1.0000
vt -0.0139 0.4500 1.0000
vt -0.0278 0.4500 1.0000
vt 0.0000 0.4500 1.0000
vt 0.0000 0.5000 1.0000
vt -0.0139 0.5000 1.0000
vt -0.0278 0.5000 1.0000
vt 0.0278 0.4500 1.0000
vt 0.0139 0.4500 1.0000
vt 0.0278 0.5000 1.0000
vt 0.0139 0.5000 1.0000
vt 0.0278 0.6000 1.0000
vt 0.0139 0.6000 1.0000
vt 0.0139 0.5500 1.0000
vt 0.0278 0.5500 1.0000
vt 0.0000 0.6000 1.0000
vt 0.0000 0.5500 1.0000
vt -0.0278 0.6000 1.0000
vt -0.0278 0.5500 1.0000
vt -0.0139 0.5500 1.0000
vt -0.0139 0.6000 1.0000
vt 0.0417 0.4500 1.0000
vt 0.0556 0.4500 1.0000
vt 0.0556 0.5000 1.0000
vt 0.0417 0.5000 1.0000
vt 0.0833 0.4500 1.0000
vt 0.0694 0.4500 1.0000
vt 0.0833 0.5000 1.0000
vt 0.0694 0.5000 1.0000
vt 0.0833 0.6000 1.0000
vt 0.0694 0.6000 1.0000
vt 0.0694 0.5500 1.0000
vt 0.0833 0.5500 1.0000
vt 0.0556 0.6000 1.0000
vt 0.0556 0.5500 1.0000
vt 0.0417 0.5500 1.0000
vt 0.0417 0.6000 1.0000
vt 0.0972 0.4500 1.0000
vt 0.1111 0.4500 1.0000
vt 0.1111 0.5000 1.0000
vt 0.0972 0.5000 1.0000
vt 0.1389 0.4500 1.0000
vt 0.1250 0.4500 1.0000
vt 0.1389 0.5000 1.0000
vt 0.1250 0.5000 1.0000
vt 0.1389 0.6000 1.0000
vt 0.1250 0.6000 1.0000
vt 0.1250 0.5500 1.0000
vt 0.1389 0.5500 1.0000
vt 0.1111 0.6000 1.0000
vt 0.1111 0.5500 1.0000
vt 0.0972 0.5500 1.0000
vt 0.0972 0.6000 1.0000
vt 0.1528 0.4500 1.0000
vt 0.1667 0.4500 1.0000
vt 0.1667 0.5000 1.0000
vt 0.1528 0.5000 1.0000
vt 0.1944 0.4500 1.0000
vt 0.1806 0.4500 1.0000
vt 0.1944 0.5000 1.0000
vt 0.1806 0.5000 1.0000
vt 0.1944 0.6000 1.0000
vt 0.1806 0.6000 1.0000
vt 0.1806 0.5500 1.0000
vt 0.1944 0.5500 1.0000
vt 0.1667 0.6000 1.0000
vt 0.1667 0.5500 1.0000
vt 0.1528 0.5500 1.0000
vt 0.1528 0.6000 1.0000
vt 0.2083 0.4500 1.0000
vt 0.2222 0.4500 1.0000
vt 0.2222 0.5000 1.0000
vt 0.2083 0.5000 1.0000
vt 0.2500 0.4500 1.0000
vt 0.2361 0.4500 1.0000
vt 0.2500 0.5000 1.0000
vt 0.2361 0.5000 1.0000
vt 0.2500 0.6000 1.0000
vt 0.2361 0.6000 1.0000
vt 0.2361 0.5500 1.0000
vt 0.2500 0.5500 1.0000
vt 0.2222 0.6000 1.0000
vt 0.2222 0.5500 1.0000
vt 0.2083 0.5500 1.0000
vt 0.2083 0.6000 1.0000
vt 0.2639 0.4500 1.0000
vt 0.2778 0.4500 1.0000
vt 0.2778 0.5000 1.0000
vt 0.2639 0.5000 1.0000
vt 0.3056 0.4500 1.0000
vt 0.2917 0.4500 1.0000
vt 0.3056 0.5000 1.0000
vt 0.2917 0.5000 1.0000
vt 0.3056 0.6000 1.0000
vt 0.2917 0.6000 1.0000
vt 0.2917 0.5500 1.0000
vt 0.3056 0.5500 1.0000
vt 0.2778 0.6000 1.0000
vt 0.2778 0.5500 1.0000
vt 0.2639 0.5500 1.0000
vt 0.2639 0.6000 1.0000
vt 0.3194 0.4500 1.0000
vt 0.3333 0.4500 1.0000
vt 0.3333 0.5000 1.0000
vt 0.3194 0.5000 1.0000
vt 0.3611 0.4500 1.0000
vt 0.3472 0.4500 1.0000
vt 0.3611 0.5000 1.0000
vt 0.3472 0.5000 1.0000
vt 0.3611 0.6000 1.0000
vt 0.3472 0.6000 1.0000
vt 0.3472 0.5500 1.0000
vt 0.3611 0.5500 1.0000
vt 0.3333 0.6000 1.0000
vt 0.3333 0.5500 1.0000
vt 0.3194 0.5500 1.0000
vt 0.3194 0.6000 1.0000
vt 0.3750 0.4500 1.0000
vt 0.3889 0.4500 1.0000
vt 0.3889 0.5000 1.0000
vt 0.3750 0.5000 1.0000
vt 0.4167 0.4500 1.0000
vt 0.4028 0.4500 1.0000
vt 0.4167 0.5000 1.0000
vt 0.4028 0.5000 1.0000
vt 0.4167 0.6000 1.0000
vt 0.4028 0.6000 1.0000
vt 0.4028 0.5500 1.0000
vt 0.4167 0.5500 1.0000
vt 0.3889 0.6000 1.0000
vt 0.3889 0.5500 1.0000
vt 0.3750 0.5500 1.0000
vt 0.3750 0.6000 1.0000
vt 0.4306 0.4500 1.0000
vt 0.4444 0.4500 1.0000
vt 0.4444 0.5000 1.0000
vt 0.4306 0.5000 1.0000
vt 0.4722 0.4500 1.0000
vt 0.4583 0.4500 1.0000
vt 0.4722 0.5000 1.0000
vt 0.4583 0.5000 1.0000
vt 0.4722 0.6000 1.0000
vt 0.4583 0.6000 1.0000
vt 0.4583 0.5500 1.0000
vt 0.4722 0.5500 1.0000
vt 0.4444 0.6000 1.0000
vt 0.4444 0.5500 1.0000
vt 0.4306 0.5500 1.0000
vt 0.4306 0.6000 1.0000
vt 0.4861 0.4500 1.0000
vt 0.5000 0.4500 1.0000
vt 0.5000 0.5000 1.0000
vt 0.4861 0.5000 1.0000
vt 0.5278 0.4500 1.0000
vt 0.5139 0.4500 1.0000
vt 0.5278 0.5000 1.0000
vt 0.5139 0.5000 1.0000
vt 0.5278 0.6000 1.0000
vt 0.5139 0.6000 1.0000
vt 0.5139 0.5500 1.0000
vt 0.5278 0.5500 1.0000
vt 0.5000 0.6000 1.0000
vt 0.5000 0.5500 1.0000
vt 0.4861 0.5500 1.0000
vt 0.4861 0.6000 1.0000
vt 0.5417 0.4500 1.0000
vt 0.5556 0.4500 1.0000
vt 0.5556 0.5000 1.0000
vt 0.5417 0.5000 1.0000
vt 0.5833 0.4500 1.0000
vt 0.5694 0.4500 1.0000
vt 0.5833 0.5000 1.0000
vt 0.5694 0.5000 1.0000
vt 0.5833 0.6000 1.0000
vt 0.5694 0.6000 1.0000
vt 0.5694 0.5500 1.0000
vt 0.5833 0.5500 1.0000
vt 0.5556 0.6000 1.0000
vt 0.5556 0.5500 1.0000
vt 0.5417 0.5500 1.0000
vt 0.5417 0.6000 1.0000
vt 0.5972 0.4500 1.0000
vt 0.6111 0.4500 1.0000
vt 0.6111 0.5000 1.0000
vt 0.5972 0.5000 1.0000
vt 0.6389 0.4500 1.0000
vt 0.6250 0.4500 1.0000
vt 0.6389 0.5000 1.0000
vt 0.6250 0.5000 1.0000
vt 0.6389 0.6000 1.0000
vt 0.6250 0.6000 1.0000
vt 0.6250 0.5500 1.0000
vt 0.6389 0.5500 1.0000
vt 0.6111 0.6000 1.0000
vt 0.6111 0.5500 1.0000
vt 0.5972 0.5500 1.0000
vt 0.5972 0.6000 1.0000
vt 0.6528 0.4500 1.0000
vt 0.6667 0.4500 1.0000
vt 0.6667 0.5000 1.0000
vt 0.6528 0.5000 1.0000
vt 0.6944 0.4500 1.0000
vt 0.6806 0.4500 1.0000
vt 0.6944 0.5000 1.0000
vt 0.6806 0.5000 1.0000
vt 0.6944 0.6000 1.0000
vt 0.6806 0.6000 1.0000
vt 0.6806 0.5500 1.0000
vt 0.6944 0.5500 1.0000
vt 0.6667 0.6000 1.0000
vt 0.6667 0.5500 1.0000
vt 0.6528 0.5500 1.0000
vt 0.6528 0.6000 1.0000
vt 0.7083 0.4500 1.0000
vt 0.7222 0.4500 1.0000
vt 0.7222 0.5000 1.0000
vt 0.7083 0.5000 1.0000
vt 0.7361 0.4500 1.0000
vt 0.7361 0.5000 1.0000
vt 0.7361 0.6000 1.0000
vt 0.7361 0.5500 1.0000
vt 0.7222 0.6000 1.0000
vt 0.7222 0.5500 1.0000
vt 0.7083 0.5500 1.0000
vt 0.7083 0.6000 1.0000
vt 0.7639 0.6500 1.0000
vt 0.7500 0.6500 1.0000
vt 0.7778 0.6500 1.0000
vt 0.7778 0.7000 1.0000
vt 0.7639 0.7000 1.0000
vt 0.7500 0.7000 1.0000
vt 0.8056 0.6500 1.0000
vt 0.7917 0.6500 1.0000
vt 0.8056 0.7000 1.0000
vt 0.7917 0.7000 1.0000
vt 0.8056 0.8000 1.0000
vt 0.7917 0.8000 1.0000
vt 0.7917 0.7500 1.0000
vt 0.8056 0.7500 1.0000
vt 0.7778 0.8000 1.0000
vt 0.7778 0.7500 1.0000
vt 0.7500 0.8000 1.0000
vt 0.7500 0.7500 1.0000
vt 0.7639 0.7500 1.0000
vt 0.7639 0.8000 1.0000
vt 0.8194 0.6500 1.0000
vt 0.8333 0.6500 1.0000
vt 0.8333 0.7000 1.0000
vt 0.8194 0.7000 1.0000
vt 0.8611 0.6500 1.0000
vt 0.8472 0.6500 1.0000
vt 0.8611 0.7000 1.0000
vt 0.8472 0.7000 1.0000
vt 0.8611 0.8000 1.0000
vt 0.8472 0.8000 1.0000
vt 0.8472 0.7500 1.0000
vt 0.8611 0.7500 1.0000
vt 0.8333 0.8000 1.0000
vt 0.8333 0.7500 1.0000
vt 0.8194 0.7500 1.0000
vt 0.8194 0.8000 1.0000
vt 0.8750 0.6500 1.0000
vt 0.8889 0.6500 1.0000
vt 0.8889 0.7000 1.0000
vt 0.8750 0.7000 1.0000
vt 0.9167 0.6500 1.0000
vt 0.9028 0.6500 1.0000
vt 0.9167 0.7000 1.0000
vt 0.9028 0.7000 1.0000
vt 0.9167 0.8000 1.0000
vt 0.9028 0.8000 1.0000
vt 0.9028 0.7500 1.0000
vt 0.9167 0.7500 1.0000
vt 0.8889 0.8000 1.0000
vt 0.8889 0.7500 1.0000
vt 0.8750 0.7500 1.0000
vt 0.8750 0.8000 1.0000
vt 0.9306 0.6500 1.0000
vt 0.9444 0.6500 1.0000
vt 0.9444 0.7000 1.0000
vt 0.9306 0.7000 1.0000
vt 0.9722 0.6500 1.0000
vt 0.9583 0.6500 1.0000
vt 0.9722 0.7000 1.0000
vt 0.9583 0.7000 1.0000
vt 0.9722 0.8000 1.0000
vt 0.9583 0.8000 1.0000
vt 0.9583 0.7500 1.0000
vt 0.9722 0.7500 1.0000
vt 0.9444 0.8000 1.0000
vt 0.9444 0.7500 1.0000
vt 0.9306 0.7500 1.0000
vt 0.9306 0.8000 1.0000
vt -0.0139 0.6500 1.0000
vt -0.0278 0.6500 1.0000
vt 0.0000 0.6500 1.0000
vt 0.0000 0.7000 1.0000
vt -0.0139 0.7000 1.0000
vt -0.0278 0.7000 1.0000
vt 0.0278 0.6500 1.0000
vt 0.0139 0.6500 1.0000
vt 0.0278 0.7000 1.0000
vt 0.0139 0.7000 1.0000
vt 0.0278 0.8000 1.0000
vt 0.0139 0.8000 1.0000
vt 0.0139 0.7500 1.0000
vt 0.0278 0.7500 1.0000
vt 0.0000 0.8000 1.0000
vt 0.0000 0.7500 1.0000
vt -0.0278 0.8000 1.0000
vt -0.0278 0.7500 1.0000
vt -0.0139 0.7500 1.0000
vt -0.0139 0.8000 1.0000
vt 0.0417 0.6500 1.0000
vt 0.0556 0.6500 1.0000
vt 0.0556 0.7000 1.0000
vt 0.0417 0.7000 1.0000
vt 0.0833 0.6500 1.0000
vt 0.0694 0.6500 1.0000
vt 0.0833 0.7000 1.0000
vt 0.0694 0.7000 1.0000
vt 0.0833 0.8000 1.0000
vt 0.0694 0.8000 1.0000
vt 0.0694 0.7500 1.0000
vt 0.0833 0.7500 1.0000
vt 0.0556 0.8000 1.0000
vt 0.0556 0.7500 1.0000
vt 0.0417 0.7500 1.0000
vt 0.0417 0.8000 1.0000
vt 0.0972 0.6500 1.0000
vt 0.1111 0.6500 1.0000
vt 0.1111 0.7000 1.0000
vt 0.0972 0.7000 1.0000
vt 0.1389 0.6500 1.0000
vt 0.1250 0.6500 1.0000
vt 0.1389 0.7000 1.0000
vt 0.1250 0.7000 1.0000
vt 0.1389 0.8000 1.0000
vt 0.1250 0.8000 1.0000
vt 0.1250 0.7500 1.0000
vt 0.1389 0.7500 1.0000
vt 0.1111 0.8000 1.0000
vt 0.1111 0.7500 1.0000
vt 0.0972 0.7500 1.0000
vt 0.0972 0.8000 1.0000
vt 0.1528 0.6500 1.0000
vt 0.1667 0.6500 1.0000
vt 0.1667 0.7000 1.0000
vt 0.1528 0.7000 1.0000
vt 0.1944 0.6500 1.0000
vt 0.1806 0.6500 1.0000
vt 0.1944 0.7000 1.0000
vt 0.1806 0.7000 1.0000
vt 0.1944 0.8000 1.0000
vt 0.1806 0.8000 1.0000
vt 0.1806 0.7500 1.0000
vt 0.1944 0.7500 1.0000
vt 0.1667 0.8000 1.0000
vt 0.1667 0.7500 1.0000
vt 0.1528 0.7500 1.0000
vt 0.1528 0.8000 1.0000
vt 0.2083 0.6500 1.0000
vt 0.2222 0.6500 1.0000
vt 0.2222 0.7000 1.0000
vt 0.2083 0.7000 1.0000
vt 0.2500 0.6500 1.0000
vt 0.2361 0.6500 1.0000
vt 0.2500 0.7000 1.0000
vt 0.2361 0.7000 1.0000
vt 0.2500 0.8000 1.0000
vt 0.2361 0.8000 1.0000
vt 0.2361 0.7500 1.0000
vt 0.2500 0.7500 1.0000
vt 0.2222 0.8000 1.0000
vt 0.2222 0.7500 1.0000
vt 0.2083 0.7500 1.0000
vt 0.2083 0.8000 1.0000
vt 0.2639 0.6500 1.0000
vt 0.2778 0.6500 1.0000
vt 0.2778 0.7000 1.0000
vt 0.2639 0.7000 1.0000
vt 0.3056 0.6500 1.0000
vt 0.2917 0.6500 1.0000
vt 0.3056 0.7000 1.0000
vt 0.2917 0.7000 1.0000
vt 0.3056 0.8000 1.0000
vt 0.2917 0.8000 1.0000
vt 0.2917 0.7500 1.0000
vt 0.3056 0.7500 1.0000
vt 0.2778 0.8000 1.0000
vt 0.2778 0.7500 1.0000
vt 0.2639 0.7500 1.0000
vt 0.2639 0.8000 1.0000
vt 0.3194 0.6500 1.0000
vt 0.3333 0.6500 1.0000
vt 0.3333 0.7000 1.0000
vt 0.3194 0.7000 1.0000
vt 0.3611 0.6500 1.0000
vt 0.3472 0.6500 1.0000
vt 0.3611 0.7000 1.0000
vt 0.3472 0.7000 1.0000
vt 0.3611 0.8000 1.0000
vt 0.3472 0.8000 1.0000
vt 0.3472 0.7500 1.0000
vt 0.3611 0.7500 1.0000
vt 0.3333 0.8000 1.0000
vt 0.3333 0.7500 1.0000
vt 0.3194 0.7500 1.0000
vt 0.3194 0.8000 1.0000
vt 0.3750 0.6500 1.0000
vt 0.3889 0.6500 1.0000
vt 0.3889 0.7000 1.0000
vt 0.3750 0.7000 1.0000
vt 0.4167 0.6500 1.0000
vt 0.4028 0.6500 1.0000
vt 0.4167 0.7000 1.0000
vt 0.4028 0.7000 1.0000
vt 0.4167 0.8000 1.0000
vt 0.4028 0.8000 1.0000
vt 0.4028 0.7500 1.0000
vt 0.4167 0.7500 1.0000
vt 0.3889 0.8000 1.0000
vt 0.3889 0.7500 1.0000
vt 0.3750 0.7500 1.0000
vt 0.3750 0.8000 1.0000
vt 0.4306 0.6500 1.0000
vt 0.4444 0.6500 1.0000
vt 0.4444 0.7000 1.0000
vt 0.4306 0.7000 1.0000
vt 0.4722 0.6500 1.0000
vt 0.4583 0.6500 1.0000
vt 0.4722 0.7000 1.0000
vt 0.4583 0.7000 1.0000
vt 0.4722 0.8000 1.0000
vt 0.4583 0.8000 1.0000
vt 0.4583 0.7500 1.0000
vt 0.4722 0.7500 1.0000
vt 0.4444 0.8000 1.0000
vt 0.4444 0.7500 1.0000
vt 0.4306 0.7500 1.0000
vt 0.4306 0.8000 1.0000
vt 0.4861 0.6500 1.0000
vt 0.5000 0.6500 1.0000
vt 0.5000 0.7000 1.0000
vt 0.4861 0.7000 1.0000
vt 0.5278 0.6500 1.0000
vt 0.5139 0.6500 1.0000
vt 0.5278 0.7000 1.0000
vt 0.5139 0.7000 1.0000
vt 0.5278 0.8000 1.0000
vt 0.5139 0.8000 1.0000
vt 0.5139 0.7500 1.0000
vt 0.5278 0.7500 1.0000
vt 0.5000 0.8000 1.0000
vt 0.5000 0.7500 1.0000
vt 0.4861 0.7500 1.0000
vt 0.4861 0.8000 1.0000
vt 0.5417 0.6500 1.0000
vt 0.5556 0.6500 1.0000
vt 0.5556 0.7000 1.0000
vt 0.5417 0.7000 1.0000
vt 0.5833 0.6500 1.0000
vt 0.5694 0.6500 1.0000
vt 0.5833 0.7000 1.0000
vt 0.5694 0.7000 1.0000
vt 0.5833 0.8000 1.0000
vt 0.5694 0.8000 1.0000
vt 0.5694 0.7500 1.0000
vt 0.5833 0.7500 1.0000
vt 0.5556 0.8000 1.0000
vt 0.5556 0.7500 1.0000
vt 0.5417 0.7500 1.0000
vt 0.5417 0.8000 1.0000
vt 0.5972 0.6500 1.0000
vt 0.6111 0.6500 1.0000
vt 0.6111 0.7000 1.0000
vt 0.5972 0.7000 1.0000
vt 0.6389 0.6500 1.0000
vt 0.6250 0.6500 1.0000
vt 0.6389 0.7000 1.0000
vt 0.6250 0.7000 1.0000
vt 0.6389 0.8000 1.0000
vt 0.6250 0.8000 1.0000
vt 0.6250 0.7500 1.0000
vt 0.6389 0.7500 1.0000
vt 0.6111 0.8000 1.0000
vt 0.6111 0.7500 1.0000
vt 0.5972 0.7500 1.0000
vt 0.5972 0.8000 1.0000
vt 0.6528 0.6500 1.0000
vt 0.6667 0.6500 1.0000
vt 0.6667 0.7000 1.0000
vt 0.6528 0.7000 1.0000
vt 0.6944 0.6500 1.0000
vt 0.6806 0.6500 1.0000
vt 0.6944 0.7000 1.0000
vt 0.6806 0.7000 1.0000
vt 0.6944 0.8000 1.0000
vt 0.6806 0.8000 1.0000
vt 0.6806 0.7500 1.0000
vt 0.6944 0.7500 1.0000
vt 0.6667 0.8000 1.0000
vt 0.6667 0.7500 1.0000
vt 0.6528 0.7500 1.0000
vt 0.6528 0.8000 1.0000
vt 0.7083 0.6500 1.0000
vt 0.7222 0.6500 1.0000
vt 0.7222 0.7000 1.0000
vt 0.7083 0.7000 1.0000
vt 0.7361 0.6500 1.0000
vt 0.7361 0.7000 1.0000
vt 0.7361 0.8000 1.0000
vt 0.7361 0.7500 1.0000
vt 0.7222 0.8000 1.0000
vt 0.7222 0.7500 1.0000
vt 0.7083 0.7500 1.0000
vt 0.7083 0.8000 1.0000
vt 0.7639 0.8500 1.0000
vt 0.7500 0.8500 1.0000
vt 0.7778 0.8500 1.0000
vt 0.7715 0.8963 0.9763
vt 0.7588 0.8957 0.9801
vt 0.7462 0.8951 0.9839
vt 0.8056 0.8500 1.0000
vt 0.7917 0.8500 1.0000
vt 0.8008 0.8951 0.9839
vt 0.7862 0.8957 0.9801
vt 0.7644 0.9509 0.8611
vt 0.7414 0.9599 0.8116
vt 0.7698 0.9326 0.9204
vt 0.7865 0.9302 0.9357
vt 0.7162 0.9643 0.7680
vt 0.7526 0.9351 0.9050
vt 0.7175 0.9509 0.8611
vt 0.7350 0.9302 0.9357
vt 0.7435 0.9326 0.9204
vt 0.7142 0.9599 0.8116
vt 0.8194 0.8500 1.0000
vt 0.8333 0.8500 1.0000
vt 0.8255 0.8963 0.9763
vt 0.8131 0.8957 0.9801
vt 0.8611 0.8500 1.0000
vt 0.8472 0.8500 1.0000
vt 0.8553 0.8951 0.9839
vt 0.8405 0.8957 0.9801
vt 0.8112 0.9509 0.8611
vt 0.7851 0.9599 0.8116
vt 0.8203 0.9326 0.9204
vt 0.8380 0.9302 0.9357
vt 0.7572 0.9643 0.7680
vt 0.8022 0.9351 0.9050
vt 0.7941 0.9326 0.9204
vt 0.7579 0.9599 0.8116
vt 0.8750 0.8500 1.0000
vt 0.8889 0.8500 1.0000
vt 0.8796 0.8963 0.9763
vt 0.8674 0.8957 0.9801
vt 0.9167 0.8500 1.0000
vt 0.9028 0.8500 1.0000
vt 0.9099 0.8951 0.9839
vt 0.8948 0.8957 0.9801
vt 0.8580 0.9509 0.8611
vt 0.8288 0.9599 0.8116
vt 0.8709 0.9326 0.9204
vt 0.8895 0.9302 0.9357
vt 0.7981 0.9643 0.7680
vt 0.8517 0.9351 0.9050
vt 0.8446 0.9326 0.9204
vt 0.8016 0.9599 0.8116
vt 0.9306 0.8500 1.0000
vt 0.9444 0.8500 1.0000
vt 0.9344 0.8970 0.9778
vt 0.9217 0.8957 0.9801
vt 0.9722 0.8500 1.0000
vt 0.9583 0.8500 1.0000
vt 0.9722 0.9000 1.0000
vt 0.9521 0.8984 0.9862
vt 0.9722 1.0000 1.0000
vt 0.8957 0.9781 0.8584
vt 0.9333 0.9438 0.9449
vt 0.9722 0.9500 1.0000
vt 0.8449 0.9689 0.7797
vt 0.9043 0.9378 0.9112
vt 0.8952 0.9326 0.9204
vt 0.8453 0.9599 0.8116
vt -0.0139 0.8500 1.0000
vt -0.0278 0.8500 1.0000
vt 0.0000 0.8500 1.0000
vt 0.0000 0.9000 1.0000
vt -0.0139 0.9000 1.0000
vt -0.0278 0.9000 1.0000
vt 0.0278 0.8500 1.0000
vt 0.0139 0.8500 1.0000
vt 0.0278 0.9000 1.0000
vt 0.0139 0.9000 1.0000
vt 0.0278 1.0000 1.0000
vt 0.0139 1.0000 1.0000
vt 0.0139 0.9500 1.0000
vt 0.0278 0.9500 1.0000
vt 0.0000 1.0000 1.0000
vt 0.0000 0.9500 1.0000
vt -0.0278 1.0000 1.0000
vt -0.0278 0.9500 1.0000
vt -0.0139 0.9500 1.0000
vt -0.0139 1.0000 1.0000
vt 0.0417 0.8500 1.0000
vt 0.0556 0.8500 1.0000
vt 0.0556 0.9000 1.0000
vt 0.0417 0.9000 1.0000
vt 0.0833 0.8500 1.0000
vt 0.0694 0.8500 1.0000
vt 0.0833 0.9000 1.0000
vt 0.0694 0.9000 1.0000
vt 0.0833 1.0000 1.0000
vt 0.0694 1.0000 1.0000
vt 0.0694 0.9500 1.0000
vt 0.0833 0.9500 1.0000
vt 0.0556 1.0000 1.0000
vt 0.0556 0.9500 1.0000
vt 0.0417 0.9500 1.0000
vt 0.0417 1.0000 1.0000
vt 0.0972 0.8500 1.0000
vt 0.1111 0.8500 1.0000
vt 0.1111 0.9000 1.0000
vt 0.0972 0.9000 1.0000
vt 0.1389 0.8500 1.0000
vt 0.1250 0.8500 1.0000
vt 0.1389 0.9000 1.0000
vt 0.1250 0.9000 1.0000
vt 0.1389 1.0000 1.0000
vt 0.1250 1.0000 1.0000
vt 0.1250 0.9500 1.0000
vt 0.1389 0.9500 1.0000
vt 0.1111 1.0000 1.0000
vt 0.1111 0.9500 1.0000
vt 0.0972 0.9500 1.0000
vt 0.0972 1.0000 1.0000
vt 0.1528 0.8500 1.0000
vt 0.1667 0.8500 1.0000
vt 0.1667 0.9000 1.0000
vt 0.1528 0.9000 1.0000
vt 0.1944 0.8500 1.0000
vt 0.1806 0.8500 1.0000
vt 0.1944 0.9000 1.0000
vt 0.1806 0.9000 1.0000
vt 0.1944 1.0000 1.0000
vt 0.1806 1.0000 1.0000
vt 0.1806 0.9500 1.0000
vt 0.1944 0.9500 1.0000
vt 0.1667 1.0000 1.0000
vt 0.1667 0.9500 1.0000
vt 0.1528 0.9500 1.0000
vt 0.1528 1.0000 1.0000
vt 0.2083 0.8500 1.0000
vt 0.2222 0.8500 1.0000
vt 0.2222 0.9000 1.0000
vt 0.2083 0.9000 1.0000
vt 0.2500 0.8500 1.0000
vt 0.2361 0.8500 1.0000
vt 0.2500 0.9000 1.0000
vt 0.2361 0.9000 1.0000
vt 0.2500 1.0000 1.0000
vt 0.2361 1.0000 1.0000
vt 0.2361 0.9500 1.0000
vt 0.2500 0.9500 1.0000
vt 0.2222 1.0000 1.0000
vt 0.2222 0.9500 1.0000
vt 0.2083 0.9500 1.0000
vt 0.2083 1.0000 1.0000
vt 0.2639 0.8500 1.0000
vt 0.2778 0.8500 1.0000
vt 0.2778 0.9000 1.0000
vt 0.2639 0.9000 1.0000
vt 0.3056 0.8500 1.0000
vt 0.2917 0.8500 1.0000
vt 0.3056 0.9000 1.0000
vt 0.2917 0.9000 1.0000
vt 0.3056 1.0000 1.0000
vt 0.2917 1.0000 1.0000
vt 0.2917 0.9500 1.0000
vt 0.3056 0.9500 1.0000
vt 0.2778 1.0000 1.0000
vt 0.2778 0.9500 1.0000
vt 0.2639 0.9500 1.0000
vt 0.2639 1.0000 1.0000
vt 0.3194 0.8500 1.0000
vt 0.3333 0.8500 1.0000
vt 0.3333 0.9000 1.0000
vt 0.3194 0.9000 1.0000
vt 0.3611 0.8500 1.0000
vt 0.3472 0.8500 1.0000
vt 0.3611 0.9000 1.0000
vt 0.3472 0.9000 1.0000
vt 0.3611 1.0000 1.0000
vt 0.3472 1.0000 1.0000
vt 0.3472 0.9500 1.0000
vt 0.3611 0.9500 1.0000
vt 0.3333 1.0000 1.0000
vt 0.3333 0.9500 1.0000
vt 0.3194 0.9500 1.0000
vt 0.3194 1.0000 1.0000
vt 0.3750 0.8500 1.0000
vt 0.3889 0.8500 1.0000
vt 0.3889 0.9000 1.0000
vt 0.3750 0.9000 1.0000
vt 0.4167 0.8500 1.0000
vt 0.4028 0.8500 1.0000
vt 0.4167 0.9000 1.0000
vt 0.4028 0.9000 1.0000
vt 0.4167 1.0000 1.0000
vt 0.4028 1.0000 1.0000
vt 0.4028 0.9500 1.0000
vt 0.4167 0.9500 1.0000
vt 0.3889 1.0000 1.0000
vt 0.3889 0.9500 1.0000
vt 0.3750 0.9500 1.0000
vt 0.3750 1.0000 1.0000
vt 0.4306 0.8500 1.0000
vt 0.4444 0.8500 1.0000
vt 0.4444 0.9000 1.0000
vt 0.4306 0.9000 1.0000
vt 0.4722 0.8500 1.0000
vt 0.4583 0.8500 1.0000
vt 0.4722 0.9000 1.0000
vt 0.4583 0.9000 1.0000
vt 0.4722 1.0000 1.0000
vt 0.4583 1.0000 1.0000
vt 0.4583 0.9500 1.0000
vt 0.4722 0.9500 1.0000
vt 0.4444 1.0000 1.0000
vt 0.4444 0.9500 1.0000
vt 0.4306 0.9500 1.0000
vt 0.4306 1.0000 1.0000
vt 0.4861 0.8500 1.0000
vt 0.5000 0.8500 1.0000
vt 0.5000 0.9000 1.0000
vt 0.4861 0.9000 1.0000
vt 0.5278 0.8500 1.0000
vt 0.5139 0.8500 1.0000
vt 0.5278 0.9000 1.0000
vt 0.5139 0.9000 1.0000
vt 0.5278 1.0000 1.0000
vt 0.5139 1.0000 1.0000
vt 0.5139 0.9500 1.0000
vt 0.5278 0.9500 1.0000
vt 0.5000 1.0000 1.0000
vt 0.5000 0.9500 1.0000
vt 0.4861 0.9500 1.0000
vt 0.4861 1.0000 1.0000
vt 0.5417 0.8500 1.0000
vt 0.5556 0.8500 1.0000
vt 0.5556 0.9000 1.0000
vt 0.5417 0.9000 1.0000
vt 0.5833 0.8500 1.0000
vt 0.5694 0.8500 1.0000
vt 0.5833 0.9000 1.0000
vt 0.5694 0.9000 1.0000
vt 0.5833 1.0000 1.0000
vt 0.5694 1.0000 1.0000
vt 0.5694 0.9500 1.0000
vt 0.5833 0.9500 1.0000
vt 0.5556 1.0000 1.0000
vt 0.5556 0.9500 1.0000
vt 0.5417 0.9500 1.0000
vt 0.5417 1.0000 1.0000
vt 0.5972 0.8500 1.0000
vt 0.6111 0.8500 1.0000
vt 0.6111 0.9000 1.0000
vt 0.5972 0.9000 1.0000
vt 0.6389 0.8500 1.0000
vt 0.6250 0.8500 1.0000
vt 0.6389 0.9000 1.0000
vt 0.6250 0.9000 1.0000
vt 0.6389 1.0000 1.0000
vt 0.6250 1.0000 1.0000
vt 0.6250 0.9500 1.0000
vt 0.6389 0.9500 1.0000
vt 0.6111 1.0000 1.0000
vt 0.6111 0.9500 1.0000
vt 0.5972 0.9500 1.0000
vt 0.5972 1.0000 1.0000
vt 0.6528 0.8500 1.0000
vt 0.6667 0.8500 1.0000
vt 0.6664 0.8993 0.9985
vt 0.6528 0.9000 1.0000
vt 0.6944 0.8500 1.0000
vt 0.6806 0.8500 1.0000
vt 0.6922 0.8954 0.9874
vt 0.6795 0.8972 0.9939
vt 0.6697 0.9551 0.8792
vt 0.6722 0.9778 0.9510
vt 0.6764 0.9389 0.9755
vt 0.6854 0.9318 0.9495
vt 0.6667 1.0000 1.0000
vt 0.6656 0.9472 0.9939
vt 0.6528 0.9500 1.0000
vt 0.6528 1.0000 1.0000
vt 0.7083 0.8500 1.0000
vt 0.7222 0.8500 1.0000
vt 0.7174 0.8963 0.9763
vt 0.7045 0.8957 0.9801
vt 0.7361 0.8500 1.0000
vt 0.7319 0.8957 0.9801
vt 0.6977 0.9599 0.8116
vt 0.7192 0.9326 0.9204
vt 0.6723 0.9647 0.7609
vt 0.7030 0.9351 0.9050
vt 0.6930 0.9326 0.9204
vt 0.6586 0.9615 0.7833
vt 0.5860 0.9826 0.5314
vt 0.5613 0.9778 0.6142
vt 0.6186 0.9835 0.5183
vt 0.5420 0.9993 0.1123
vt 0.4765 0.9957 0.2187
vt 0.4449 1.0000 0.3264
vt 0.6670 0.9764 0.6447
vt 0.6575 0.9819 0.5467
vt 0.7001 0.9764 0.6447
vt 0.6846 0.9819 0.5467
vt 0.7333 0.9764 0.6447
vt 0.7116 0.9819 0.5467
vt 0.7665 0.9764 0.6447
vt 0.7469 0.9863 0.5628
vt 0.9719 1.0000 0.9698
vt 0.8330 0.9938 0.7092
vt 0.9715 1.0000 0.9397
vt 0.8013 0.9984 0.6106
vt 0.9708 1.0000 0.8794
vt 0.9563 1.0000 0.8227
vt 0.8570 1.0000 0.6757
vt 0.9712 1.0000 0.9095
vt 0.9417 1.0000 0.7660
vt 0.7892 1.0000 0.5172
vt 0.9126 1.0000 0.6527
vt 0.8856 1.0000 0.5764
vt 0.8142 1.0000 0.5091
vt 0.9272 1.0000 0.7094
vt 0.8587 1.0000 0.5000
vt 0.7379 1.0000 0.3529
vt 0.8047 1.0000 0.3473
vt 0.7685 1.0000 0.2605
vt 0.7349 1.0000 0.2847
vt 0.8317 1.0000 0.4236
vt 0.7323 1.0000 0.1736
vt 0.6599 1.0000 0.1514
vt 0.6600 1.0000 0.0000
vt 0.6190 1.0000 -0.0868
vt 0.6285 1.0000 0.0295
vt 0.6961 1.0000 0.0868
vt 0.5780 1.0000 -0.1736
vt 0.5646 1.0000 -0.0630
vt 0.4960 1.0000 -0.3473
vt 0.4551 1.0000 -0.4236
vt 0.5080 1.0000 -0.2258
vt 0.5370 1.0000 -0.2605
vt 0.4142 1.0000 -0.5000
vt 0.4635 1.0000 -0.2646
vt 0.3325 1.0000 -0.6527
vt 0.2966 1.0000 -0.7094
vt 0.3878 1.0000 -0.4502
vt 0.3733 1.0000 -0.5764
vt 0.2608 1.0000 -0.7660
vt 0.3687 1.0000 -0.4288
vt 0.1891 1.0000 -0.8794
vt 0.1627 1.0000 -0.9095
vt 0.2825 1.0000 -0.6168
vt 0.2250 1.0000 -0.8227
vt 0.1362 1.0000 -0.9397
vt 0.2918 1.0000 -0.5360
vt 0.0833 1.0000 -1.0000
vt 0.0694 1.0000 -1.0000
vt 0.2047 1.0000 -0.7055
vt 0.1098 1.0000 -0.9698
vt 0.0556 1.0000 -1.0000
vt 0.2420 1.0000 -0.5733
vt 0.0278 1.0000 -1.0000
vt 0.0281 1.0000 -0.9698
vt 0.1639 1.0000 -0.7055
vt 0.0417 1.0000 -1.0000
vt 0.0285 1.0000 -0.9397
vt 0.2253 1.0000 -0.5360
vt 0.0292 1.0000 -0.8794
vt 0.0437 1.0000 -0.8227
vt 0.1649 1.0000 -0.6168
vt 0.0288 1.0000 -0.9095
vt 0.0583 1.0000 -0.7660
vt 0.2437 1.0000 -0.4288
vt 0.0874 1.0000 -0.6527
vt 0.1144 1.0000 -0.5764
vt 0.2077 1.0000 -0.4502
vt 0.0728 1.0000 -0.7094
vt 0.1413 1.0000 -0.5000
vt 0.3061 1.0000 -0.2333
vt 0.1953 1.0000 -0.3473
vt 0.3201 1.0000 -0.0105
vt 0.3313 1.0000 -0.1008
vt 0.1683 1.0000 -0.4236
# 1713 texture coords

o Cylinder002
g Cylinder002
usemtl wire_224086086
s 1
f 1587/1714/805 1588/1715/806 1589/1716/807 1590/1717/808 
f 1591/1718/809 1592/1719/810 1589/1716/807 1588/1715/806 
f 1593/1720/811 1594/1721/812 1589/1716/807 1592/1719/810 
f 1595/1722/813 1590/1717/808 1589/1716/807 1594/1721/812 
f 1596/1723/814 1597/1724/815 1598/1725/816 1599/1726/817 
f 1600/1727/818 1601/1728/819 1598/1725/816 1597/1724/815 
f 1593/1720/811 1592/1719/810 1598/1725/816 1601/1728/819 
f 1591/1718/809 1599/1726/817 1598/1725/816 1592/1719/810 
f 1602/1729/820 1603/1730/821 1604/1731/822 1605/1732/823 
f 1606/1733/824 1607/1734/825 1604/1731/822 1603/1730/821 
f 1593/1720/811 1601/1728/819 1604/1731/822 1607/1734/825 
f 1600/1727/818 1605/1732/823 1604/1731/822 1601/1728/819 
f 1608/1735/826 1609/1736/827 1610/1737/828 1611/1738/829 
f 1612/1739/830 1613/1740/831 1610/1737/828 1609/1736/827 
f 1593/1720/811 1607/1734/825 1610/1737/828 1613/1740/831 
f 1606/1733/824 1611/1738/829 1610/1737/828 1607/1734/825 
f 1614/1741/832 1615/1742/833 1616/1743/834 1617/1744/835 
f 1618/1745/836 1619/1746/837 1616/1743/834 1615/1742/833 
f 1593/1720/811 1613/1740/831 1616/1743/834 1619/1746/837 
f 1612/1739/830 1617/1744/835 1616/1743/834 1613/1740/831 
f 1620/1747/838 1621/1748/839 1622/1749/840 1623/1750/841 
f 1624/1751/842 1625/1752/843 1622/1749/840 1621/1748/839 
f 1593/1720/811 1619/1746/837 1622/1749/840 1625/1752/843 
f 1618/1745/836 1623/1750/841 1622/1749/840 1619/1746/837 
f 1626/1753/844 1627/1754/845 1628/1755/846 1629/1756/847 
f 1630/1757/848 1631/1758/849 1628/1755/846 1627/1754/845 
f 1593/1720/811 1625/1752/843 1628/1755/846 1631/1758/849 
f 1624/1751/842 1629/1756/847 1628/1755/846 1625/1752/843 
f 1632/1759/850 1633/1760/851 1634/1761/852 1635/1762/853 
f 1636/1763/854 1637/1764/855 1634/1761/852 1633/1760/851 
f 1593/1720/811 1631/1758/849 1634/1761/852 1637/1764/855 
f 1630/1757/848 1635/1762/853 1634/1761/852 1631/1758/849 
f 1638/1765/856 1639/1766/857 1640/1767/858 1641/1768/859 
f 1642/1769/860 1643/1770/861 1640/1767/858 1639/1766/857 
f 1593/1720/811 1637/1764/855 1640/1767/858 1643/1770/861 
f 1636/1763/854 1641/1768/859 1640/1767/858 1637/1764/855 
f 1644/1771/862 1645/1772/863 1646/1773/864 1647/1774/865 
f 1648/1775/866 1649/1776/867 1646/1773/864 1645/1772/863 
f 1593/1720/811 1643/1770/861 1646/1773/864 1649/1776/867 
f 1642/1769/860 1647/1774/865 1646/1773/864 1643/1770/861 
f 1650/1777/868 1651/1778/869 1652/1779/870 1653/1780/871 
f 1654/1781/872 1655/1782/873 1652/1779/870 1651/1778/869 
f 1593/1720/811 1649/1776/867 1652/1779/870 1655/1782/873 
f 1648/1775/866 1653/1780/871 1652/1779/870 1649/1776/867 
f 1656/1783/874 1657/1784/875 1658/1785/876 1659/1786/877 
f 1660/1787/878 1661/1788/879 1658/1785/876 1657/1784/875 
f 1593/1720/811 1655/1782/873 1658/1785/876 1661/1788/879 
f 1654/1781/872 1659/1786/877 1658/1785/876 1655/1782/873 
f 1662/1789/880 1663/1790/881 1664/1791/882 1665/1792/883 
f 1666/1793/884 1667/1794/885 1664/1791/882 1663/1790/881 
f 1593/1720/811 1661/1788/879 1664/1791/882 1667/1794/885 
f 1660/1787/878 1665/1792/883 1664/1791/882 1661/1788/879 
f 1668/1795/886 1669/1796/887 1670/1797/888 1671/1798/889 
f 1672/1799/890 1673/1800/891 1670/1797/888 1669/1796/887 
f 1593/1720/811 1667/1794/885 1670/1797/888 1673/1800/891 
f 1666/1793/884 1671/1798/889 1670/1797/888 1667/1794/885 
f 1674/1801/892 1675/1802/893 1676/1803/894 1677/1804/895 
f 1678/1805/896 1679/1806/897 1676/1803/894 1675/1802/893 
f 1593/1720/811 1673/1800/891 1676/1803/894 1679/1806/897 
f 1672/1799/890 1677/1804/895 1676/1803/894 1673/1800/891 
f 1680/1807/898 1681/1808/899 1682/1809/900 1683/1810/901 
f 1684/1811/902 1685/1812/903 1682/1809/900 1681/1808/899 
f 1593/1720/811 1679/1806/897 1682/1809/900 1685/1812/903 
f 1678/1805/896 1683/1810/901 1682/1809/900 1679/1806/897 
f 1686/1813/904 1687/1814/905 1688/1815/906 1689/1816/907 
f 1690/1817/908 1691/1818/909 1688/1815/906 1687/1814/905 
f 1593/1720/811 1685/1812/903 1688/1815/906 1691/1818/909 
f 1684/1811/902 1689/1816/907 1688/1815/906 1685/1812/903 
f 1692/1819/910 1693/1820/911 1694/1821/912 1695/1822/913 
f 1595/1722/813 1594/1721/812 1694/1821/912 1693/1820/911 
f 1593/1720/811 1691/1818/909 1694/1821/912 1594/1721/812 
f 1690/1817/908 1695/1822/913 1694/1821/912 1691/1818/909 
f 1692/1819/910 1695/1822/913 1696/1823/914 1697/1824/915 
f 1690/1817/908 1698/1825/916 1696/1823/914 1695/1822/913 
f 1699/1826/917 1700/1827/918 1696/1823/914 1698/1825/916 
f 1701/1828/919 1697/1824/915 1696/1823/914 1700/1827/918 
f 1686/1813/904 1702/1829/920 1703/1830/921 1687/1814/905 
f 1704/1831/922 1705/1832/923 1703/1830/921 1702/1829/920 
f 1699/1826/917 1698/1825/916 1703/1830/921 1705/1832/923 
f 1690/1817/908 1687/1814/905 1703/1830/921 1698/1825/916 
f 1706/1833/924 1707/1834/925 1708/1835/926 1709/1836/927 
f 1710/1837/928 1711/1838/929 1708/1835/926 1707/1834/925 
f 1699/1826/917 1705/1832/923 1708/1835/926 1711/1838/929 
f 1704/1831/922 1709/1836/927 1708/1835/926 1705/1832/923 
f 1712/1839/930 1713/1840/931 1714/1841/932 1715/1842/933 
f 1701/1828/919 1700/1827/918 1714/1841/932 1713/1840/931 
f 1699/1826/917 1711/1838/929 1714/1841/932 1700/1827/918 
f 1710/1837/928 1715/1842/933 1714/1841/932 1711/1838/929 
f 1686/1813/904 1689/1816/907 1716/1843/934 1702/1829/920 
f 1684/1811/902 1717/1844/935 1716/1843/934 1689/1816/907 
f 1718/1845/936 1719/1846/937 1716/1843/934 1717/1844/935 
f 1704/1831/922 1702/1829/920 1716/1843/934 1719/1846/937 
f 1680/1807/898 1720/1847/938 1721/1848/939 1681/1808/899 
f 1722/1849/940 1723/1850/941 1721/1848/939 1720/1847/938 
f 1718/1845/936 1717/1844/935 1721/1848/939 1723/1850/941 
f 1684/1811/902 1681/1808/899 1721/1848/939 1717/1844/935 
f 1724/1851/942 1725/1852/943 1726/1853/944 1727/1854/945 
f 1728/1855/946 1729/1856/947 1726/1853/944 1725/1852/943 
f 1718/1845/936 1723/1850/941 1726/1853/944 1729/1856/947 
f 1722/1849/940 1727/1854/945 1726/1853/944 1723/1850/941 
f 1706/1833/924 1709/1836/927 1730/1857/948 1731/1858/949 
f 1704/1831/922 1719/1846/937 1730/1857/948 1709/1836/927 
f 1718/1845/936 1729/1856/947 1730/1857/948 1719/1846/937 
f 1728/1855/946 1731/1858/949 1730/1857/948 1729/1856/947 
f 1680/1807/898 1683/1810/901 1732/1859/950 1720/1847/938 
f 1678/1805/896 1733/1860/951 1732/1859/950 1683/1810/901 
f 1734/1861/952 1735/1862/953 1732/1859/950 1733/1860/951 
f 1722/1849/940 1720/1847/938 1732/1859/950 1735/1862/953 
f 1674/1801/892 1736/1863/954 1737/1864/955 1675/1802/893 
f 1738/1865/956 1739/1866/957 1737/1864/955 1736/1863/954 
f 1734/1861/952 1733/1860/951 1737/1864/955 1739/1866/957 
f 1678/1805/896 1675/1802/893 1737/1864/955 1733/1860/951 
f 1740/1867/958 1741/1868/959 1742/1869/960 1743/1870/961 
f 1744/1871/962 1745/1872/963 1742/1869/960 1741/1868/959 
f 1734/1861/952 1739/1866/957 1742/1869/960 1745/1872/963 
f 1738/1865/956 1743/1870/961 1742/1869/960 1739/1866/957 
f 1724/1851/942 1727/1854/945 1746/1873/964 1747/1874/965 
f 1722/1849/940 1735/1862/953 1746/1873/964 1727/1854/945 
f 1734/1861/952 1745/1872/963 1746/1873/964 1735/1862/953 
f 1744/1871/962 1747/1874/965 1746/1873/964 1745/1872/963 
f 1674/1801/892 1677/1804/895 1748/1875/966 1736/1863/954 
f 1672/1799/890 1749/1876/967 1748/1875/966 1677/1804/895 
f 1750/1877/968 1751/1878/969 1748/1875/966 1749/1876/967 
f 1738/1865/956 1736/1863/954 1748/1875/966 1751/1878/969 
f 1668/1795/886 1752/1879/970 1753/1880/971 1669/1796/887 
f 1754/1881/972 1755/1882/973 1753/1880/971 1752/1879/970 
f 1750/1877/968 1749/1876/967 1753/1880/971 1755/1882/973 
f 1672/1799/890 1669/1796/887 1753/1880/971 1749/1876/967 
f 1756/1883/974 1757/1884/975 1758/1885/976 1759/1886/977 
f 1760/1887/978 1761/1888/979 1758/1885/976 1757/1884/975 
f 1750/1877/968 1755/1882/973 1758/1885/976 1761/1888/979 
f 1754/1881/972 1759/1886/977 1758/1885/976 1755/1882/973 
f 1740/1867/958 1743/1870/961 1762/1889/980 1763/1890/981 
f 1738/1865/956 1751/1878/969 1762/1889/980 1743/1870/961 
f 1750/1877/968 1761/1888/979 1762/1889/980 1751/1878/969 
f 1760/1887/978 1763/1890/981 1762/1889/980 1761/1888/979 
f 1668/1891/886 1671/1892/889 1764/1893/982 1752/1894/970 
f 1666/1895/884 1765/1896/983 1764/1893/982 1671/1892/889 
f 1766/1897/984 1767/1898/985 1764/1893/982 1765/1896/983 
f 1754/1899/972 1752/1894/970 1764/1893/982 1767/1898/985 
f 1662/1900/880 1768/1901/986 1769/1902/987 1663/1903/881 
f 1770/1904/988 1771/1905/989 1769/1902/987 1768/1901/986 
f 1766/1897/984 1765/1896/983 1769/1902/987 1771/1905/989 
f 1666/1895/884 1663/1903/881 1769/1902/987 1765/1896/983 
f 1772/1906/990 1773/1907/991 1774/1908/992 1775/1909/993 
f 1776/1910/994 1777/1911/995 1774/1908/992 1773/1907/991 
f 1766/1897/984 1771/1905/989 1774/1908/992 1777/1911/995 
f 1770/1904/988 1775/1909/993 1774/1908/992 1771/1905/989 
f 1756/1912/974 1759/1913/977 1778/1914/996 1779/1915/997 
f 1754/1899/972 1767/1898/985 1778/1914/996 1759/1913/977 
f 1766/1897/984 1777/1911/995 1778/1914/996 1767/1898/985 
f 1776/1910/994 1779/1915/997 1778/1914/996 1777/1911/995 
f 1662/1900/880 1665/1916/883 1780/1917/998 1768/1901/986 
f 1660/1918/878 1781/1919/999 1780/1917/998 1665/1916/883 
f 1782/1920/1000 1783/1921/1001 1780/1917/998 1781/1919/999 
f 1770/1904/988 1768/1901/986 1780/1917/998 1783/1921/1001 
f 1656/1922/874 1784/1923/1002 1785/1924/1003 1657/1925/875 
f 1786/1926/1004 1787/1927/1005 1785/1924/1003 1784/1923/1002 
f 1782/1920/1000 1781/1919/999 1785/1924/1003 1787/1927/1005 
f 1660/1918/878 1657/1925/875 1785/1924/1003 1781/1919/999 
f 1788/1928/1006 1789/1929/1007 1790/1930/1008 1791/1931/1009 
f 1792/1932/1010 1793/1933/1011 1790/1930/1008 1789/1929/1007 
f 1782/1920/1000 1787/1927/1005 1790/1930/1008 1793/1933/1011 
f 1786/1926/1004 1791/1931/1009 1790/1930/1008 1787/1927/1005 
f 1772/1906/990 1775/1909/993 1794/1934/1012 1795/1935/1013 
f 1770/1904/988 1783/1921/1001 1794/1934/1012 1775/1909/993 
f 1782/1920/1000 1793/1933/1011 1794/1934/1012 1783/1921/1001 
f 1792/1932/1010 1795/1935/1013 1794/1934/1012 1793/1933/1011 
f 1656/1922/874 1659/1936/877 1796/1937/1014 1784/1923/1002 
f 1654/1938/872 1797/1939/1015 1796/1937/1014 1659/1936/877 
f 1798/1940/1016 1799/1941/1017 1796/1937/1014 1797/1939/1015 
f 1786/1926/1004 1784/1923/1002 1796/1937/1014 1799/1941/1017 
f 1650/1942/868 1800/1943/1018 1801/1944/1019 1651/1945/869 
f 1802/1946/1020 1803/1947/1021 1801/1944/1019 1800/1943/1018 
f 1798/1940/1016 1797/1939/1015 1801/1944/1019 1803/1947/1021 
f 1654/1938/872 1651/1945/869 1801/1944/1019 1797/1939/1015 
f 1804/1948/1022 1805/1949/1023 1806/1950/1024 1807/1951/1025 
f 1808/1952/1026 1809/1953/1027 1806/1950/1024 1805/1949/1023 
f 1798/1940/1016 1803/1947/1021 1806/1950/1024 1809/1953/1027 
f 1802/1946/1020 1807/1951/1025 1806/1950/1024 1803/1947/1021 
f 1788/1928/1006 1791/1931/1009 1810/1954/1028 1811/1955/1029 
f 1786/1926/1004 1799/1941/1017 1810/1954/1028 1791/1931/1009 
f 1798/1940/1016 1809/1953/1027 1810/1954/1028 1799/1941/1017 
f 1808/1952/1026 1811/1955/1029 1810/1954/1028 1809/1953/1027 
f 1650/1942/868 1653/1956/871 1812/1957/1030 1800/1943/1018 
f 1648/1958/866 1813/1959/1031 1812/1957/1030 1653/1956/871 
f 1814/1960/1032 1815/1961/1033 1812/1957/1030 1813/1959/1031 
f 1802/1946/1020 1800/1943/1018 1812/1957/1030 1815/1961/1033 
f 1644/1962/862 1816/1963/1034 1817/1964/1035 1645/1965/863 
f 1818/1966/1036 1819/1967/1037 1817/1964/1035 1816/1963/1034 
f 1814/1960/1032 1813/1959/1031 1817/1964/1035 1819/1967/1037 
f 1648/1958/866 1645/1965/863 1817/1964/1035 1813/1959/1031 
f 1820/1968/1038 1821/1969/1039 1822/1970/1040 1823/1971/1041 
f 1824/1972/1042 1825/1973/1043 1822/1970/1040 1821/1969/1039 
f 1814/1960/1032 1819/1967/1037 1822/1970/1040 1825/1973/1043 
f 1818/1966/1036 1823/1971/1041 1822/1970/1040 1819/1967/1037 
f 1804/1948/1022 1807/1951/1025 1826/1974/1044 1827/1975/1045 
f 1802/1946/1020 1815/1961/1033 1826/1974/1044 1807/1951/1025 
f 1814/1960/1032 1825/1973/1043 1826/1974/1044 1815/1961/1033 
f 1824/1972/1042 1827/1975/1045 1826/1974/1044 1825/1973/1043 
f 1644/1962/862 1647/1976/865 1828/1977/1046 1816/1963/1034 
f 1642/1978/860 1829/1979/1047 1828/1977/1046 1647/1976/865 
f 1830/1980/1048 1831/1981/1049 1828/1977/1046 1829/1979/1047 
f 1818/1966/1036 1816/1963/1034 1828/1977/1046 1831/1981/1049 
f 1638/1982/856 1832/1983/1050 1833/1984/1051 1639/1985/857 
f 1834/1986/1052 1835/1987/1053 1833/1984/1051 1832/1983/1050 
f 1830/1980/1048 1829/1979/1047 1833/1984/1051 1835/1987/1053 
f 1642/1978/860 1639/1985/857 1833/1984/1051 1829/1979/1047 
f 1836/1988/1054 1837/1989/1055 1838/1990/1056 1839/1991/1057 
f 1840/1992/1058 1841/1993/1059 1838/1990/1056 1837/1989/1055 
f 1830/1980/1048 1835/1987/1053 1838/1990/1056 1841/1993/1059 
f 1834/1986/1052 1839/1991/1057 1838/1990/1056 1835/1987/1053 
f 1820/1968/1038 1823/1971/1041 1842/1994/1060 1843/1995/1061 
f 1818/1966/1036 1831/1981/1049 1842/1994/1060 1823/1971/1041 
f 1830/1980/1048 1841/1993/1059 1842/1994/1060 1831/1981/1049 
f 1840/1992/1058 1843/1995/1061 1842/1994/1060 1841/1993/1059 
f 1638/1982/856 1641/1996/859 1844/1997/1062 1832/1983/1050 
f 1636/1998/854 1845/1999/1063 1844/1997/1062 1641/1996/859 
f 1846/2000/1064 1847/2001/1065 1844/1997/1062 1845/1999/1063 
f 1834/1986/1052 1832/1983/1050 1844/1997/1062 1847/2001/1065 
f 1632/2002/850 1848/2003/1066 1849/2004/1067 1633/2005/851 
f 1850/2006/1068 1851/2007/1069 1849/2004/1067 1848/2003/1066 
f 1846/2000/1064 1845/1999/1063 1849/2004/1067 1851/2007/1069 
f 1636/1998/854 1633/2005/851 1849/2004/1067 1845/1999/1063 
f 1852/2008/1070 1853/2009/1071 1854/2010/1072 1855/2011/1073 
f 1856/2012/1074 1857/2013/1075 1854/2010/1072 1853/2009/1071 
f 1846/2000/1064 1851/2007/1069 1854/2010/1072 1857/2013/1075 
f 1850/2006/1068 1855/2011/1073 1854/2010/1072 1851/2007/1069 
f 1836/1988/1054 1839/1991/1057 1858/2014/1076 1859/2015/1077 
f 1834/1986/1052 1847/2001/1065 1858/2014/1076 1839/1991/1057 
f 1846/2000/1064 1857/2013/1075 1858/2014/1076 1847/2001/1065 
f 1856/2012/1074 1859/2015/1077 1858/2014/1076 1857/2013/1075 
f 1632/2002/850 1635/2016/853 1860/2017/1078 1848/2003/1066 
f 1630/2018/848 1861/2019/1079 1860/2017/1078 1635/2016/853 
f 1862/2020/1080 1863/2021/1081 1860/2017/1078 1861/2019/1079 
f 1850/2006/1068 1848/2003/1066 1860/2017/1078 1863/2021/1081 
f 1626/2022/844 1864/2023/1082 1865/2024/1083 1627/2025/845 
f 1866/2026/1084 1867/2027/1085 1865/2024/1083 1864/2023/1082 
f 1862/2020/1080 1861/2019/1079 1865/2024/1083 1867/2027/1085 
f 1630/2018/848 1627/2025/845 1865/2024/1083 1861/2019/1079 
f 1868/2028/1086 1869/2029/1087 1870/2030/1088 1871/2031/1089 
f 1872/2032/1090 1873/2033/1091 1870/2030/1088 1869/2029/1087 
f 1862/2020/1080 1867/2027/1085 1870/2030/1088 1873/2033/1091 
f 1866/2026/1084 1871/2031/1089 1870/2030/1088 1867/2027/1085 
f 1852/2008/1070 1855/2011/1073 1874/2034/1092 1875/2035/1093 
f 1850/2006/1068 1863/2021/1081 1874/2034/1092 1855/2011/1073 
f 1862/2020/1080 1873/2033/1091 1874/2034/1092 1863/2021/1081 
f 1872/2032/1090 1875/2035/1093 1874/2034/1092 1873/2033/1091 
f 1626/2022/844 1629/2036/847 1876/2037/1094 1864/2023/1082 
f 1624/2038/842 1877/2039/1095 1876/2037/1094 1629/2036/847 
f 1878/2040/1096 1879/2041/1097 1876/2037/1094 1877/2039/1095 
f 1866/2026/1084 1864/2023/1082 1876/2037/1094 1879/2041/1097 
f 1620/2042/838 1880/2043/1098 1881/2044/1099 1621/2045/839 
f 1882/2046/1100 1883/2047/1101 1881/2044/1099 1880/2043/1098 
f 1878/2040/1096 1877/2039/1095 1881/2044/1099 1883/2047/1101 
f 1624/2038/842 1621/2045/839 1881/2044/1099 1877/2039/1095 
f 1884/2048/1102 1885/2049/1103 1886/2050/1104 1887/2051/1105 
f 1888/2052/1106 1889/2053/1107 1886/2050/1104 1885/2049/1103 
f 1878/2040/1096 1883/2047/1101 1886/2050/1104 1889/2053/1107 
f 1882/2046/1100 1887/2051/1105 1886/2050/1104 1883/2047/1101 
f 1868/2028/1086 1871/2031/1089 1890/2054/1108 1891/2055/1109 
f 1866/2026/1084 1879/2041/1097 1890/2054/1108 1871/2031/1089 
f 1878/2040/1096 1889/2053/1107 1890/2054/1108 1879/2041/1097 
f 1888/2052/1106 1891/2055/1109 1890/2054/1108 1889/2053/1107 
f 1620/2042/838 1623/2056/841 1892/2057/1110 1880/2043/1098 
f 1618/2058/836 1893/2059/1111 1892/2057/1110 1623/2056/841 
f 1894/2060/1112 1895/2061/1113 1892/2057/1110 1893/2059/1111 
f 1882/2046/1100 1880/2043/1098 1892/2057/1110 1895/2061/1113 
f 1614/2062/832 1896/2063/1114 1897/2064/1115 1615/2065/833 
f 1898/2066/1116 1899/2067/1117 1897/2064/1115 1896/2063/1114 
f 1894/2060/1112 1893/2059/1111 1897/2064/1115 1899/2067/1117 
f 1618/2058/836 1615/2065/833 1897/2064/1115 1893/2059/1111 
f 1900/2068/1118 1901/2069/1119 1902/2070/1120 1903/2071/1121 
f 1904/2072/1122 1905/2073/1123 1902/2070/1120 1901/2069/1119 
f 1894/2060/1112 1899/2067/1117 1902/2070/1120 1905/2073/1123 
f 1898/2066/1116 1903/2071/1121 1902/2070/1120 1899/2067/1117 
f 1884/2048/1102 1887/2051/1105 1906/2074/1124 1907/2075/1125 
f 1882/2046/1100 1895/2061/1113 1906/2074/1124 1887/2051/1105 
f 1894/2060/1112 1905/2073/1123 1906/2074/1124 1895/2061/1113 
f 1904/2072/1122 1907/2075/1125 1906/2074/1124 1905/2073/1123 
f 1614/2062/832 1617/2076/835 1908/2077/1126 1896/2063/1114 
f 1612/2078/830 1909/2079/1127 1908/2077/1126 1617/2076/835 
f 1910/2080/1128 1911/2081/1129 1908/2077/1126 1909/2079/1127 
f 1898/2066/1116 1896/2063/1114 1908/2077/1126 1911/2081/1129 
f 1608/2082/826 1912/2083/1130 1913/2084/1131 1609/2085/827 
f 1914/2086/1132 1915/2087/1133 1913/2084/1131 1912/2083/1130 
f 1910/2080/1128 1909/2079/1127 1913/2084/1131 1915/2087/1133 
f 1612/2078/830 1609/2085/827 1913/2084/1131 1909/2079/1127 
f 1916/2088/1134 1917/2089/1135 1918/2090/1136 1919/2091/1137 
f 1920/2092/1138 1921/2093/1139 1918/2090/1136 1917/2089/1135 
f 1910/2080/1128 1915/2087/1133 1918/2090/1136 1921/2093/1139 
f 1914/2086/1132 1919/2091/1137 1918/2090/1136 1915/2087/1133 
f 1900/2068/1118 1903/2071/1121 1922/2094/1140 1923/2095/1141 
f 1898/2066/1116 1911/2081/1129 1922/2094/1140 1903/2071/1121 
f 1910/2080/1128 1921/2093/1139 1922/2094/1140 1911/2081/1129 
f 1920/2092/1138 1923/2095/1141 1922/2094/1140 1921/2093/1139 
f 1608/2082/826 1611/2096/829 1924/2097/1142 1912/2083/1130 
f 1606/2098/824 1925/2099/1143 1924/2097/1142 1611/2096/829 
f 1926/2100/1144 1927/2101/1145 1924/2097/1142 1925/2099/1143 
f 1914/2086/1132 1912/2083/1130 1924/2097/1142 1927/2101/1145 
f 1602/2102/820 1928/2103/1146 1929/2104/1147 1603/2105/821 
f 1930/2106/1148 1931/2107/1149 1929/2104/1147 1928/2103/1146 
f 1926/2100/1144 1925/2099/1143 1929/2104/1147 1931/2107/1149 
f 1606/2098/824 1603/2105/821 1929/2104/1147 1925/2099/1143 
f 1932/2108/1150 1933/2109/1151 1934/2110/1152 1935/2111/1153 
f 1936/2112/1154 1937/2113/1155 1934/2110/1152 1933/2109/1151 
f 1926/2100/1144 1931/2107/1149 1934/2110/1152 1937/2113/1155 
f 1930/2106/1148 1935/2111/1153 1934/2110/1152 1931/2107/1149 
f 1916/2088/1134 1919/2091/1137 1938/2114/1156 1939/2115/1157 
f 1914/2086/1132 1927/2101/1145 1938/2114/1156 1919/2091/1137 
f 1926/2100/1144 1937/2113/1155 1938/2114/1156 1927/2101/1145 
f 1936/2112/1154 1939/2115/1157 1938/2114/1156 1937/2113/1155 
f 1602/2102/820 1605/2116/823 1940/2117/1158 1928/2103/1146 
f 1600/2118/818 1941/2119/1159 1940/2117/1158 1605/2116/823 
f 1942/2120/1160 1943/2121/1161 1940/2117/1158 1941/2119/1159 
f 1930/2106/1148 1928/2103/1146 1940/2117/1158 1943/2121/1161 
f 1596/2122/814 1944/2123/1162 1945/2124/1163 1597/2125/815 
f 1946/2126/1164 1947/2127/1165 1945/2124/1163 1944/2123/1162 
f 1942/2120/1160 1941/2119/1159 1945/2124/1163 1947/2127/1165 
f 1600/2118/818 1597/2125/815 1945/2124/1163 1941/2119/1159 
f 1948/2128/1166 1949/2129/1167 1950/2130/1168 1951/2131/1169 
f 1952/2132/1170 1953/2133/1171 1950/2130/1168 1949/2129/1167 
f 1942/2120/1160 1947/2127/1165 1950/2130/1168 1953/2133/1171 
f 1946/2126/1164 1951/2131/1169 1950/2130/1168 1947/2127/1165 
f 1932/2108/1150 1935/2111/1153 1954/2134/1172 1955/2135/1173 
f 1930/2106/1148 1943/2121/1161 1954/2134/1172 1935/2111/1153 
f 1942/2120/1160 1953/2133/1171 1954/2134/1172 1943/2121/1161 
f 1952/2132/1170 1955/2135/1173 1954/2134/1172 1953/2133/1171 
f 1596/2122/814 1599/2136/817 1956/2137/1174 1944/2123/1162 
f 1591/2138/809 1957/2139/1175 1956/2137/1174 1599/2136/817 
f 1958/2140/1176 1959/2141/1177 1956/2137/1174 1957/2139/1175 
f 1946/2126/1164 1944/2123/1162 1956/2137/1174 1959/2141/1177 
f 1587/2142/805 1960/2143/1178 1961/2144/1179 1588/2145/806 
f 1962/2146/1180 1963/2147/1181 1961/2144/1179 1960/2143/1178 
f 1958/2140/1176 1957/2139/1175 1961/2144/1179 1963/2147/1181 
f 1591/2138/809 1588/2145/806 1961/2144/1179 1957/2139/1175 
f 1964/2148/1182 1965/2149/1183 1966/2150/1184 1967/2151/1185 
f 1968/2152/1186 1969/2153/1187 1966/2150/1184 1965/2149/1183 
f 1958/2140/1176 1963/2147/1181 1966/2150/1184 1969/2153/1187 
f 1962/2146/1180 1967/2151/1185 1966/2150/1184 1963/2147/1181 
f 1948/2128/1166 1951/2131/1169 1970/2154/1188 1971/2155/1189 
f 1946/2126/1164 1959/2141/1177 1970/2154/1188 1951/2131/1169 
f 1958/2140/1176 1969/2153/1187 1970/2154/1188 1959/2141/1177 
f 1968/2152/1186 1971/2155/1189 1970/2154/1188 1969/2153/1187 
f 1587/2142/805 1590/2156/808 1972/2157/1190 1960/2143/1178 
f 1595/2158/813 1973/2159/1191 1972/2157/1190 1590/2156/808 
f 1974/2160/1192 1975/2161/1193 1972/2157/1190 1973/2159/1191 
f 1962/2146/1180 1960/2143/1178 1972/2157/1190 1975/2161/1193 
f 1692/1819/910 1697/1824/915 1976/2162/1194 1693/2163/911 
f 1701/1828/919 1977/2164/1195 1976/2162/1194 1697/1824/915 
f 1974/2160/1192 1973/2159/1191 1976/2162/1194 1977/2164/1195 
f 1595/2158/813 1693/2163/911 1976/2162/1194 1973/2159/1191 
f 1712/1839/930 1978/2165/1196 1979/2166/1197 1713/1840/931 
f 1980/2167/1198 1981/2168/1199 1979/2166/1197 1978/2165/1196 
f 1974/2160/1192 1977/2164/1195 1979/2166/1197 1981/2168/1199 
f 1701/1828/919 1713/1840/931 1979/2166/1197 1977/2164/1195 
f 1964/2148/1182 1967/2151/1185 1982/2169/1200 1983/2170/1201 
f 1962/2146/1180 1975/2161/1193 1982/2169/1200 1967/2151/1185 
f 1974/2160/1192 1981/2168/1199 1982/2169/1200 1975/2161/1193 
f 1980/2167/1198 1983/2170/1201 1982/2169/1200 1981/2168/1199 
f 1712/1839/930 1715/1842/933 1984/2171/933 1985/2172/1202 
f 1710/1837/928 1986/2173/1203 1984/2171/933 1715/1842/933 
f 1987/2174/928 1988/2175/1204 1984/2171/933 1986/2173/1203 
f 1989/2176/930 1985/2172/1202 1984/2171/933 1988/2175/1204 
f 1706/1833/924 1990/2177/1205 1991/2178/925 1707/1834/925 
f 1992/2179/1205 1993/2180/925 1991/2178/925 1990/2177/1205 
f 1987/2174/928 1986/2173/1203 1991/2178/925 1993/2180/925 
f 1710/1837/928 1707/1834/925 1991/2178/925 1986/2173/1203 
f 1994/2181/1205 1995/2182/925 1996/2183/925 1997/2184/924 
f 1998/2185/1206 1999/2186/1207 1996/2183/925 1995/2182/925 
f 1987/2174/928 1993/2180/925 1996/2183/925 1999/2186/1207 
f 1992/2179/1205 1997/2184/924 1996/2183/925 1993/2180/925 
f 2000/2187/930 2001/2188/1208 2002/2189/933 2003/2190/933 
f 1989/2176/930 1988/2175/1204 2002/2189/933 2001/2188/1208 
f 1987/2174/928 1999/2186/1207 2002/2189/933 1988/2175/1204 
f 1998/2185/1206 2003/2190/933 2002/2189/933 1999/2186/1207 
f 1706/1833/924 1731/1858/949 2004/2191/949 1990/2177/1205 
f 1728/1855/946 2005/2192/946 2004/2191/949 1731/1858/949 
f 2006/2193/1209 2007/2194/949 2004/2191/949 2005/2192/946 
f 1992/2179/1205 1990/2177/1205 2004/2191/949 2007/2194/949 
f 1724/1851/942 2008/2195/1210 2009/2196/1211 1725/1852/943 
f 2010/2197/1210 2011/2198/1212 2009/2196/1211 2008/2195/1210 
f 2006/2193/1209 2005/2192/946 2009/2196/1211 2011/2198/1212 
f 1728/1855/946 1725/1852/943 2009/2196/1211 2005/2192/946 
f 2012/2199/942 2013/2200/943 2014/2201/943 2015/2202/942 
f 2016/2203/946 2017/2204/1209 2014/2201/943 2013/2200/943 
f 2006/2193/1209 2011/2198/1212 2014/2201/943 2017/2204/1209 
f 2010/2197/1210 2015/2202/942 2014/2201/943 2011/2198/1212 
f 1994/2181/1205 1997/2184/924 2018/2205/949 2019/2206/949 
f 1992/2179/1205 2007/2194/949 2018/2205/949 1997/2184/924 
f 2006/2193/1209 2017/2204/1209 2018/2205/949 2007/2194/949 
f 2016/2203/946 2019/2206/949 2018/2205/949 2017/2204/1209 
f 1724/1851/942 1747/1874/965 2020/2207/1213 2008/2195/1210 
f 1744/1871/962 2021/2208/1214 2020/2207/1213 1747/1874/965 
f 2022/2209/1214 2023/2210/1213 2020/2207/1213 2021/2208/1214 
f 2010/2197/1210 2008/2195/1210 2020/2207/1213 2023/2210/1213 
f 1740/1867/958 2024/2211/1215 2025/2212/959 1741/1868/959 
f 2026/2213/958 2027/2214/1216 2025/2212/959 2024/2211/1215 
f 2022/2209/1214 2021/2208/1214 2025/2212/959 2027/2214/1216 
f 1744/1871/962 1741/1868/959 2025/2212/959 2021/2208/1214 
f 2028/2215/958 2029/2216/959 2030/2217/1216 2031/2218/958 
f 2032/2219/962 2033/2220/962 2030/2217/1216 2029/2216/959 
f 2022/2209/1214 2027/2214/1216 2030/2217/1216 2033/2220/962 
f 2026/2213/958 2031/2218/958 2030/2217/1216 2027/2214/1216 
f 2012/2199/942 2015/2202/942 2034/2221/1213 2035/2222/965 
f 2010/2197/1210 2023/2210/1213 2034/2221/1213 2015/2202/942 
f 2022/2209/1214 2033/2220/962 2034/2221/1213 2023/2210/1213 
f 2032/2219/962 2035/2222/965 2034/2221/1213 2033/2220/962 
f 1740/1867/958 1763/1890/981 2036/2223/1217 2024/2211/1215 
f 1760/1887/978 2037/2224/1218 2036/2223/1217 1763/1890/981 
f 2038/2225/978 2039/2226/1217 2036/2223/1217 2037/2224/1218 
f 2026/2213/958 2024/2211/1215 2036/2223/1217 2039/2226/1217 
f 1756/1883/974 2040/2227/1219 2041/2228/975 1757/1884/975 
f 2042/2229/974 2043/2230/975 2041/2228/975 2040/2227/1219 
f 2038/2225/978 2037/2224/1218 2041/2228/975 2043/2230/975 
f 1760/1887/978 1757/1884/975 2041/2228/975 2037/2224/1218 
f 2044/2231/974 2045/2232/975 2046/2233/975 2047/2234/1220 
f 2048/2235/978 2049/2236/978 2046/2233/975 2045/2232/975 
f 2038/2225/978 2043/2230/975 2046/2233/975 2049/2236/978 
f 2042/2229/974 2047/2234/1220 2046/2233/975 2043/2230/975 
f 2028/2215/958 2031/2218/958 2050/2237/981 2051/2238/981 
f 2026/2213/958 2039/2226/1217 2050/2237/981 2031/2218/958 
f 2038/2225/978 2049/2236/978 2050/2237/981 2039/2226/1217 
f 2048/2235/978 2051/2238/981 2050/2237/981 2049/2236/978 
f 1756/1912/974 1779/1915/997 2052/2239/997 2040/2240/1219 
f 1776/1910/994 2053/2241/1221 2052/2239/997 1779/1915/997 
f 2054/2242/1222 2055/2243/997 2052/2239/997 2053/2241/1221 
f 2042/2244/974 2040/2240/1219 2052/2239/997 2055/2243/997 
f 1772/1906/990 2056/2245/990 2057/2246/991 1773/1907/991 
f 2058/2247/1223 2059/2248/1224 2057/2246/991 2056/2245/990 
f 2054/2242/1222 2053/2241/1221 2057/2246/991 2059/2248/1224 
f 1776/1910/994 1773/1907/991 2057/2246/991 2053/2241/1221 
f 2060/2249/1223 2061/2250/991 2062/2251/1224 2063/2252/1223 
f 2064/2253/1225 2065/2254/1225 2062/2251/1224 2061/2250/991 
f 2054/2242/1222 2059/2248/1224 2062/2251/1224 2065/2254/1225 
f 2058/2247/1223 2063/2252/1223 2062/2251/1224 2059/2248/1224 
f 2044/2255/974 2047/2256/1220 2066/2257/997 2067/2258/997 
f 2042/2244/974 2055/2243/997 2066/2257/997 2047/2256/1220 
f 2054/2242/1222 2065/2254/1225 2066/2257/997 2055/2243/997 
f 2064/2253/1225 2067/2258/997 2066/2257/997 2065/2254/1225 
f 1772/1906/990 1795/1935/1013 2068/2259/1013 2056/2245/990 
f 1792/1932/1010 2069/2260/1226 2068/2259/1013 1795/1935/1013 
f 2070/2261/1226 2071/2262/1013 2068/2259/1013 2069/2260/1226 
f 2058/2247/1223 2056/2245/990 2068/2259/1013 2071/2262/1013 
f 1788/1928/1006 2072/2263/1006 2073/2264/1007 1789/1929/1007 
f 2074/2265/1227 2075/2266/1228 2073/2264/1007 2072/2263/1006 
f 2070/2261/1226 2069/2260/1226 2073/2264/1007 2075/2266/1228 
f 1792/1932/1010 1789/1929/1007 2073/2264/1007 2069/2260/1226 
f 2076/2267/1006 2077/2268/1007 2078/2269/1228 2079/2270/1227 
f 2080/2271/1010 2081/2272/1010 2078/2269/1228 2077/2268/1007 
f 2070/2261/1226 2075/2266/1228 2078/2269/1228 2081/2272/1010 
f 2074/2265/1227 2079/2270/1227 2078/2269/1228 2075/2266/1228 
f 2060/2249/1223 2063/2252/1223 2082/2273/1013 2083/2274/1013 
f 2058/2247/1223 2071/2262/1013 2082/2273/1013 2063/2252/1223 
f 2070/2261/1226 2081/2272/1010 2082/2273/1013 2071/2262/1013 
f 2080/2271/1010 2083/2274/1013 2082/2273/1013 2081/2272/1010 
f 1788/1928/1006 1811/1955/1029 2084/2275/1029 2072/2263/1006 
f 1808/1952/1026 2085/2276/1229 2084/2275/1029 1811/1955/1029 
f 2086/2277/1026 2087/2278/1230 2084/2275/1029 2085/2276/1229 
f 2074/2265/1227 2072/2263/1006 2084/2275/1029 2087/2278/1230 
f 1804/1948/1022 2088/2279/1231 2089/2280/1023 1805/1949/1023 
f 2090/2281/1231 2091/2282/1232 2089/2280/1023 2088/2279/1231 
f 2086/2277/1026 2085/2276/1229 2089/2280/1023 2091/2282/1232 
f 1808/1952/1026 1805/1949/1023 2089/2280/1023 2085/2276/1229 
f 2092/2283/1022 2093/2284/1023 2094/2285/1023 2095/2286/1022 
f 2096/2287/1026 2097/2288/1026 2094/2285/1023 2093/2284/1023 
f 2086/2277/1026 2091/2282/1232 2094/2285/1023 2097/2288/1026 
f 2090/2281/1231 2095/2286/1022 2094/2285/1023 2091/2282/1232 
f 2076/2267/1006 2079/2270/1227 2098/2289/1230 2099/2290/1029 
f 2074/2265/1227 2087/2278/1230 2098/2289/1230 2079/2270/1227 
f 2086/2277/1026 2097/2288/1026 2098/2289/1230 2087/2278/1230 
f 2096/2287/1026 2099/2290/1029 2098/2289/1230 2097/2288/1026 
f 1804/1948/1022 1827/1975/1045 2100/2291/1045 2088/2279/1231 
f 1824/1972/1042 2101/2292/1042 2100/2291/1045 1827/1975/1045 
f 2102/2293/1233 2103/2294/1045 2100/2291/1045 2101/2292/1042 
f 2090/2281/1231 2088/2279/1231 2100/2291/1045 2103/2294/1045 
f 1820/1968/1038 2104/2295/1234 2105/2296/1235 1821/1969/1039 
f 2106/2297/1234 2107/2298/1235 2105/2296/1235 2104/2295/1234 
f 2102/2293/1233 2101/2292/1042 2105/2296/1235 2107/2298/1235 
f 1824/1972/1042 1821/1969/1039 2105/2296/1235 2101/2292/1042 
f 2108/2299/1038 2109/2300/1039 2110/2301/1235 2111/2302/1038 
f 2112/2303/1042 2113/2304/1233 2110/2301/1235 2109/2300/1039 
f 2102/2293/1233 2107/2298/1235 2110/2301/1235 2113/2304/1233 
f 2106/2297/1234 2111/2302/1038 2110/2301/1235 2107/2298/1235 
f 2092/2283/1022 2095/2286/1022 2114/2305/1045 2115/2306/1045 
f 2090/2281/1231 2103/2294/1045 2114/2305/1045 2095/2286/1022 
f 2102/2293/1233 2113/2304/1233 2114/2305/1045 2103/2294/1045 
f 2112/2303/1042 2115/2306/1045 2114/2305/1045 2113/2304/1233 
f 1820/1968/1038 1843/1995/1061 2116/2307/1061 2104/2295/1234 
f 1840/1992/1058 2117/2308/1236 2116/2307/1061 1843/1995/1061 
f 2118/2309/1237 2119/2310/1061 2116/2307/1061 2117/2308/1236 
f 2106/2297/1234 2104/2295/1234 2116/2307/1061 2119/2310/1061 
f 1836/1988/1054 2120/2311/1238 2121/2312/1239 1837/1989/1055 
f 2122/2313/1238 2123/2314/1239 2121/2312/1239 2120/2311/1238 
f 2118/2309/1237 2117/2308/1236 2121/2312/1239 2123/2314/1239 
f 1840/1992/1058 1837/1989/1055 2121/2312/1239 2117/2308/1236 
f 2124/2315/1054 2125/2316/1055 2126/2317/1055 2127/2318/1054 
f 2128/2319/1237 2129/2320/1240 2126/2317/1055 2125/2316/1055 
f 2118/2309/1237 2123/2314/1239 2126/2317/1055 2129/2320/1240 
f 2122/2313/1238 2127/2318/1054 2126/2317/1055 2123/2314/1239 
f 2108/2299/1038 2111/2302/1038 2130/2321/1241 2131/2322/1061 
f 2106/2297/1234 2119/2310/1061 2130/2321/1241 2111/2302/1038 
f 2118/2309/1237 2129/2320/1240 2130/2321/1241 2119/2310/1061 
f 2128/2319/1237 2131/2322/1061 2130/2321/1241 2129/2320/1240 
f 1836/1988/1054 1859/2015/1077 2132/2323/1242 2120/2311/1238 
f 1856/2012/1074 2133/2324/1243 2132/2323/1242 1859/2015/1077 
f 2134/2325/1074 2135/2326/1242 2132/2323/1242 2133/2324/1243 
f 2122/2313/1238 2120/2311/1238 2132/2323/1242 2135/2326/1242 
f 1852/2008/1070 2136/2327/1070 2137/2328/1071 1853/2009/1071 
f 2138/2329/1070 2139/2330/1071 2137/2328/1071 2136/2327/1070 
f 2134/2325/1074 2133/2324/1243 2137/2328/1071 2139/2330/1071 
f 1856/2012/1074 1853/2009/1071 2137/2328/1071 2133/2324/1243 
f 2140/2331/1070 2141/2332/1071 2142/2333/1071 2143/2334/1070 
f 2144/2335/1074 2145/2336/1244 2142/2333/1071 2141/2332/1071 
f 2134/2325/1074 2139/2330/1071 2142/2333/1071 2145/2336/1244 
f 2138/2329/1070 2143/2334/1070 2142/2333/1071 2139/2330/1071 
f 2124/2315/1054 2127/2318/1054 2146/2337/1077 2147/2338/1077 
f 2122/2313/1238 2135/2326/1242 2146/2337/1077 2127/2318/1054 
f 2134/2325/1074 2145/2336/1244 2146/2337/1077 2135/2326/1242 
f 2144/2335/1074 2147/2338/1077 2146/2337/1077 2145/2336/1244 
f 1852/2008/1070 1875/2035/1093 2148/2339/1093 2136/2327/1070 
f 1872/2032/1090 2149/2340/1090 2148/2339/1093 1875/2035/1093 
f 2150/2341/1245 2151/2342/1246 2148/2339/1093 2149/2340/1090 
f 2138/2329/1070 2136/2327/1070 2148/2339/1093 2151/2342/1246 
f 1868/2028/1086 2152/2343/1247 2153/2344/1087 1869/2029/1087 
f 2154/2345/1248 2155/2346/1087 2153/2344/1087 2152/2343/1247 
f 2150/2341/1245 2149/2340/1090 2153/2344/1087 2155/2346/1087 
f 1872/2032/1090 1869/2029/1087 2153/2344/1087 2149/2340/1090 
f 2156/2347/1086 2157/2348/1087 2158/2349/1087 2159/2350/1249 
f 2160/2351/1090 2161/2352/1245 2158/2349/1087 2157/2348/1087 
f 2150/2341/1245 2155/2346/1087 2158/2349/1087 2161/2352/1245 
f 2154/2345/1248 2159/2350/1249 2158/2349/1087 2155/2346/1087 
f 2140/2331/1070 2143/2334/1070 2162/2353/1093 2163/2354/1093 
f 2138/2329/1070 2151/2342/1246 2162/2353/1093 2143/2334/1070 
f 2150/2341/1245 2161/2352/1245 2162/2353/1093 2151/2342/1246 
f 2160/2351/1090 2163/2354/1093 2162/2353/1093 2161/2352/1245 
f 1868/2028/1086 1891/2055/1109 2164/2355/1250 2152/2343/1247 
f 1888/2052/1106 2165/2356/1251 2164/2355/1250 1891/2055/1109 
f 2166/2357/1252 2167/2358/1250 2164/2355/1250 2165/2356/1251 
f 2154/2345/1248 2152/2343/1247 2164/2355/1250 2167/2358/1250 
f 1884/2048/1102 2168/2359/1102 2169/2360/1253 1885/2049/1103 
f 2170/2361/1254 2171/2362/1255 2169/2360/1253 2168/2359/1102 
f 2166/2357/1252 2165/2356/1251 2169/2360/1253 2171/2362/1255 
f 1888/2052/1106 1885/2049/1103 2169/2360/1253 2165/2356/1251 
f 2172/2363/1254 2173/2364/1103 2174/2365/1253 2175/2366/1254 
f 2176/2367/1251 2177/2368/1106 2174/2365/1253 2173/2364/1103 
f 2166/2357/1252 2171/2362/1255 2174/2365/1253 2177/2368/1106 
f 2170/2361/1254 2175/2366/1254 2174/2365/1253 2171/2362/1255 
f 2156/2347/1086 2159/2350/1249 2178/2369/1250 2179/2370/1109 
f 2154/2345/1248 2167/2358/1250 2178/2369/1250 2159/2350/1249 
f 2166/2357/1252 2177/2368/1106 2178/2369/1250 2167/2358/1250 
f 2176/2367/1251 2179/2370/1109 2178/2369/1250 2177/2368/1106 
f 1884/2048/1102 1907/2075/1125 2180/2371/1125 2168/2359/1102 
f 1904/2072/1122 2181/2372/1122 2180/2371/1125 1907/2075/1125 
f 2182/2373/1256 2183/2374/1125 2180/2371/1125 2181/2372/1122 
f 2170/2361/1254 2168/2359/1102 2180/2371/1125 2183/2374/1125 
f 1900/2068/1118 2184/2375/1257 2185/2376/1258 1901/2069/1119 
f 2186/2377/1259 2187/2378/1258 2185/2376/1258 2184/2375/1257 
f 2182/2373/1256 2181/2372/1122 2185/2376/1258 2187/2378/1258 
f 1904/2072/1122 1901/2069/1119 2185/2376/1258 2181/2372/1122 
f 2188/2379/1118 2189/2380/1119 2190/2381/1258 2191/2382/1260 
f 2192/2383/1256 2193/2384/1256 2190/2381/1258 2189/2380/1119 
f 2182/2373/1256 2187/2378/1258 2190/2381/1258 2193/2384/1256 
f 2186/2377/1259 2191/2382/1260 2190/2381/1258 2187/2378/1258 
f 2172/2363/1254 2175/2366/1254 2194/2385/1125 2195/2386/1125 
f 2170/2361/1254 2183/2374/1125 2194/2385/1125 2175/2366/1254 
f 2182/2373/1256 2193/2384/1256 2194/2385/1125 2183/2374/1125 
f 2192/2383/1256 2195/2386/1125 2194/2385/1125 2193/2384/1256 
f 1900/2068/1118 1923/2095/1141 2196/2387/1141 2184/2375/1257 
f 1920/2092/1138 2197/2388/1261 2196/2387/1141 1923/2095/1141 
f 2198/2389/1261 2199/2390/1141 2196/2387/1141 2197/2388/1261 
f 2186/2377/1259 2184/2375/1257 2196/2387/1141 2199/2390/1141 
f 1916/2088/1134 2200/2391/1134 2201/2392/1135 1917/2089/1135 
f 2202/2393/1262 2203/2394/1263 2201/2392/1135 2200/2391/1134 
f 2198/2389/1261 2197/2388/1261 2201/2392/1135 2203/2394/1263 
f 1920/2092/1138 1917/2089/1135 2201/2392/1135 2197/2388/1261 
f 2204/2395/1262 2205/2396/1135 2206/2397/1263 2207/2398/1262 
f 2208/2399/1138 2209/2400/1138 2206/2397/1263 2205/2396/1135 
f 2198/2389/1261 2203/2394/1263 2206/2397/1263 2209/2400/1138 
f 2202/2393/1262 2207/2398/1262 2206/2397/1263 2203/2394/1263 
f 2188/2379/1118 2191/2382/1260 2210/2401/1264 2211/2402/1141 
f 2186/2377/1259 2199/2390/1141 2210/2401/1264 2191/2382/1260 
f 2198/2389/1261 2209/2400/1138 2210/2401/1264 2199/2390/1141 
f 2208/2399/1138 2211/2402/1141 2210/2401/1264 2209/2400/1138 
f 1916/2088/1134 1939/2115/1157 2212/2403/1157 2200/2391/1134 
f 1936/2112/1154 2213/2404/1265 2212/2403/1157 1939/2115/1157 
f 2214/2405/1265 2215/2406/1266 2212/2403/1157 2213/2404/1265 
f 2202/2393/1262 2200/2391/1134 2212/2403/1157 2215/2406/1266 
f 1932/2108/1150 2216/2407/1267 2217/2408/1151 1933/2109/1151 
f 2218/2409/1150 2219/2410/1151 2217/2408/1151 2216/2407/1267 
f 2214/2405/1265 2213/2404/1265 2217/2408/1151 2219/2410/1151 
f 1936/2112/1154 1933/2109/1151 2217/2408/1151 2213/2404/1265 
f 2220/2411/1267 2221/2412/1268 2222/2413/1151 2223/2414/1150 
f 2224/2415/1154 2225/2416/1265 2222/2413/1151 2221/2412/1268 
f 2214/2405/1265 2219/2410/1151 2222/2413/1151 2225/2416/1265 
f 2218/2409/1150 2223/2414/1150 2222/2413/1151 2219/2410/1151 
f 2204/2395/1262 2207/2398/1262 2226/2417/1157 2227/2418/1157 
f 2202/2393/1262 2215/2406/1266 2226/2417/1157 2207/2398/1262 
f 2214/2405/1265 2225/2416/1265 2226/2417/1157 2215/2406/1266 
f 2224/2415/1154 2227/2418/1157 2226/2417/1157 2225/2416/1265 
f 1932/2108/1150 1955/2135/1173 2228/2419/1173 2216/2407/1267 
f 1952/2132/1170 2229/2420/1269 2228/2419/1173 1955/2135/1173 
f 2230/2421/1270 2231/2422/1173 2228/2419/1173 2229/2420/1269 
f 2218/2409/1150 2216/2407/1267 2228/2419/1173 2231/2422/1173 
f 1948/2128/1166 2232/2423/1271 2233/2424/1272 1949/2129/1167 
f 2234/2425/1166 2235/2426/1272 2233/2424/1272 2232/2423/1271 
f 2230/2421/1270 2229/2420/1269 2233/2424/1272 2235/2426/1272 
f 1952/2132/1170 1949/2129/1167 2233/2424/1272 2229/2420/1269 
f 2236/2427/1271 2237/2428/1167 2238/2429/1272 2239/2430/1166 
f 2240/2431/1170 2241/2432/1170 2238/2429/1272 2237/2428/1167 
f 2230/2421/1270 2235/2426/1272 2238/2429/1272 2241/2432/1170 
f 2234/2425/1166 2239/2430/1166 2238/2429/1272 2235/2426/1272 
f 2220/2411/1267 2223/2414/1150 2242/2433/1173 2243/2434/1173 
f 2218/2409/1150 2231/2422/1173 2242/2433/1173 2223/2414/1150 
f 2230/2421/1270 2241/2432/1170 2242/2433/1173 2231/2422/1173 
f 2240/2431/1170 2243/2434/1173 2242/2433/1173 2241/2432/1170 
f 1948/2128/1166 1971/2155/1189 2244/2435/1273 2232/2423/1271 
f 1968/2152/1186 2245/2436/1186 2244/2435/1273 1971/2155/1189 
f 2246/2437/1274 2247/2438/1273 2244/2435/1273 2245/2436/1186 
f 2234/2425/1166 2232/2423/1271 2244/2435/1273 2247/2438/1273 
f 1964/2148/1182 2248/2439/1275 2249/2440/1276 1965/2149/1183 
f 2250/2441/1275 2251/2442/1276 2249/2440/1276 2248/2439/1275 
f 2246/2437/1274 2245/2436/1186 2249/2440/1276 2251/2442/1276 
f 1968/2152/1186 1965/2149/1183 2249/2440/1276 2245/2436/1186 
f 2252/2443/1182 2253/2444/1183 2254/2445/1183 2255/2446/1182 
f 2256/2447/1186 2257/2448/1274 2254/2445/1183 2253/2444/1183 
f 2246/2437/1274 2251/2442/1276 2254/2445/1183 2257/2448/1274 
f 2250/2441/1275 2255/2446/1182 2254/2445/1183 2251/2442/1276 
f 2236/2427/1271 2239/2430/1166 2258/2449/1189 2259/2450/1189 
f 2234/2425/1166 2247/2438/1273 2258/2449/1189 2239/2430/1166 
f 2246/2437/1274 2257/2448/1274 2258/2449/1189 2247/2438/1273 
f 2256/2447/1186 2259/2450/1189 2258/2449/1189 2257/2448/1274 
f 1964/2148/1182 1983/2170/1201 2260/2451/1201 2248/2439/1275 
f 1980/2167/1198 2261/2452/1277 2260/2451/1201 1983/2170/1201 
f 2262/2453/1198 2263/2454/1201 2260/2451/1201 2261/2452/1277 
f 2250/2441/1275 2248/2439/1275 2260/2451/1201 2263/2454/1201 
f 1712/1839/930 1985/2172/1202 2264/2455/1196 1978/2165/1196 
f 1989/2176/930 2265/2456/1196 2264/2455/1196 1985/2172/1202 
f 2262/2453/1198 2261/2452/1277 2264/2455/1196 2265/2456/1196 
f 1980/2167/1198 1978/2165/1196 2264/2455/1196 2261/2452/1277 
f 2000/2187/930 2266/2457/1196 2267/2458/1196 2001/2188/1208 
f 2268/2459/1277 2269/2460/1198 2267/2458/1196 2266/2457/1196 
f 2262/2453/1198 2265/2456/1196 2267/2458/1196 2269/2460/1198 
f 1989/2176/930 2001/2188/1208 2267/2458/1196 2265/2456/1196 
f 2252/2443/1182 2255/2446/1182 2270/2461/1201 2271/2462/1201 
f 2250/2441/1275 2263/2454/1201 2270/2461/1201 2255/2446/1182 
f 2262/2453/1198 2269/2460/1198 2270/2461/1201 2263/2454/1201 
f 2268/2459/1277 2271/2462/1201 2270/2461/1201 2269/2460/1198 
f 2000/2187/930 2003/2190/933 2272/2463/933 2273/2464/1202 
f 1998/2185/1206 2274/2465/1203 2272/2463/933 2003/2190/933 
f 2275/2466/928 2276/2467/1204 2272/2463/933 2274/2465/1203 
f 2277/2468/930 2273/2464/1202 2272/2463/933 2276/2467/1204 
f 1994/2181/1205 2278/2469/1205 2279/2470/925 1995/2182/925 
f 2280/2471/1205 2281/2472/925 2279/2470/925 2278/2469/1205 
f 2275/2466/928 2274/2465/1203 2279/2470/925 2281/2472/925 
f 1998/2185/1206 1995/2182/925 2279/2470/925 2274/2465/1203 
f 2282/2473/1205 2283/2474/925 2284/2475/925 2285/2476/924 
f 2286/2477/1206 2287/2478/1207 2284/2475/925 2283/2474/925 
f 2275/2466/928 2281/2472/925 2284/2475/925 2287/2478/1207 
f 2280/2471/1205 2285/2476/924 2284/2475/925 2281/2472/925 
f 2288/2479/930 2289/2480/1208 2290/2481/1204 2291/2482/933 
f 2277/2468/930 2276/2467/1204 2290/2481/1204 2289/2480/1208 
f 2275/2466/928 2287/2478/1207 2290/2481/1204 2276/2467/1204 
f 2286/2477/1206 2291/2482/933 2290/2481/1204 2287/2478/1207 
f 1994/2181/1205 2019/2206/949 2292/2483/949 2278/2469/1205 
f 2016/2203/946 2293/2484/946 2292/2483/949 2019/2206/949 
f 2294/2485/1209 2295/2486/949 2292/2483/949 2293/2484/946 
f 2280/2471/1205 2278/2469/1205 2292/2483/949 2295/2486/949 
f 2012/2199/942 2296/2487/1210 2297/2488/1278 2013/2200/943 
f 2298/2489/1210 2299/2490/1212 2297/2488/1278 2296/2487/1210 
f 2294/2485/1209 2293/2484/946 2297/2488/1278 2299/2490/1212 
f 2016/2203/946 2013/2200/943 2297/2488/1278 2293/2484/946 
f 2300/2491/942 2301/2492/943 2302/2493/943 2303/2494/942 
f 2304/2495/946 2305/2496/1209 2302/2493/943 2301/2492/943 
f 2294/2485/1209 2299/2490/1212 2302/2493/943 2305/2496/1209 
f 2298/2489/1210 2303/2494/942 2302/2493/943 2299/2490/1212 
f 2282/2473/1205 2285/2476/924 2306/2497/949 2307/2498/949 
f 2280/2471/1205 2295/2486/949 2306/2497/949 2285/2476/924 
f 2294/2485/1209 2305/2496/1209 2306/2497/949 2295/2486/949 
f 2304/2495/946 2307/2498/949 2306/2497/949 2305/2496/1209 
f 2012/2199/942 2035/2222/965 2308/2499/965 2296/2487/1210 
f 2032/2219/962 2309/2500/1214 2308/2499/965 2035/2222/965 
f 2310/2501/1214 2311/2502/1213 2308/2499/965 2309/2500/1214 
f 2298/2489/1210 2296/2487/1210 2308/2499/965 2311/2502/1213 
f 2028/2215/958 2312/2503/1215 2313/2504/959 2029/2216/959 
f 2314/2505/958 2315/2506/1216 2313/2504/959 2312/2503/1215 
f 2310/2501/1214 2309/2500/1214 2313/2504/959 2315/2506/1216 
f 2032/2219/962 2029/2216/959 2313/2504/959 2309/2500/1214 
f 2316/2507/958 2317/2508/959 2318/2509/1216 2319/2510/958 
f 2320/2511/962 2321/2512/962 2318/2509/1216 2317/2508/959 
f 2310/2501/1214 2315/2506/1216 2318/2509/1216 2321/2512/962 
f 2314/2505/958 2319/2510/958 2318/2509/1216 2315/2506/1216 
f 2300/2491/942 2303/2494/942 2322/2513/1213 2323/2514/965 
f 2298/2489/1210 2311/2502/1213 2322/2513/1213 2303/2494/942 
f 2310/2501/1214 2321/2512/962 2322/2513/1213 2311/2502/1213 
f 2320/2511/962 2323/2514/965 2322/2513/1213 2321/2512/962 
f 2028/2215/958 2051/2238/981 2324/2515/981 2312/2503/1215 
f 2048/2235/978 2325/2516/1218 2324/2515/981 2051/2238/981 
f 2326/2517/978 2327/2518/1217 2324/2515/981 2325/2516/1218 
f 2314/2505/958 2312/2503/1215 2324/2515/981 2327/2518/1217 
f 2044/2231/974 2328/2519/1219 2329/2520/975 2045/2232/975 
f 2330/2521/974 2331/2522/975 2329/2520/975 2328/2519/1219 
f 2326/2517/978 2325/2516/1218 2329/2520/975 2331/2522/975 
f 2048/2235/978 2045/2232/975 2329/2520/975 2325/2516/1218 
f 2332/2523/974 2333/2524/975 2334/2525/975 2335/2526/1220 
f 2336/2527/978 2337/2528/978 2334/2525/975 2333/2524/975 
f 2326/2517/978 2331/2522/975 2334/2525/975 2337/2528/978 
f 2330/2521/974 2335/2526/1220 2334/2525/975 2331/2522/975 
f 2316/2507/958 2319/2510/958 2338/2529/981 2339/2530/981 
f 2314/2505/958 2327/2518/1217 2338/2529/981 2319/2510/958 
f 2326/2517/978 2337/2528/978 2338/2529/981 2327/2518/1217 
f 2336/2527/978 2339/2530/981 2338/2529/981 2337/2528/978 
f 2044/2255/974 2067/2258/997 2340/2531/997 2328/2532/1219 
f 2064/2253/1225 2341/2533/1222 2340/2531/997 2067/2258/997 
f 2342/2534/1222 2343/2535/997 2340/2531/997 2341/2533/1222 
f 2330/2536/974 2328/2532/1219 2340/2531/997 2343/2535/997 
f 2060/2249/1223 2344/2537/990 2345/2538/991 2061/2250/991 
f 2346/2539/1223 2347/2540/1224 2345/2538/991 2344/2537/990 
f 2342/2534/1222 2341/2533/1222 2345/2538/991 2347/2540/1224 
f 2064/2253/1225 2061/2250/991 2345/2538/991 2341/2533/1222 
f 2348/2541/1223 2349/2542/991 2350/2543/1224 2351/2544/1223 
f 2352/2545/1225 2353/2546/1225 2350/2543/1224 2349/2542/991 
f 2342/2534/1222 2347/2540/1224 2350/2543/1224 2353/2546/1225 
f 2346/2539/1223 2351/2544/1223 2350/2543/1224 2347/2540/1224 
f 2332/2547/974 2335/2548/1220 2354/2549/997 2355/2550/997 
f 2330/2536/974 2343/2535/997 2354/2549/997 2335/2548/1220 
f 2342/2534/1222 2353/2546/1225 2354/2549/997 2343/2535/997 
f 2352/2545/1225 2355/2550/997 2354/2549/997 2353/2546/1225 
f 2060/2249/1223 2083/2274/1013 2356/2551/1013 2344/2537/990 
f 2080/2271/1010 2357/2552/1010 2356/2551/1013 2083/2274/1013 
f 2358/2553/1226 2359/2554/1013 2356/2551/1013 2357/2552/1010 
f 2346/2539/1223 2344/2537/990 2356/2551/1013 2359/2554/1013 
f 2076/2267/1006 2360/2555/1227 2361/2556/1007 2077/2268/1007 
f 2362/2557/1227 2363/2558/1228 2361/2556/1007 2360/2555/1227 
f 2358/2553/1226 2357/2552/1010 2361/2556/1007 2363/2558/1228 
f 2080/2271/1010 2077/2268/1007 2361/2556/1007 2357/2552/1010 
f 2364/2559/1006 2365/2560/1007 2366/2561/1007 2367/2562/1227 
f 2368/2563/1010 2369/2564/1010 2366/2561/1007 2365/2560/1007 
f 2358/2553/1226 2363/2558/1228 2366/2561/1007 2369/2564/1010 
f 2362/2557/1227 2367/2562/1227 2366/2561/1007 2363/2558/1228 
f 2348/2541/1223 2351/2544/1223 2370/2565/1013 2371/2566/1013 
f 2346/2539/1223 2359/2554/1013 2370/2565/1013 2351/2544/1223 
f 2358/2553/1226 2369/2564/1010 2370/2565/1013 2359/2554/1013 
f 2368/2563/1010 2371/2566/1013 2370/2565/1013 2369/2564/1010 
f 2076/2267/1006 2099/2290/1029 2372/2567/1029 2360/2555/1227 
f 2096/2287/1026 2373/2568/1229 2372/2567/1029 2099/2290/1029 
f 2374/2569/1026 2375/2570/1230 2372/2567/1029 2373/2568/1229 
f 2362/2557/1227 2360/2555/1227 2372/2567/1029 2375/2570/1230 
f 2092/2283/1022 2376/2571/1231 2377/2572/1023 2093/2284/1023 
f 2378/2573/1231 2379/2574/1232 2377/2572/1023 2376/2571/1231 
f 2374/2569/1026 2373/2568/1229 2377/2572/1023 2379/2574/1232 
f 2096/2287/1026 2093/2284/1023 2377/2572/1023 2373/2568/1229 
f 2380/2575/1022 2381/2576/1023 2382/2577/1023 2383/2578/1022 
f 2384/2579/1026 2385/2580/1026 2382/2577/1023 2381/2576/1023 
f 2374/2569/1026 2379/2574/1232 2382/2577/1023 2385/2580/1026 
f 2378/2573/1231 2383/2578/1022 2382/2577/1023 2379/2574/1232 
f 2364/2559/1006 2367/2562/1227 2386/2581/1230 2387/2582/1029 
f 2362/2557/1227 2375/2570/1230 2386/2581/1230 2367/2562/1227 
f 2374/2569/1026 2385/2580/1026 2386/2581/1230 2375/2570/1230 
f 2384/2579/1026 2387/2582/1029 2386/2581/1230 2385/2580/1026 
f 2092/2283/1022 2115/2306/1045 2388/2583/1045 2376/2571/1231 
f 2112/2303/1042 2389/2584/1233 2388/2583/1045 2115/2306/1045 
f 2390/2585/1233 2391/2586/1045 2388/2583/1045 2389/2584/1233 
f 2378/2573/1231 2376/2571/1231 2388/2583/1045 2391/2586/1045 
f 2108/2299/1038 2392/2587/1234 2393/2588/1235 2109/2300/1039 
f 2394/2589/1234 2395/2590/1235 2393/2588/1235 2392/2587/1234 
f 2390/2585/1233 2389/2584/1233 2393/2588/1235 2395/2590/1235 
f 2112/2303/1042 2109/2300/1039 2393/2588/1235 2389/2584/1233 
f 2396/2591/1038 2397/2592/1039 2398/2593/1235 2399/2594/1038 
f 2400/2595/1042 2401/2596/1233 2398/2593/1235 2397/2592/1039 
f 2390/2585/1233 2395/2590/1235 2398/2593/1235 2401/2596/1233 
f 2394/2589/1234 2399/2594/1038 2398/2593/1235 2395/2590/1235 
f 2380/2575/1022 2383/2578/1022 2402/2597/1045 2403/2598/1045 
f 2378/2573/1231 2391/2586/1045 2402/2597/1045 2383/2578/1022 
f 2390/2585/1233 2401/2596/1233 2402/2597/1045 2391/2586/1045 
f 2400/2595/1042 2403/2598/1045 2402/2597/1045 2401/2596/1233 
f 2108/2299/1038 2131/2322/1061 2404/2599/1061 2392/2587/1234 
f 2128/2319/1237 2405/2600/1236 2404/2599/1061 2131/2322/1061 
f 2406/2601/1237 2407/2602/1241 2404/2599/1061 2405/2600/1236 
f 2394/2589/1234 2392/2587/1234 2404/2599/1061 2407/2602/1241 
f 2124/2315/1054 2408/2603/1238 2409/2604/1239 2125/2316/1055 
f 2410/2605/1238 2411/2606/1239 2409/2604/1239 2408/2603/1238 
f 2406/2601/1237 2405/2600/1236 2409/2604/1239 2411/2606/1239 
f 2128/2319/1237 2125/2316/1055 2409/2604/1239 2405/2600/1236 
f 2412/2607/1054 2413/2608/1055 2414/2609/1055 2415/2610/1054 
f 2416/2611/1237 2417/2612/1058 2414/2609/1055 2413/2608/1055 
f 2406/2601/1237 2411/2606/1239 2414/2609/1055 2417/2612/1058 
f 2410/2605/1238 2415/2610/1054 2414/2609/1055 2411/2606/1239 
f 2396/2591/1038 2399/2594/1038 2418/2613/1241 2419/2614/1061 
f 2394/2589/1234 2407/2602/1241 2418/2613/1241 2399/2594/1038 
f 2406/2601/1237 2417/2612/1058 2418/2613/1241 2407/2602/1241 
f 2416/2611/1237 2419/2614/1061 2418/2613/1241 2417/2612/1058 
f 2124/2315/1054 2147/2338/1077 2420/2615/1242 2408/2603/1238 
f 2144/2335/1074 2421/2616/1243 2420/2615/1242 2147/2338/1077 
f 2422/2617/1074 2423/2618/1242 2420/2615/1242 2421/2616/1243 
f 2410/2605/1238 2408/2603/1238 2420/2615/1242 2423/2618/1242 
f 2140/2331/1070 2424/2619/1070 2425/2620/1071 2141/2332/1071 
f 2426/2621/1070 2427/2622/1071 2425/2620/1071 2424/2619/1070 
f 2422/2617/1074 2421/2616/1243 2425/2620/1071 2427/2622/1071 
f 2144/2335/1074 2141/2332/1071 2425/2620/1071 2421/2616/1243 
f 2428/2623/1070 2429/2624/1071 2430/2625/1071 2431/2626/1070 
f 2432/2627/1074 2433/2628/1244 2430/2625/1071 2429/2624/1071 
f 2422/2617/1074 2427/2622/1071 2430/2625/1071 2433/2628/1244 
f 2426/2621/1070 2431/2626/1070 2430/2625/1071 2427/2622/1071 
f 2412/2607/1054 2415/2610/1054 2434/2629/1077 2435/2630/1077 
f 2410/2605/1238 2423/2618/1242 2434/2629/1077 2415/2610/1054 
f 2422/2617/1074 2433/2628/1244 2434/2629/1077 2423/2618/1242 
f 2432/2627/1074 2435/2630/1077 2434/2629/1077 2433/2628/1244 
f 2140/2331/1070 2163/2354/1093 2436/2631/1093 2424/2619/1070 
f 2160/2351/1090 2437/2632/1090 2436/2631/1093 2163/2354/1093 
f 2438/2633/1245 2439/2634/1246 2436/2631/1093 2437/2632/1090 
f 2426/2621/1070 2424/2619/1070 2436/2631/1093 2439/2634/1246 
f 2156/2347/1086 2440/2635/1249 2441/2636/1087 2157/2348/1087 
f 2442/2637/1248 2443/2638/1087 2441/2636/1087 2440/2635/1249 
f 2438/2633/1245 2437/2632/1090 2441/2636/1087 2443/2638/1087 
f 2160/2351/1090 2157/2348/1087 2441/2636/1087 2437/2632/1090 
f 2444/2639/1086 2445/2640/1087 2446/2641/1087 2447/2642/1249 
f 2448/2643/1090 2449/2644/1245 2446/2641/1087 2445/2640/1087 
f 2438/2633/1245 2443/2638/1087 2446/2641/1087 2449/2644/1245 
f 2442/2637/1248 2447/2642/1249 2446/2641/1087 2443/2638/1087 
f 2428/2623/1070 2431/2626/1070 2450/2645/1093 2451/2646/1093 
f 2426/2621/1070 2439/2634/1246 2450/2645/1093 2431/2626/1070 
f 2438/2633/1245 2449/2644/1245 2450/2645/1093 2439/2634/1246 
f 2448/2643/1090 2451/2646/1093 2450/2645/1093 2449/2644/1245 
f 2156/2347/1086 2179/2370/1109 2452/2647/1250 2440/2635/1249 
f 2176/2367/1251 2453/2648/1251 2452/2647/1250 2179/2370/1109 
f 2454/2649/1252 2455/2650/1250 2452/2647/1250 2453/2648/1251 
f 2442/2637/1248 2440/2635/1249 2452/2647/1250 2455/2650/1250 
f 2172/2363/1254 2456/2651/1254 2457/2652/1253 2173/2364/1103 
f 2458/2653/1254 2459/2654/1255 2457/2652/1253 2456/2651/1254 
f 2454/2649/1252 2453/2648/1251 2457/2652/1253 2459/2654/1255 
f 2176/2367/1251 2173/2364/1103 2457/2652/1253 2453/2648/1251 
f 2460/2655/1254 2461/2656/1103 2462/2657/1253 2463/2658/1254 
f 2464/2659/1251 2465/2660/1106 2462/2657/1253 2461/2656/1103 
f 2454/2649/1252 2459/2654/1255 2462/2657/1253 2465/2660/1106 
f 2458/2653/1254 2463/2658/1254 2462/2657/1253 2459/2654/1255 
f 2444/2639/1086 2447/2642/1249 2466/2661/1250 2467/2662/1109 
f 2442/2637/1248 2455/2650/1250 2466/2661/1250 2447/2642/1249 
f 2454/2649/1252 2465/2660/1106 2466/2661/1250 2455/2650/1250 
f 2464/2659/1251 2467/2662/1109 2466/2661/1250 2465/2660/1106 
f 2172/2363/1254 2195/2386/1125 2468/2663/1125 2456/2651/1254 
f 2192/2383/1256 2469/2664/1256 2468/2663/1125 2195/2386/1125 
f 2470/2665/1256 2471/2666/1125 2468/2663/1125 2469/2664/1256 
f 2458/2653/1254 2456/2651/1254 2468/2663/1125 2471/2666/1125 
f 2188/2379/1118 2472/2667/1260 2473/2668/1258 2189/2380/1119 
f 2474/2669/1259 2475/2670/1258 2473/2668/1258 2472/2667/1260 
f 2470/2665/1256 2469/2664/1256 2473/2668/1258 2475/2670/1258 
f 2192/2383/1256 2189/2380/1119 2473/2668/1258 2469/2664/1256 
f 2476/2671/1118 2477/2672/1119 2478/2673/1258 2479/2674/1260 
f 2480/2675/1256 2481/2676/1256 2478/2673/1258 2477/2672/1119 
f 2470/2665/1256 2475/2670/1258 2478/2673/1258 2481/2676/1256 
f 2474/2669/1259 2479/2674/1260 2478/2673/1258 2475/2670/1258 
f 2460/2655/1254 2463/2658/1254 2482/2677/1125 2483/2678/1125 
f 2458/2653/1254 2471/2666/1125 2482/2677/1125 2463/2658/1254 
f 2470/2665/1256 2481/2676/1256 2482/2677/1125 2471/2666/1125 
f 2480/2675/1256 2483/2678/1125 2482/2677/1125 2481/2676/1256 
f 2188/2379/1118 2211/2402/1141 2484/2679/1141 2472/2667/1260 
f 2208/2399/1138 2485/2680/1138 2484/2679/1141 2211/2402/1141 
f 2486/2681/1261 2487/2682/1264 2484/2679/1141 2485/2680/1138 
f 2474/2669/1259 2472/2667/1260 2484/2679/1141 2487/2682/1264 
f 2204/2395/1262 2488/2683/1134 2489/2684/1135 2205/2396/1135 
f 2490/2685/1262 2491/2686/1263 2489/2684/1135 2488/2683/1134 
f 2486/2681/1261 2485/2680/1138 2489/2684/1135 2491/2686/1263 
f 2208/2399/1138 2205/2396/1135 2489/2684/1135 2485/2680/1138 
f 2492/2687/1262 2493/2688/1135 2494/2689/1263 2495/2690/1262 
f 2496/2691/1138 2497/2692/1138 2494/2689/1263 2493/2688/1135 
f 2486/2681/1261 2491/2686/1263 2494/2689/1263 2497/2692/1138 
f 2490/2685/1262 2495/2690/1262 2494/2689/1263 2491/2686/1263 
f 2476/2671/1118 2479/2674/1260 2498/2693/1264 2499/2694/1141 
f 2474/2669/1259 2487/2682/1264 2498/2693/1264 2479/2674/1260 
f 2486/2681/1261 2497/2692/1138 2498/2693/1264 2487/2682/1264 
f 2496/2691/1138 2499/2694/1141 2498/2693/1264 2497/2692/1138 
f 2204/2395/1262 2227/2418/1157 2500/2695/1157 2488/2683/1134 
f 2224/2415/1154 2501/2696/1154 2500/2695/1157 2227/2418/1157 
f 2502/2697/1265 2503/2698/1266 2500/2695/1157 2501/2696/1154 
f 2490/2685/1262 2488/2683/1134 2500/2695/1157 2503/2698/1266 
f 2220/2411/1267 2504/2699/1267 2505/2700/1151 2221/2412/1268 
f 2506/2701/1150 2507/2702/1151 2505/2700/1151 2504/2699/1267 
f 2502/2697/1265 2501/2696/1154 2505/2700/1151 2507/2702/1151 
f 2224/2415/1154 2221/2412/1268 2505/2700/1151 2501/2696/1154 
f 2508/2703/1267 2509/2704/1268 2510/2705/1151 2511/2706/1150 
f 2512/2707/1154 2513/2708/1265 2510/2705/1151 2509/2704/1268 
f 2502/2697/1265 2507/2702/1151 2510/2705/1151 2513/2708/1265 
f 2506/2701/1150 2511/2706/1150 2510/2705/1151 2507/2702/1151 
f 2492/2687/1262 2495/2690/1262 2514/2709/1266 2515/2710/1157 
f 2490/2685/1262 2503/2698/1266 2514/2709/1266 2495/2690/1262 
f 2502/2697/1265 2513/2708/1265 2514/2709/1266 2503/2698/1266 
f 2512/2707/1154 2515/2710/1157 2514/2709/1266 2513/2708/1265 
f 2220/2411/1267 2243/2434/1173 2516/2711/1279 2504/2699/1267 
f 2240/2431/1170 2517/2712/1269 2516/2711/1279 2243/2434/1173 
f 2518/2713/1270 2519/2714/1173 2516/2711/1279 2517/2712/1269 
f 2506/2701/1150 2504/2699/1267 2516/2711/1279 2519/2714/1173 
f 2236/2427/1271 2520/2715/1271 2521/2716/1272 2237/2428/1167 
f 2522/2717/1166 2523/2718/1272 2521/2716/1272 2520/2715/1271 
f 2518/2713/1270 2517/2712/1269 2521/2716/1272 2523/2718/1272 
f 2240/2431/1170 2237/2428/1167 2521/2716/1272 2517/2712/1269 
f 2524/2719/1271 2525/2720/1167 2526/2721/1167 2527/2722/1166 
f 2528/2723/1170 2529/2724/1170 2526/2721/1167 2525/2720/1167 
f 2518/2713/1270 2523/2718/1272 2526/2721/1167 2529/2724/1170 
f 2522/2717/1166 2527/2722/1166 2526/2721/1167 2523/2718/1272 
f 2508/2703/1267 2511/2706/1150 2530/2725/1173 2531/2726/1173 
f 2506/2701/1150 2519/2714/1173 2530/2725/1173 2511/2706/1150 
f 2518/2713/1270 2529/2724/1170 2530/2725/1173 2519/2714/1173 
f 2528/2723/1170 2531/2726/1173 2530/2725/1173 2529/2724/1170 
f 2236/2427/1271 2259/2450/1189 2532/2727/1273 2520/2715/1271 
f 2256/2447/1186 2533/2728/1186 2532/2727/1273 2259/2450/1189 
f 2534/2729/1274 2535/2730/1273 2532/2727/1273 2533/2728/1186 
f 2522/2717/1166 2520/2715/1271 2532/2727/1273 2535/2730/1273 
f 2252/2443/1182 2536/2731/1275 2537/2732/1276 2253/2444/1183 
f 2538/2733/1275 2539/2734/1276 2537/2732/1276 2536/2731/1275 
f 2534/2729/1274 2533/2728/1186 2537/2732/1276 2539/2734/1276 
f 2256/2447/1186 2253/2444/1183 2537/2732/1276 2533/2728/1186 
f 2540/2735/1182 2541/2736/1183 2542/2737/1183 2543/2738/1182 
f 2544/2739/1186 2545/2740/1274 2542/2737/1183 2541/2736/1183 
f 2534/2729/1274 2539/2734/1276 2542/2737/1183 2545/2740/1274 
f 2538/2733/1275 2543/2738/1182 2542/2737/1183 2539/2734/1276 
f 2524/2719/1271 2527/2722/1166 2546/2741/1189 2547/2742/1189 
f 2522/2717/1166 2535/2730/1273 2546/2741/1189 2527/2722/1166 
f 2534/2729/1274 2545/2740/1274 2546/2741/1189 2535/2730/1273 
f 2544/2739/1186 2547/2742/1189 2546/2741/1189 2545/2740/1274 
f 2252/2443/1182 2271/2462/1201 2548/2743/1201 2536/2731/1275 
f 2268/2459/1277 2549/2744/1277 2548/2743/1201 2271/2462/1201 
f 2550/2745/1198 2551/2746/1201 2548/2743/1201 2549/2744/1277 
f 2538/2733/1275 2536/2731/1275 2548/2743/1201 2551/2746/1201 
f 2000/2187/930 2273/2464/1202 2552/2747/1196 2266/2457/1196 
f 2277/2468/930 2553/2748/1196 2552/2747/1196 2273/2464/1202 
f 2550/2745/1198 2549/2744/1277 2552/2747/1196 2553/2748/1196 
f 2268/2459/1277 2266/2457/1196 2552/2747/1196 2549/2744/1277 
f 2288/2479/930 2554/2749/1196 2555/2750/1196 2289/2480/1208 
f 2556/2751/1277 2557/2752/1198 2555/2750/1196 2554/2749/1196 
f 2550/2745/1198 2553/2748/1196 2555/2750/1196 2557/2752/1198 
f 2277/2468/930 2289/2480/1208 2555/2750/1196 2553/2748/1196 
f 2540/2735/1182 2543/2738/1182 2558/2753/1201 2559/2754/1201 
f 2538/2733/1275 2551/2746/1201 2558/2753/1201 2543/2738/1182 
f 2550/2745/1198 2557/2752/1198 2558/2753/1201 2551/2746/1201 
f 2556/2751/1277 2559/2754/1201 2558/2753/1201 2557/2752/1198 
f 2288/2479/930 2291/2482/933 2560/2755/933 2561/2756/1202 
f 2286/2477/1206 2562/2757/1203 2560/2755/933 2291/2482/933 
f 2563/2758/1206 2564/2759/1204 2560/2755/933 2562/2757/1203 
f 2565/2760/930 2561/2756/1202 2560/2755/933 2564/2759/1204 
f 2282/2473/1205 2566/2761/1205 2567/2762/925 2283/2474/925 
f 2568/2763/1205 2569/2764/925 2567/2762/925 2566/2761/1205 
f 2563/2758/1206 2562/2757/1203 2567/2762/925 2569/2764/925 
f 2286/2477/1206 2283/2474/925 2567/2762/925 2562/2757/1203 
f 2570/2765/1205 2571/2766/925 2572/2767/925 2573/2768/924 
f 2574/2769/1206 2575/2770/1207 2572/2767/925 2571/2766/925 
f 2563/2758/1206 2569/2764/925 2572/2767/925 2575/2770/1207 
f 2568/2763/1205 2573/2768/924 2572/2767/925 2569/2764/925 
f 2576/2771/1202 2577/2772/1208 2578/2773/933 2579/2774/933 
f 2565/2760/930 2564/2759/1204 2578/2773/933 2577/2772/1208 
f 2563/2758/1206 2575/2770/1207 2578/2773/933 2564/2759/1204 
f 2574/2769/1206 2579/2774/933 2578/2773/933 2575/2770/1207 
f 2282/2473/1205 2307/2498/949 2580/2775/949 2566/2761/1205 
f 2304/2495/946 2581/2776/946 2580/2775/949 2307/2498/949 
f 2582/2777/1209 2583/2778/949 2580/2775/949 2581/2776/946 
f 2568/2763/1205 2566/2761/1205 2580/2775/949 2583/2778/949 
f 2300/2491/942 2584/2779/1210 2585/2780/1278 2301/2492/943 
f 2586/2781/1210 2587/2782/1212 2585/2780/1278 2584/2779/1210 
f 2582/2777/1209 2581/2776/946 2585/2780/1278 2587/2782/1212 
f 2304/2495/946 2301/2492/943 2585/2780/1278 2581/2776/946 
f 2588/2783/942 2589/2784/943 2590/2785/943 2591/2786/942 
f 2592/2787/946 2593/2788/1209 2590/2785/943 2589/2784/943 
f 2582/2777/1209 2587/2782/1212 2590/2785/943 2593/2788/1209 
f 2586/2781/1210 2591/2786/942 2590/2785/943 2587/2782/1212 
f 2570/2765/1205 2573/2768/924 2594/2789/949 2595/2790/949 
f 2568/2763/1205 2583/2778/949 2594/2789/949 2573/2768/924 
f 2582/2777/1209 2593/2788/1209 2594/2789/949 2583/2778/949 
f 2592/2787/946 2595/2790/949 2594/2789/949 2593/2788/1209 
f 2300/2491/942 2323/2514/965 2596/2791/965 2584/2779/1210 
f 2320/2511/962 2597/2792/1214 2596/2791/965 2323/2514/965 
f 2598/2793/1214 2599/2794/1213 2596/2791/965 2597/2792/1214 
f 2586/2781/1210 2584/2779/1210 2596/2791/965 2599/2794/1213 
f 2316/2507/958 2600/2795/1215 2601/2796/959 2317/2508/959 
f 2602/2797/1215 2603/2798/1216 2601/2796/959 2600/2795/1215 
f 2598/2793/1214 2597/2792/1214 2601/2796/959 2603/2798/1216 
f 2320/2511/962 2317/2508/959 2601/2796/959 2597/2792/1214 
f 2604/2799/958 2605/2800/959 2606/2801/1216 2607/2802/958 
f 2608/2803/962 2609/2804/962 2606/2801/1216 2605/2800/959 
f 2598/2793/1214 2603/2798/1216 2606/2801/1216 2609/2804/962 
f 2602/2797/1215 2607/2802/958 2606/2801/1216 2603/2798/1216 
f 2588/2783/942 2591/2786/942 2610/2805/1213 2611/2806/965 
f 2586/2781/1210 2599/2794/1213 2610/2805/1213 2591/2786/942 
f 2598/2793/1214 2609/2804/962 2610/2805/1213 2599/2794/1213 
f 2608/2803/962 2611/2806/965 2610/2805/1213 2609/2804/962 
f 2316/2507/958 2339/2530/981 2612/2807/981 2600/2795/1215 
f 2336/2527/978 2613/2808/1218 2612/2807/981 2339/2530/981 
f 2614/2809/1218 2615/2810/1217 2612/2807/981 2613/2808/1218 
f 2602/2797/1215 2600/2795/1215 2612/2807/981 2615/2810/1217 
f 2332/2523/974 2616/2811/1219 2617/2812/975 2333/2524/975 
f 2618/2813/1280 2619/2814/975 2617/2812/975 2616/2811/1219 
f 2614/2809/1218 2613/2808/1218 2617/2812/975 2619/2814/975 
f 2336/2527/978 2333/2524/975 2617/2812/975 2613/2808/1218 
f 2620/2815/974 2621/2816/975 2622/2817/975 2623/2818/1220 
f 2624/2819/978 2625/2820/978 2622/2817/975 2621/2816/975 
f 2614/2809/1218 2619/2814/975 2622/2817/975 2625/2820/978 
f 2618/2813/1280 2623/2818/1220 2622/2817/975 2619/2814/975 
f 2604/2799/958 2607/2802/958 2626/2821/981 2627/2822/981 
f 2602/2797/1215 2615/2810/1217 2626/2821/981 2607/2802/958 
f 2614/2809/1218 2625/2820/978 2626/2821/981 2615/2810/1217 
f 2624/2819/978 2627/2822/981 2626/2821/981 2625/2820/978 
f 2332/2547/974 2355/2550/997 2628/2823/997 2616/2824/1219 
f 2352/2545/1225 2629/2825/1221 2628/2823/997 2355/2550/997 
f 2630/2826/1221 2631/2827/997 2628/2823/997 2629/2825/1221 
f 2618/2828/1280 2616/2824/1219 2628/2823/997 2631/2827/997 
f 2348/2541/1223 2632/2829/990 2633/2830/991 2349/2542/991 
f 2634/2831/990 2635/2832/1224 2633/2830/991 2632/2829/990 
f 2630/2826/1221 2629/2825/1221 2633/2830/991 2635/2832/1224 
f 2352/2545/1225 2349/2542/991 2633/2830/991 2629/2825/1221 
f 2636/2833/1223 2637/2834/991 2638/2835/1224 2639/2836/1223 
f 2640/2837/1225 2641/2838/994 2638/2835/1224 2637/2834/991 
f 2630/2826/1221 2635/2832/1224 2638/2835/1224 2641/2838/994 
f 2634/2831/990 2639/2836/1223 2638/2835/1224 2635/2832/1224 
f 2620/2839/974 2623/2840/1220 2642/2841/997 2643/2842/997 
f 2618/2828/1280 2631/2827/997 2642/2841/997 2623/2840/1220 
f 2630/2826/1221 2641/2838/994 2642/2841/997 2631/2827/997 
f 2640/2837/1225 2643/2842/997 2642/2841/997 2641/2838/994 
f 2348/2541/1223 2371/2566/1013 2644/2843/1013 2632/2829/990 
f 2368/2563/1010 2645/2844/1226 2644/2843/1013 2371/2566/1013 
f 2646/2845/1226 2647/2846/1013 2644/2843/1013 2645/2844/1226 
f 2634/2831/990 2632/2829/990 2644/2843/1013 2647/2846/1013 
f 2364/2559/1006 2648/2847/1006 2649/2848/1007 2365/2560/1007 
f 2650/2849/1006 2651/2850/1228 2649/2848/1007 2648/2847/1006 
f 2646/2845/1226 2645/2844/1226 2649/2848/1007 2651/2850/1228 
f 2368/2563/1010 2365/2560/1007 2649/2848/1007 2645/2844/1226 
f 2652/2851/1006 2653/2852/1007 2654/2853/1228 2655/2854/1006 
f 2656/2855/1010 2657/2856/1010 2654/2853/1228 2653/2852/1007 
f 2646/2845/1226 2651/2850/1228 2654/2853/1228 2657/2856/1010 
f 2650/2849/1006 2655/2854/1006 2654/2853/1228 2651/2850/1228 
f 2636/2833/1223 2639/2836/1223 2658/2857/1013 2659/2858/1013 
f 2634/2831/990 2647/2846/1013 2658/2857/1013 2639/2836/1223 
f 2646/2845/1226 2657/2856/1010 2658/2857/1013 2647/2846/1013 
f 2656/2855/1010 2659/2858/1013 2658/2857/1013 2657/2856/1010 
f 2364/2559/1006 2387/2582/1029 2660/2859/1029 2648/2847/1006 
f 2384/2579/1026 2661/2860/1229 2660/2859/1029 2387/2582/1029 
f 2662/2861/1229 2663/2862/1230 2660/2859/1029 2661/2860/1229 
f 2650/2849/1006 2648/2847/1006 2660/2859/1029 2663/2862/1230 
f 2380/2575/1022 2664/2863/1231 2665/2864/1023 2381/2576/1023 
f 2666/2865/1231 2667/2866/1232 2665/2864/1023 2664/2863/1231 
f 2662/2861/1229 2661/2860/1229 2665/2864/1023 2667/2866/1232 
f 2384/2579/1026 2381/2576/1023 2665/2864/1023 2661/2860/1229 
f 2668/2867/1022 2669/2868/1023 2670/2869/1023 2671/2870/1022 
f 2672/2871/1026 2673/2872/1026 2670/2869/1023 2669/2868/1023 
f 2662/2861/1229 2667/2866/1232 2670/2869/1023 2673/2872/1026 
f 2666/2865/1231 2671/2870/1022 2670/2869/1023 2667/2866/1232 
f 2652/2851/1006 2655/2854/1006 2674/2873/1230 2675/2874/1029 
f 2650/2849/1006 2663/2862/1230 2674/2873/1230 2655/2854/1006 
f 2662/2861/1229 2673/2872/1026 2674/2873/1230 2663/2862/1230 
f 2672/2871/1026 2675/2874/1029 2674/2873/1230 2673/2872/1026 
f 2380/2575/1022 2403/2598/1045 2676/2875/1045 2664/2863/1231 
f 2400/2595/1042 2677/2876/1042 2676/2875/1045 2403/2598/1045 
f 2678/2877/1042 2679/2878/1045 2676/2875/1045 2677/2876/1042 
f 2666/2865/1231 2664/2863/1231 2676/2875/1045 2679/2878/1045 
f 2396/2591/1038 2680/2879/1234 2681/2880/1235 2397/2592/1039 
f 2682/2881/1234 2683/2882/1235 2681/2880/1235 2680/2879/1234 
f 2678/2877/1042 2677/2876/1042 2681/2880/1235 2683/2882/1235 
f 2400/2595/1042 2397/2592/1039 2681/2880/1235 2677/2876/1042 
f 2684/2883/1038 2685/2884/1039 2686/2885/1235 2687/2886/1038 
f 2688/2887/1042 2689/2888/1042 2686/2885/1235 2685/2884/1039 
f 2678/2877/1042 2683/2882/1235 2686/2885/1235 2689/2888/1042 
f 2682/2881/1234 2687/2886/1038 2686/2885/1235 2683/2882/1235 
f 2668/2867/1022 2671/2870/1022 2690/2889/1045 2691/2890/1045 
f 2666/2865/1231 2679/2878/1045 2690/2889/1045 2671/2870/1022 
f 2678/2877/1042 2689/2888/1042 2690/2889/1045 2679/2878/1045 
f 2688/2887/1042 2691/2890/1045 2690/2889/1045 2689/2888/1042 
f 2396/2591/1038 2419/2614/1061 2692/2891/1061 2680/2879/1234 
f 2416/2611/1237 2693/2892/1236 2692/2891/1061 2419/2614/1061 
f 2694/2893/1237 2695/2894/1241 2692/2891/1061 2693/2892/1236 
f 2682/2881/1234 2680/2879/1234 2692/2891/1061 2695/2894/1241 
f 2412/2607/1054 2696/2895/1238 2697/2896/1239 2413/2608/1055 
f 2698/2897/1238 2699/2898/1239 2697/2896/1239 2696/2895/1238 
f 2694/2893/1237 2693/2892/1236 2697/2896/1239 2699/2898/1239 
f 2416/2611/1237 2413/2608/1055 2697/2896/1239 2693/2892/1236 
f 2700/2899/1054 2701/2900/1055 2702/2901/1055 2703/2902/1054 
f 2704/2903/1237 2705/2904/1240 2702/2901/1055 2701/2900/1055 
f 2694/2893/1237 2699/2898/1239 2702/2901/1055 2705/2904/1240 
f 2698/2897/1238 2703/2902/1054 2702/2901/1055 2699/2898/1239 
f 2684/2883/1038 2687/2886/1038 2706/2905/1241 2707/2906/1061 
f 2682/2881/1234 2695/2894/1241 2706/2905/1241 2687/2886/1038 
f 2694/2893/1237 2705/2904/1240 2706/2905/1241 2695/2894/1241 
f 2704/2903/1237 2707/2906/1061 2706/2905/1241 2705/2904/1240 
f 2412/2607/1054 2435/2630/1077 2708/2907/1242 2696/2895/1238 
f 2432/2627/1074 2709/2908/1243 2708/2907/1242 2435/2630/1077 
f 2710/2909/1281 2711/2910/1242 2708/2907/1242 2709/2908/1243 
f 2698/2897/1238 2696/2895/1238 2708/2907/1242 2711/2910/1242 
f 2428/2623/1070 2712/2911/1070 2713/2912/1071 2429/2624/1071 
f 2714/2913/1070 2715/2914/1071 2713/2912/1071 2712/2911/1070 
f 2710/2909/1281 2709/2908/1243 2713/2912/1071 2715/2914/1071 
f 2432/2627/1074 2429/2624/1071 2713/2912/1071 2709/2908/1243 
f 2716/2915/1070 2717/2916/1071 2718/2917/1071 2719/2918/1070 
f 2720/2919/1074 2721/2920/1244 2718/2917/1071 2717/2916/1071 
f 2710/2909/1281 2715/2914/1071 2718/2917/1071 2721/2920/1244 
f 2714/2913/1070 2719/2918/1070 2718/2917/1071 2715/2914/1071 
f 2700/2899/1054 2703/2902/1054 2722/2921/1077 2723/2922/1077 
f 2698/2897/1238 2711/2910/1242 2722/2921/1077 2703/2902/1054 
f 2710/2909/1281 2721/2920/1244 2722/2921/1077 2711/2910/1242 
f 2720/2919/1074 2723/2922/1077 2722/2921/1077 2721/2920/1244 
f 2428/2623/1070 2451/2646/1093 2724/2923/1093 2712/2911/1070 
f 2448/2643/1090 2725/2924/1090 2724/2923/1093 2451/2646/1093 
f 2726/2925/1245 2727/2926/1246 2724/2923/1093 2725/2924/1090 
f 2714/2913/1070 2712/2911/1070 2724/2923/1093 2727/2926/1246 
f 2444/2639/1086 2728/2927/1247 2729/2928/1087 2445/2640/1087 
f 2730/2929/1086 2731/2930/1087 2729/2928/1087 2728/2927/1247 
f 2726/2925/1245 2725/2924/1090 2729/2928/1087 2731/2930/1087 
f 2448/2643/1090 2445/2640/1087 2729/2928/1087 2725/2924/1090 
f 2732/2931/1086 2733/2932/1087 2734/2933/1087 2735/2934/1247 
f 2736/2935/1090 2737/2936/1245 2734/2933/1087 2733/2932/1087 
f 2726/2925/1245 2731/2930/1087 2734/2933/1087 2737/2936/1245 
f 2730/2929/1086 2735/2934/1247 2734/2933/1087 2731/2930/1087 
f 2716/2915/1070 2719/2918/1070 2738/2937/1093 2739/2938/1093 
f 2714/2913/1070 2727/2926/1246 2738/2937/1093 2719/2918/1070 
f 2726/2925/1245 2737/2936/1245 2738/2937/1093 2727/2926/1246 
f 2736/2935/1090 2739/2938/1093 2738/2937/1093 2737/2936/1245 
f 2444/2639/1086 2467/2662/1109 2740/2939/1250 2728/2927/1247 
f 2464/2659/1251 2741/2940/1251 2740/2939/1250 2467/2662/1109 
f 2742/2941/1282 2743/2942/1250 2740/2939/1250 2741/2940/1251 
f 2730/2929/1086 2728/2927/1247 2740/2939/1250 2743/2942/1250 
f 2460/2655/1254 2744/2943/1102 2745/2944/1253 2461/2656/1103 
f 2746/2945/1102 2747/2946/1253 2745/2944/1253 2744/2943/1102 
f 2742/2941/1282 2741/2940/1251 2745/2944/1253 2747/2946/1253 
f 2464/2659/1251 2461/2656/1103 2745/2944/1253 2741/2940/1251 
f 2748/2947/1254 2749/2948/1103 2750/2949/1253 2751/2950/1102 
f 2752/2951/1251 2753/2952/1106 2750/2949/1253 2749/2948/1103 
f 2742/2941/1282 2747/2946/1253 2750/2949/1253 2753/2952/1106 
f 2746/2945/1102 2751/2950/1102 2750/2949/1253 2747/2946/1253 
f 2732/2931/1086 2735/2934/1247 2754/2953/1250 2755/2954/1109 
f 2730/2929/1086 2743/2942/1250 2754/2953/1250 2735/2934/1247 
f 2742/2941/1282 2753/2952/1106 2754/2953/1250 2743/2942/1250 
f 2752/2951/1251 2755/2954/1109 2754/2953/1250 2753/2952/1106 
f 2460/2655/1254 2483/2678/1125 2756/2955/1125 2744/2943/1102 
f 2480/2675/1256 2757/2956/1122 2756/2955/1125 2483/2678/1125 
f 2758/2957/1122 2759/2958/1125 2756/2955/1125 2757/2956/1122 
f 2746/2945/1102 2744/2943/1102 2756/2955/1125 2759/2958/1125 
f 2476/2671/1118 2760/2959/1257 2761/2960/1258 2477/2672/1119 
f 2762/2961/1259 2763/2962/1258 2761/2960/1258 2760/2959/1257 
f 2758/2957/1122 2757/2956/1122 2761/2960/1258 2763/2962/1258 
f 2480/2675/1256 2477/2672/1119 2761/2960/1258 2757/2956/1122 
f 2764/2963/1118 2765/2964/1119 2766/2965/1258 2767/2966/1257 
f 2768/2967/1256 2769/2968/1122 2766/2965/1258 2765/2964/1119 
f 2758/2957/1122 2763/2962/1258 2766/2965/1258 2769/2968/1122 
f 2762/2961/1259 2767/2966/1257 2766/2965/1258 2763/2962/1258 
f 2748/2947/1254 2751/2950/1102 2770/2969/1125 2771/2970/1125 
f 2746/2945/1102 2759/2958/1125 2770/2969/1125 2751/2950/1102 
f 2758/2957/1122 2769/2968/1122 2770/2969/1125 2759/2958/1125 
f 2768/2967/1256 2771/2970/1125 2770/2969/1125 2769/2968/1122 
f 2476/2671/1118 2499/2694/1141 2772/2971/1141 2760/2959/1257 
f 2496/2691/1138 2773/2972/1261 2772/2971/1141 2499/2694/1141 
f 2774/2973/1261 2775/2974/1264 2772/2971/1141 2773/2972/1261 
f 2762/2961/1259 2760/2959/1257 2772/2971/1141 2775/2974/1264 
f 2492/2687/1262 2776/2975/1134 2777/2976/1135 2493/2688/1135 
f 2778/2977/1134 2779/2978/1263 2777/2976/1135 2776/2975/1134 
f 2774/2973/1261 2773/2972/1261 2777/2976/1135 2779/2978/1263 
f 2496/2691/1138 2493/2688/1135 2777/2976/1135 2773/2972/1261 
f 2780/2979/1262 2781/2980/1135 2782/2981/1263 2783/2982/1262 
f 2784/2983/1138 2785/2984/1138 2782/2981/1263 2781/2980/1135 
f 2774/2973/1261 2779/2978/1263 2782/2981/1263 2785/2984/1138 
f 2778/2977/1134 2783/2982/1262 2782/2981/1263 2779/2978/1263 
f 2764/2963/1118 2767/2966/1257 2786/2985/1264 2787/2986/1141 
f 2762/2961/1259 2775/2974/1264 2786/2985/1264 2767/2966/1257 
f 2774/2973/1261 2785/2984/1138 2786/2985/1264 2775/2974/1264 
f 2784/2983/1138 2787/2986/1141 2786/2985/1264 2785/2984/1138 
f 2492/2687/1262 2515/2710/1157 2788/2987/1157 2776/2975/1134 
f 2512/2707/1154 2789/2988/1265 2788/2987/1157 2515/2710/1157 
f 2790/2989/1265 2791/2990/1266 2788/2987/1157 2789/2988/1265 
f 2778/2977/1134 2776/2975/1134 2788/2987/1157 2791/2990/1266 
f 2508/2703/1267 2792/2991/1267 2793/2992/1151 2509/2704/1268 
f 2794/2993/1150 2795/2994/1151 2793/2992/1151 2792/2991/1267 
f 2790/2989/1265 2789/2988/1265 2793/2992/1151 2795/2994/1151 
f 2512/2707/1154 2509/2704/1268 2793/2992/1151 2789/2988/1265 
f 2796/2995/1267 2797/2996/1268 2798/2997/1151 2799/2998/1150 
f 2800/2999/1154 2801/3000/1154 2798/2997/1151 2797/2996/1268 
f 2790/2989/1265 2795/2994/1151 2798/2997/1151 2801/3000/1154 
f 2794/2993/1150 2799/2998/1150 2798/2997/1151 2795/2994/1151 
f 2780/2979/1262 2783/2982/1262 2802/3001/1157 2803/3002/1157 
f 2778/2977/1134 2791/2990/1266 2802/3001/1157 2783/2982/1262 
f 2790/2989/1265 2801/3000/1154 2802/3001/1157 2791/2990/1266 
f 2800/2999/1154 2803/3002/1157 2802/3001/1157 2801/3000/1154 
f 2508/2703/1267 2531/2726/1173 2804/3003/1279 2792/2991/1267 
f 2528/2723/1170 2805/3004/1269 2804/3003/1279 2531/2726/1173 
f 2806/3005/1270 2807/3006/1173 2804/3003/1279 2805/3004/1269 
f 2794/2993/1150 2792/2991/1267 2804/3003/1279 2807/3006/1173 
f 2524/2719/1271 2808/3007/1271 2809/3008/1272 2525/2720/1167 
f 2810/3009/1271 2811/3010/1272 2809/3008/1272 2808/3007/1271 
f 2806/3005/1270 2805/3004/1269 2809/3008/1272 2811/3010/1272 
f 2528/2723/1170 2525/2720/1167 2809/3008/1272 2805/3004/1269 
f 2812/3011/1271 2813/3012/1167 2814/3013/1272 2815/3014/1166 
f 2816/3015/1170 2817/3016/1170 2814/3013/1272 2813/3012/1167 
f 2806/3005/1270 2811/3010/1272 2814/3013/1272 2817/3016/1170 
f 2810/3009/1271 2815/3014/1166 2814/3013/1272 2811/3010/1272 
f 2796/2995/1267 2799/2998/1150 2818/3017/1173 2819/3018/1173 
f 2794/2993/1150 2807/3006/1173 2818/3017/1173 2799/2998/1150 
f 2806/3005/1270 2817/3016/1170 2818/3017/1173 2807/3006/1173 
f 2816/3015/1170 2819/3018/1173 2818/3017/1173 2817/3016/1170 
f 2524/2719/1271 2547/2742/1189 2820/3019/1273 2808/3007/1271 
f 2544/2739/1186 2821/3020/1186 2820/3019/1273 2547/2742/1189 
f 2822/3021/1186 2823/3022/1273 2820/3019/1273 2821/3020/1186 
f 2810/3009/1271 2808/3007/1271 2820/3019/1273 2823/3022/1273 
f 2540/2735/1182 2824/3023/1275 2825/3024/1276 2541/2736/1183 
f 2826/3025/1275 2827/3026/1276 2825/3024/1276 2824/3023/1275 
f 2822/3021/1186 2821/3020/1186 2825/3024/1276 2827/3026/1276 
f 2544/2739/1186 2541/2736/1183 2825/3024/1276 2821/3020/1186 
f 2828/3027/1182 2829/3028/1183 2830/3029/1183 2831/3030/1182 
f 2832/3031/1186 2833/3032/1274 2830/3029/1183 2829/3028/1183 
f 2822/3021/1186 2827/3026/1276 2830/3029/1183 2833/3032/1274 
f 2826/3025/1275 2831/3030/1182 2830/3029/1183 2827/3026/1276 
f 2812/3011/1271 2815/3014/1166 2834/3033/1189 2835/3034/1189 
f 2810/3009/1271 2823/3022/1273 2834/3033/1189 2815/3014/1166 
f 2822/3021/1186 2833/3032/1274 2834/3033/1189 2823/3022/1273 
f 2832/3031/1186 2835/3034/1189 2834/3033/1189 2833/3032/1274 
f 2540/2735/1182 2559/2754/1201 2836/3035/1201 2824/3023/1275 
f 2556/2751/1277 2837/3036/1277 2836/3035/1201 2559/2754/1201 
f 2838/3037/1198 2839/3038/1201 2836/3035/1201 2837/3036/1277 
f 2826/3025/1275 2824/3023/1275 2836/3035/1201 2839/3038/1201 
f 2288/2479/930 2561/2756/1202 2840/3039/1196 2554/2749/1196 
f 2565/2760/930 2841/3040/1196 2840/3039/1196 2561/2756/1202 
f 2838/3037/1198 2837/3036/1277 2840/3039/1196 2841/3040/1196 
f 2556/2751/1277 2554/2749/1196 2840/3039/1196 2837/3036/1277 
f 2576/2771/1202 2842/3041/1196 2843/3042/1196 2577/2772/1208 
f 2844/3043/1277 2845/3044/1198 2843/3042/1196 2842/3041/1196 
f 2838/3037/1198 2841/3040/1196 2843/3042/1196 2845/3044/1198 
f 2565/2760/930 2577/2772/1208 2843/3042/1196 2841/3040/1196 
f 2828/3027/1182 2831/3030/1182 2846/3045/1201 2847/3046/1201 
f 2826/3025/1275 2839/3038/1201 2846/3045/1201 2831/3030/1182 
f 2838/3037/1198 2845/3044/1198 2846/3045/1201 2839/3038/1201 
f 2844/3043/1277 2847/3046/1201 2846/3045/1201 2845/3044/1198 
f 2576/2771/1202 2579/2774/933 2848/3047/1283 2849/3048/1284 
f 2574/2769/1206 2850/3049/1285 2848/3047/1283 2579/2774/933 
f 2851/3050/1286 2852/3051/1287 2848/3047/1283 2850/3049/1285 
f 2853/3052/1288 2849/3048/1284 2848/3047/1283 2852/3051/1287 
f 2570/2765/1205 2854/3053/1289 2855/3054/1290 2571/2766/925 
f 2856/3055/1291 2857/3056/1292 2855/3054/1290 2854/3053/1289 
f 2851/3050/1286 2850/3049/1285 2855/3054/1290 2857/3056/1292 
f 2574/2769/1206 2571/2766/925 2855/3054/1290 2850/3049/1285 
f 2858/3057/1293 2859/3058/1294 2860/3059/1295 2861/3060/1296 
f 2862/3061/1297 2863/3062/1298 2860/3059/1295 2859/3058/1294 
f 2851/3050/1286 2857/3056/1292 2860/3059/1295 2863/3062/1298 
f 2856/3055/1291 2861/3060/1296 2860/3059/1295 2857/3056/1292 
f 2864/3063/1299 2865/3064/1300 2866/3065/1301 2867/3066/1302 
f 2853/3052/1288 2852/3051/1287 2866/3065/1301 2865/3064/1300 
f 2851/3050/1286 2863/3062/1298 2866/3065/1301 2852/3051/1287 
f 2862/3061/1297 2867/3066/1302 2866/3065/1301 2863/3062/1298 
f 2570/2765/1205 2595/2790/949 2868/3067/1303 2854/3053/1289 
f 2592/2787/946 2869/3068/1304 2868/3067/1303 2595/2790/949 
f 2870/3069/1305 2871/3070/1306 2868/3067/1303 2869/3068/1304 
f 2856/3055/1291 2854/3053/1289 2868/3067/1303 2871/3070/1306 
f 2588/2783/942 2872/3071/1307 2873/3072/1308 2589/2784/943 
f 2874/3073/1309 2875/3074/1310 2873/3072/1308 2872/3071/1307 
f 2870/3069/1305 2869/3068/1304 2873/3072/1308 2875/3074/1310 
f 2592/2787/946 2589/2784/943 2873/3072/1308 2869/3068/1304 
f 2876/3075/1311 2877/3076/1312 2878/3077/1313 2879/3078/1314 
f 2880/3079/1315 2881/3080/1316 2878/3077/1313 2877/3076/1312 
f 2870/3069/1305 2875/3074/1310 2878/3077/1313 2881/3080/1316 
f 2874/3073/1309 2879/3078/1314 2878/3077/1313 2875/3074/1310 
f 2858/3057/1293 2861/3060/1296 2882/3081/1317 2883/3082/1318 
f 2856/3055/1291 2871/3070/1306 2882/3081/1317 2861/3060/1296 
f 2870/3069/1305 2881/3080/1316 2882/3081/1317 2871/3070/1306 
f 2880/3079/1315 2883/3082/1318 2882/3081/1317 2881/3080/1316 
f 2588/2783/942 2611/2806/965 2884/3083/1319 2872/3071/1307 
f 2608/2803/962 2885/3084/1320 2884/3083/1319 2611/2806/965 
f 2886/3085/1321 2887/3086/1322 2884/3083/1319 2885/3084/1320 
f 2874/3073/1309 2872/3071/1307 2884/3083/1319 2887/3086/1322 
f 2604/2799/958 2888/3087/1323 2889/3088/1324 2605/2800/959 
f 2890/3089/1325 2891/3090/1326 2889/3088/1324 2888/3087/1323 
f 2886/3085/1321 2885/3084/1320 2889/3088/1324 2891/3090/1326 
f 2608/2803/962 2605/2800/959 2889/3088/1324 2885/3084/1320 
f 2892/3091/1327 2893/3092/1328 2894/3093/1329 2895/3094/1330 
f 2896/3095/1331 2897/3096/1332 2894/3093/1329 2893/3092/1328 
f 2886/3085/1321 2891/3090/1326 2894/3093/1329 2897/3096/1332 
f 2890/3089/1325 2895/3094/1330 2894/3093/1329 2891/3090/1326 
f 2876/3075/1311 2879/3078/1314 2898/3097/1333 2899/3098/1334 
f 2874/3073/1309 2887/3086/1322 2898/3097/1333 2879/3078/1314 
f 2886/3085/1321 2897/3096/1332 2898/3097/1333 2887/3086/1322 
f 2896/3095/1331 2899/3098/1334 2898/3097/1333 2897/3096/1332 
f 2604/2799/958 2627/2822/981 2900/3099/1335 2888/3087/1323 
f 2624/2819/978 2901/3100/1336 2900/3099/1335 2627/2822/981 
f 2902/3101/1337 2903/3102/1338 2900/3099/1335 2901/3100/1336 
f 2890/3089/1325 2888/3087/1323 2900/3099/1335 2903/3102/1338 
f 2620/2815/974 2904/3103/1339 2905/3104/1340 2621/2816/975 
f 2906/3105/1341 2907/3106/1342 2905/3104/1340 2904/3103/1339 
f 2902/3101/1337 2901/3100/1336 2905/3104/1340 2907/3106/1342 
f 2624/2819/978 2621/2816/975 2905/3104/1340 2901/3100/1336 
f 2908/3107/1343 2909/3108/1344 2910/3109/1345 2911/3110/1346 
f 2912/3111/1347 2913/3112/1348 2910/3109/1345 2909/3108/1344 
f 2902/3101/1337 2907/3106/1342 2910/3109/1345 2913/3112/1348 
f 2906/3105/1341 2911/3110/1346 2910/3109/1345 2907/3106/1342 
f 2892/3091/1327 2895/3094/1330 2914/3113/1349 2915/3114/1350 
f 2890/3089/1325 2903/3102/1338 2914/3113/1349 2895/3094/1330 
f 2902/3101/1337 2913/3112/1348 2914/3113/1349 2903/3102/1338 
f 2912/3111/1347 2915/3114/1350 2914/3113/1349 2913/3112/1348 
f 2620/2839/974 2643/2842/997 2916/3115/1351 2904/3116/1339 
f 2640/2837/1225 2917/3117/1352 2916/3115/1351 2643/2842/997 
f 2918/3118/1353 2919/3119/1354 2916/3115/1351 2917/3117/1352 
f 2906/3120/1341 2904/3116/1339 2916/3115/1351 2919/3119/1354 
f 2636/2833/1223 2920/3121/1355 2921/3122/1356 2637/2834/991 
f 2922/3123/1357 2923/3124/1358 2921/3122/1356 2920/3121/1355 
f 2918/3118/1353 2917/3117/1352 2921/3122/1356 2923/3124/1358 
f 2640/2837/1225 2637/2834/991 2921/3122/1356 2917/3117/1352 
f 2924/3125/1359 2925/3126/1360 2926/3127/1361 2927/3128/1362 
f 2928/3129/1363 2929/3130/1364 2926/3127/1361 2925/3126/1360 
f 2918/3118/1353 2923/3124/1358 2926/3127/1361 2929/3130/1364 
f 2922/3123/1357 2927/3128/1362 2926/3127/1361 2923/3124/1358 
f 2908/3131/1343 2911/3132/1346 2930/3133/1365 2931/3134/1366 
f 2906/3120/1341 2919/3119/1354 2930/3133/1365 2911/3132/1346 
f 2918/3118/1353 2929/3130/1364 2930/3133/1365 2919/3119/1354 
f 2928/3129/1363 2931/3134/1366 2930/3133/1365 2929/3130/1364 
f 2636/2833/1223 2659/2858/1013 2932/3135/1367 2920/3121/1355 
f 2656/2855/1010 2933/3136/1368 2932/3135/1367 2659/2858/1013 
f 2934/3137/1369 2935/3138/1370 2932/3135/1367 2933/3136/1368 
f 2922/3123/1357 2920/3121/1355 2932/3135/1367 2935/3138/1370 
f 2652/2851/1006 2936/3139/1371 2937/3140/1372 2653/2852/1007 
f 2938/3141/1373 2939/3142/1374 2937/3140/1372 2936/3139/1371 
f 2934/3137/1369 2933/3136/1368 2937/3140/1372 2939/3142/1374 
f 2656/2855/1010 2653/2852/1007 2937/3140/1372 2933/3136/1368 
f 2940/3143/1375 2941/3144/1376 2942/3145/1377 2943/3146/1378 
f 2944/3147/1379 2945/3148/1380 2942/3145/1377 2941/3144/1376 
f 2934/3137/1369 2939/3142/1374 2942/3145/1377 2945/3148/1380 
f 2938/3141/1373 2943/3146/1378 2942/3145/1377 2939/3142/1374 
f 2924/3125/1359 2927/3128/1362 2946/3149/1381 2947/3150/1382 
f 2922/3123/1357 2935/3138/1370 2946/3149/1381 2927/3128/1362 
f 2934/3137/1369 2945/3148/1380 2946/3149/1381 2935/3138/1370 
f 2944/3147/1379 2947/3150/1382 2946/3149/1381 2945/3148/1380 
f 2652/2851/1006 2675/2874/1029 2948/3151/1383 2936/3139/1371 
f 2672/2871/1026 2949/3152/1384 2948/3151/1383 2675/2874/1029 
f 2950/3153/1385 2951/3154/1386 2948/3151/1383 2949/3152/1384 
f 2938/3141/1373 2936/3139/1371 2948/3151/1383 2951/3154/1386 
f 2668/2867/1022 2952/3155/1387 2953/3156/1388 2669/2868/1023 
f 2954/3157/1389 2955/3158/1390 2953/3156/1388 2952/3155/1387 
f 2950/3153/1385 2949/3152/1384 2953/3156/1388 2955/3158/1390 
f 2672/2871/1026 2669/2868/1023 2953/3156/1388 2949/3152/1384 
f 2956/3159/1391 2957/3160/1392 2958/3161/1393 2959/3162/1394 
f 2960/3163/1395 2961/3164/1396 2958/3161/1393 2957/3160/1392 
f 2950/3153/1385 2955/3158/1390 2958/3161/1393 2961/3164/1396 
f 2954/3157/1389 2959/3162/1394 2958/3161/1393 2955/3158/1390 
f 2940/3143/1375 2943/3146/1378 2962/3165/1397 2963/3166/1398 
f 2938/3141/1373 2951/3154/1386 2962/3165/1397 2943/3146/1378 
f 2950/3153/1385 2961/3164/1396 2962/3165/1397 2951/3154/1386 
f 2960/3163/1395 2963/3166/1398 2962/3165/1397 2961/3164/1396 
f 2668/2867/1022 2691/2890/1045 2964/3167/1399 2952/3155/1387 
f 2688/2887/1042 2965/3168/1400 2964/3167/1399 2691/2890/1045 
f 2966/3169/1401 2967/3170/1402 2964/3167/1399 2965/3168/1400 
f 2954/3157/1389 2952/3155/1387 2964/3167/1399 2967/3170/1402 
f 2684/2883/1038 2968/3171/1403 2969/3172/1404 2685/2884/1039 
f 2970/3173/1405 2971/3174/1406 2969/3172/1404 2968/3171/1403 
f 2966/3169/1401 2965/3168/1400 2969/3172/1404 2971/3174/1406 
f 2688/2887/1042 2685/2884/1039 2969/3172/1404 2965/3168/1400 
f 2972/3175/1407 2973/3176/1408 2974/3177/1409 2975/3178/1410 
f 2976/3179/1411 2977/3180/1412 2974/3177/1409 2973/3176/1408 
f 2966/3169/1401 2971/3174/1406 2974/3177/1409 2977/3180/1412 
f 2970/3173/1405 2975/3178/1410 2974/3177/1409 2971/3174/1406 
f 2956/3159/1391 2959/3162/1394 2978/3181/1413 2979/3182/1414 
f 2954/3157/1389 2967/3170/1402 2978/3181/1413 2959/3162/1394 
f 2966/3169/1401 2977/3180/1412 2978/3181/1413 2967/3170/1402 
f 2976/3179/1411 2979/3182/1414 2978/3181/1413 2977/3180/1412 
f 2684/2883/1038 2707/2906/1061 2980/3183/1415 2968/3171/1403 
f 2704/2903/1237 2981/3184/1416 2980/3183/1415 2707/2906/1061 
f 2982/3185/1417 2983/3186/1418 2980/3183/1415 2981/3184/1416 
f 2970/3173/1405 2968/3171/1403 2980/3183/1415 2983/3186/1418 
f 2700/2899/1054 2984/3187/1419 2985/3188/1420 2701/2900/1055 
f 2986/3189/1421 2987/3190/1422 2985/3188/1420 2984/3187/1419 
f 2982/3185/1417 2981/3184/1416 2985/3188/1420 2987/3190/1422 
f 2704/2903/1237 2701/2900/1055 2985/3188/1420 2981/3184/1416 
f 2988/3191/1423 2989/3192/1424 2990/3193/1425 2991/3194/1426 
f 2992/3195/1427 2993/3196/1428 2990/3193/1425 2989/3192/1424 
f 2982/3185/1417 2987/3190/1422 2990/3193/1425 2993/3196/1428 
f 2986/3189/1421 2991/3194/1426 2990/3193/1425 2987/3190/1422 
f 2972/3175/1407 2975/3178/1410 2994/3197/1429 2995/3198/1430 
f 2970/3173/1405 2983/3186/1418 2994/3197/1429 2975/3178/1410 
f 2982/3185/1417 2993/3196/1428 2994/3197/1429 2983/3186/1418 
f 2992/3195/1427 2995/3198/1430 2994/3197/1429 2993/3196/1428 
f 2700/2899/1054 2723/2922/1077 2996/3199/1431 2984/3187/1419 
f 2720/2919/1074 2997/3200/1432 2996/3199/1431 2723/2922/1077 
f 2998/3201/1433 2999/3202/1434 2996/3199/1431 2997/3200/1432 
f 2986/3189/1421 2984/3187/1419 2996/3199/1431 2999/3202/1434 
f 2716/2915/1070 3000/3203/1435 3001/3204/1436 2717/2916/1071 
f 3002/3205/1437 3003/3206/1438 3001/3204/1436 3000/3203/1435 
f 2998/3201/1433 2997/3200/1432 3001/3204/1436 3003/3206/1438 
f 2720/2919/1074 2717/2916/1071 3001/3204/1436 2997/3200/1432 
f 3004/3207/1439 3005/3208/1440 3006/3209/1441 3007/3210/1442 
f 3008/3211/1443 3009/3212/1444 3006/3209/1441 3005/3208/1440 
f 2998/3201/1433 3003/3206/1438 3006/3209/1441 3009/3212/1444 
f 3002/3205/1437 3007/3210/1442 3006/3209/1441 3003/3206/1438 
f 2988/3191/1423 2991/3194/1426 3010/3213/1445 3011/3214/1446 
f 2986/3189/1421 2999/3202/1434 3010/3213/1445 2991/3194/1426 
f 2998/3201/1433 3009/3212/1444 3010/3213/1445 2999/3202/1434 
f 3008/3211/1443 3011/3214/1446 3010/3213/1445 3009/3212/1444 
f 2716/2915/1070 2739/2938/1093 3012/3215/1447 3000/3203/1435 
f 2736/2935/1090 3013/3216/1448 3012/3215/1447 2739/2938/1093 
f 3014/3217/1449 3015/3218/1450 3012/3215/1447 3013/3216/1448 
f 3002/3205/1437 3000/3203/1435 3012/3215/1447 3015/3218/1450 
f 2732/2931/1086 3016/3219/1451 3017/3220/1452 2733/2932/1087 
f 3018/3221/1453 3019/3222/1454 3017/3220/1452 3016/3219/1451 
f 3014/3217/1449 3013/3216/1448 3017/3220/1452 3019/3222/1454 
f 2736/2935/1090 2733/2932/1087 3017/3220/1452 3013/3216/1448 
f 3020/3223/1455 3021/3224/1456 3022/3225/1457 3023/3226/1458 
f 3024/3227/1459 3025/3228/1460 3022/3225/1457 3021/3224/1456 
f 3014/3217/1449 3019/3222/1454 3022/3225/1457 3025/3228/1460 
f 3018/3221/1453 3023/3226/1458 3022/3225/1457 3019/3222/1454 
f 3004/3207/1439 3007/3210/1442 3026/3229/1461 3027/3230/1462 
f 3002/3205/1437 3015/3218/1450 3026/3229/1461 3007/3210/1442 
f 3014/3217/1449 3025/3228/1460 3026/3229/1461 3015/3218/1450 
f 3024/3227/1459 3027/3230/1462 3026/3229/1461 3025/3228/1460 
f 2732/2931/1086 2755/2954/1109 3028/3231/1463 3016/3219/1451 
f 2752/2951/1251 3029/3232/1464 3028/3231/1463 2755/2954/1109 
f 3030/3233/1465 3031/3234/1466 3028/3231/1463 3029/3232/1464 
f 3018/3221/1453 3016/3219/1451 3028/3231/1463 3031/3234/1466 
f 2748/2947/1254 3032/3235/1467 3033/3236/1468 2749/2948/1103 
f 3034/3237/1469 3035/3238/1470 3033/3236/1468 3032/3235/1467 
f 3030/3233/1465 3029/3232/1464 3033/3236/1468 3035/3238/1470 
f 2752/2951/1251 2749/2948/1103 3033/3236/1468 3029/3232/1464 
f 3036/3239/1471 3037/3240/1472 3038/3241/1473 3039/3242/1474 
f 3040/3243/1475 3041/3244/1476 3038/3241/1473 3037/3240/1472 
f 3030/3233/1465 3035/3238/1470 3038/3241/1473 3041/3244/1476 
f 3034/3237/1469 3039/3242/1474 3038/3241/1473 3035/3238/1470 
f 3020/3223/1455 3023/3226/1458 3042/3245/1477 3043/3246/1478 
f 3018/3221/1453 3031/3234/1466 3042/3245/1477 3023/3226/1458 
f 3030/3233/1465 3041/3244/1476 3042/3245/1477 3031/3234/1466 
f 3040/3243/1475 3043/3246/1478 3042/3245/1477 3041/3244/1476 
f 2748/2947/1254 2771/2970/1125 3044/3247/1479 3032/3235/1467 
f 2768/2967/1256 3045/3248/1480 3044/3247/1479 2771/2970/1125 
f 3046/3249/1481 3047/3250/1482 3044/3247/1479 3045/3248/1480 
f 3034/3237/1469 3032/3235/1467 3044/3247/1479 3047/3250/1482 
f 2764/2963/1118 3048/3251/1483 3049/3252/1484 2765/2964/1119 
f 3050/3253/1485 3051/3254/1486 3049/3252/1484 3048/3251/1483 
f 3046/3249/1481 3045/3248/1480 3049/3252/1484 3051/3254/1486 
f 2768/2967/1256 2765/2964/1119 3049/3252/1484 3045/3248/1480 
f 3052/3255/1487 3053/3256/1488 3054/3257/1489 3055/3258/1490 
f 3056/3259/1491 3057/3260/1492 3054/3257/1489 3053/3256/1488 
f 3046/3249/1481 3051/3254/1486 3054/3257/1489 3057/3260/1492 
f 3050/3253/1485 3055/3258/1490 3054/3257/1489 3051/3254/1486 
f 3036/3239/1471 3039/3242/1474 3058/3261/1493 3059/3262/1494 
f 3034/3237/1469 3047/3250/1482 3058/3261/1493 3039/3242/1474 
f 3046/3249/1481 3057/3260/1492 3058/3261/1493 3047/3250/1482 
f 3056/3259/1491 3059/3262/1494 3058/3261/1493 3057/3260/1492 
f 2764/2963/1118 2787/2986/1141 3060/3263/1495 3048/3251/1483 
f 2784/2983/1138 3061/3264/1496 3060/3263/1495 2787/2986/1141 
f 3062/3265/1497 3063/3266/1498 3060/3263/1495 3061/3264/1496 
f 3050/3253/1485 3048/3251/1483 3060/3263/1495 3063/3266/1498 
f 2780/2979/1262 3064/3267/1499 3065/3268/1500 2781/2980/1135 
f 3066/3269/1501 3067/3270/1502 3065/3268/1500 3064/3267/1499 
f 3062/3265/1497 3061/3264/1496 3065/3268/1500 3067/3270/1502 
f 2784/2983/1138 2781/2980/1135 3065/3268/1500 3061/3264/1496 
f 3068/3271/1503 3069/3272/1504 3070/3273/1505 3071/3274/1506 
f 3072/3275/1507 3073/3276/1508 3070/3273/1505 3069/3272/1504 
f 3062/3265/1497 3067/3270/1502 3070/3273/1505 3073/3276/1508 
f 3066/3269/1501 3071/3274/1506 3070/3273/1505 3067/3270/1502 
f 3052/3255/1487 3055/3258/1490 3074/3277/1509 3075/3278/1510 
f 3050/3253/1485 3063/3266/1498 3074/3277/1509 3055/3258/1490 
f 3062/3265/1497 3073/3276/1508 3074/3277/1509 3063/3266/1498 
f 3072/3275/1507 3075/3278/1510 3074/3277/1509 3073/3276/1508 
f 2780/2979/1262 2803/3002/1157 3076/3279/1511 3064/3267/1499 
f 2800/2999/1154 3077/3280/1512 3076/3279/1511 2803/3002/1157 
f 3078/3281/1513 3079/3282/1514 3076/3279/1511 3077/3280/1512 
f 3066/3269/1501 3064/3267/1499 3076/3279/1511 3079/3282/1514 
f 2796/2995/1267 3080/3283/1515 3081/3284/1516 2797/2996/1268 
f 3082/3285/1517 3083/3286/1518 3081/3284/1516 3080/3283/1515 
f 3078/3281/1513 3077/3280/1512 3081/3284/1516 3083/3286/1518 
f 2800/2999/1154 2797/2996/1268 3081/3284/1516 3077/3280/1512 
f 3084/3287/1519 3085/3288/1520 3086/3289/1521 3087/3290/1522 
f 3088/3291/1523 3089/3292/1524 3086/3289/1521 3085/3288/1520 
f 3078/3281/1513 3083/3286/1518 3086/3289/1521 3089/3292/1524 
f 3082/3285/1517 3087/3290/1522 3086/3289/1521 3083/3286/1518 
f 3068/3271/1503 3071/3274/1506 3090/3293/1525 3091/3294/1526 
f 3066/3269/1501 3079/3282/1514 3090/3293/1525 3071/3274/1506 
f 3078/3281/1513 3089/3292/1524 3090/3293/1525 3079/3282/1514 
f 3088/3291/1523 3091/3294/1526 3090/3293/1525 3089/3292/1524 
f 2796/2995/1267 2819/3018/1173 3092/3295/1527 3080/3283/1515 
f 2816/3015/1170 3093/3296/1528 3092/3295/1527 2819/3018/1173 
f 3094/3297/1529 3095/3298/1530 3092/3295/1527 3093/3296/1528 
f 3082/3285/1517 3080/3283/1515 3092/3295/1527 3095/3298/1530 
f 2812/3011/1271 3096/3299/1531 3097/3300/1532 2813/3012/1167 
f 3098/3301/1533 3099/3302/1534 3097/3300/1532 3096/3299/1531 
f 3094/3297/1529 3093/3296/1528 3097/3300/1532 3099/3302/1534 
f 2816/3015/1170 2813/3012/1167 3097/3300/1532 3093/3296/1528 
f 3100/3303/1535 3101/3304/1536 3102/3305/1537 3103/3306/1538 
f 3104/3307/1539 3105/3308/1540 3102/3305/1537 3101/3304/1536 
f 3094/3297/1529 3099/3302/1534 3102/3305/1537 3105/3308/1540 
f 3098/3301/1533 3103/3306/1538 3102/3305/1537 3099/3302/1534 
f 3084/3287/1519 3087/3290/1522 3106/3309/1541 3107/3310/1542 
f 3082/3285/1517 3095/3298/1530 3106/3309/1541 3087/3290/1522 
f 3094/3297/1529 3105/3308/1540 3106/3309/1541 3095/3298/1530 
f 3104/3307/1539 3107/3310/1542 3106/3309/1541 3105/3308/1540 
f 2812/3011/1271 2835/3034/1189 3108/3311/1543 3096/3299/1531 
f 2832/3031/1186 3109/3312/1544 3108/3311/1543 2835/3034/1189 
f 3110/3313/1545 3111/3314/1546 3108/3311/1543 3109/3312/1544 
f 3098/3301/1533 3096/3299/1531 3108/3311/1543 3111/3314/1546 
f 2828/3027/1182 3112/3315/1547 3113/3316/1548 2829/3028/1183 
f 3114/3317/1549 3115/3318/1550 3113/3316/1548 3112/3315/1547 
f 3110/3313/1545 3109/3312/1544 3113/3316/1548 3115/3318/1550 
f 2832/3031/1186 2829/3028/1183 3113/3316/1548 3109/3312/1544 
f 3116/3319/1551 3117/3320/1552 3118/3321/1553 3119/3322/1554 
f 3120/3323/1555 3121/3324/1556 3118/3321/1553 3117/3320/1552 
f 3110/3313/1545 3115/3318/1550 3118/3321/1553 3121/3324/1556 
f 3114/3317/1549 3119/3322/1554 3118/3321/1553 3115/3318/1550 
f 3100/3303/1535 3103/3306/1538 3122/3325/1557 3123/3326/1558 
f 3098/3301/1533 3111/3314/1546 3122/3325/1557 3103/3306/1538 
f 3110/3313/1545 3121/3324/1556 3122/3325/1557 3111/3314/1546 
f 3120/3323/1555 3123/3326/1558 3122/3325/1557 3121/3324/1556 
f 2828/3027/1182 2847/3046/1201 3124/3327/1559 3112/3315/1547 
f 2844/3043/1277 3125/3328/1560 3124/3327/1559 2847/3046/1201 
f 3126/3329/1561 3127/3330/1562 3124/3327/1559 3125/3328/1560 
f 3114/3317/1549 3112/3315/1547 3124/3327/1559 3127/3330/1562 
f 2576/2771/1202 2849/3048/1284 3128/3331/1563 2842/3041/1196 
f 2853/3052/1288 3129/3332/1564 3128/3331/1563 2849/3048/1284 
f 3126/3329/1561 3125/3328/1560 3128/3331/1563 3129/3332/1564 
f 2844/3043/1277 2842/3041/1196 3128/3331/1563 3125/3328/1560 
f 2864/3063/1299 3130/3333/1565 3131/3334/1566 2865/3064/1300 
f 3132/3335/1567 3133/3336/1568 3131/3334/1566 3130/3333/1565 
f 3126/3329/1561 3129/3332/1564 3131/3334/1566 3133/3336/1568 
f 2853/3052/1288 2865/3064/1300 3131/3334/1566 3129/3332/1564 
f 3116/3319/1551 3119/3322/1554 3134/3337/1569 3135/3338/1570 
f 3114/3317/1549 3127/3330/1562 3134/3337/1569 3119/3322/1554 
f 3126/3329/1561 3133/3336/1568 3134/3337/1569 3127/3330/1562 
f 3132/3335/1567 3135/3338/1570 3134/3337/1569 3133/3336/1568 
f 3116/3319/1551 3135/3338/1570 3136/3339/1571 3117/3340/1552 
f 3132/3335/1567 3137/3341/1572 3136/3339/1571 3135/3338/1570 
f 3138/3342/1573 3139/3343/1574 3136/3339/1571 3137/3341/1572 
f 3120/3344/1555 3117/3340/1552 3136/3339/1571 3139/3343/1574 
f 2864/3063/1299 2867/3066/1302 3140/3345/1575 3130/3333/1565 
f 2862/3061/1297 3141/3346/1576 3140/3345/1575 2867/3066/1302 
f 3138/3342/1573 3137/3341/1572 3140/3345/1575 3141/3346/1576 
f 3132/3335/1567 3130/3333/1565 3140/3345/1575 3137/3341/1572 
f 2858/3057/1293 2883/3082/1318 3142/3347/1577 2859/3058/1294 
f 2880/3079/1315 3143/3348/1578 3142/3347/1577 2883/3082/1318 
f 3138/3342/1573 3141/3346/1576 3142/3347/1577 3143/3348/1578 
f 2862/3061/1297 2859/3058/1294 3142/3347/1577 3141/3346/1576 
f 2876/3075/1311 2899/3098/1334 3144/3349/1579 2877/3076/1312 
f 2896/3095/1331 3145/3350/1580 3144/3349/1579 2899/3098/1334 
f 3138/3342/1573 3143/3348/1578 3144/3349/1579 3145/3350/1580 
f 2880/3079/1315 2877/3076/1312 3144/3349/1579 3143/3348/1578 
f 2892/3091/1327 2915/3114/1350 3146/3351/1581 2893/3092/1328 
f 2912/3111/1347 3147/3352/1582 3146/3351/1581 2915/3114/1350 
f 3138/3342/1573 3145/3350/1580 3146/3351/1581 3147/3352/1582 
f 2896/3095/1331 2893/3092/1328 3146/3351/1581 3145/3350/1580 
f 2908/3107/1343 2931/3353/1366 3148/3354/1583 2909/3108/1344 
f 2928/3355/1363 3149/3356/1584 3148/3354/1583 2931/3353/1366 
f 3138/3342/1573 3147/3352/1582 3148/3354/1583 3149/3356/1584 
f 2912/3111/1347 2909/3108/1344 3148/3354/1583 3147/3352/1582 
f 2924/3357/1359 2947/3358/1382 3150/3359/1585 2925/3360/1360 
f 2944/3361/1379 3151/3362/1586 3150/3359/1585 2947/3358/1382 
f 3138/3342/1573 3149/3356/1584 3150/3359/1585 3151/3362/1586 
f 2928/3355/1363 2925/3360/1360 3150/3359/1585 3149/3356/1584 
f 2940/3363/1375 2963/3364/1398 3152/3365/1587 2941/3366/1376 
f 2960/3367/1395 3153/3368/1588 3152/3365/1587 2963/3364/1398 
f 3138/3342/1573 3151/3362/1586 3152/3365/1587 3153/3368/1588 
f 2944/3361/1379 2941/3366/1376 3152/3365/1587 3151/3362/1586 
f 2956/3369/1391 2979/3370/1414 3154/3371/1589 2957/3372/1392 
f 2976/3373/1411 3155/3374/1590 3154/3371/1589 2979/3370/1414 
f 3138/3342/1573 3153/3368/1588 3154/3371/1589 3155/3374/1590 
f 2960/3367/1395 2957/3372/1392 3154/3371/1589 3153/3368/1588 
f 2972/3375/1407 2995/3376/1430 3156/3377/1591 2973/3378/1408 
f 2992/3379/1427 3157/3380/1592 3156/3377/1591 2995/3376/1430 
f 3138/3342/1573 3155/3374/1590 3156/3377/1591 3157/3380/1592 
f 2976/3373/1411 2973/3378/1408 3156/3377/1591 3155/3374/1590 
f 2988/3381/1423 3011/3382/1446 3158/3383/1593 2989/3384/1424 
f 3008/3385/1443 3159/3386/1594 3158/3383/1593 3011/3382/1446 
f 3138/3342/1573 3157/3380/1592 3158/3383/1593 3159/3386/1594 
f 2992/3379/1427 2989/3384/1424 3158/3383/1593 3157/3380/1592 
f 3004/3387/1439 3027/3388/1462 3160/3389/1595 3005/3390/1440 
f 3024/3391/1459 3161/3392/1596 3160/3389/1595 3027/3388/1462 
f 3138/3342/1573 3159/3386/1594 3160/3389/1595 3161/3392/1596 
f 3008/3385/1443 3005/3390/1440 3160/3389/1595 3159/3386/1594 
f 3020/3393/1455 3043/3394/1478 3162/3395/1597 3021/3396/1456 
f 3040/3397/1475 3163/3398/1598 3162/3395/1597 3043/3394/1478 
f 3138/3342/1573 3161/3392/1596 3162/3395/1597 3163/3398/1598 
f 3024/3391/1459 3021/3396/1456 3162/3395/1597 3161/3392/1596 
f 3036/3399/1471 3059/3400/1494 3164/3401/1599 3037/3402/1472 
f 3056/3403/1491 3165/3404/1600 3164/3401/1599 3059/3400/1494 
f 3138/3342/1573 3163/3398/1598 3164/3401/1599 3165/3404/1600 
f 3040/3397/1475 3037/3402/1472 3164/3401/1599 3163/3398/1598 
f 3052/3405/1487 3075/3406/1510 3166/3407/1601 3053/3408/1488 
f 3072/3409/1507 3167/3410/1602 3166/3407/1601 3075/3406/1510 
f 3138/3342/1573 3165/3404/1600 3166/3407/1601 3167/3410/1602 
f 3056/3403/1491 3053/3408/1488 3166/3407/1601 3165/3404/1600 
f 3068/3411/1503 3091/3412/1526 3168/3413/1603 3069/3414/1504 
f 3088/3415/1523 3169/3416/1604 3168/3413/1603 3091/3412/1526 
f 3138/3342/1573 3167/3410/1602 3168/3413/1603 3169/3416/1604 
f 3072/3409/1507 3069/3414/1504 3168/3413/1603 3167/3410/1602 
f 3084/3417/1519 3107/3418/1542 3170/3419/1605 3085/3420/1520 
f 3104/3421/1539 3171/3422/1606 3170/3419/1605 3107/3418/1542 
f 3138/3342/1573 3169/3416/1604 3170/3419/1605 3171/3422/1606 
f 3088/3415/1523 3085/3420/1520 3170/3419/1605 3169/3416/1604 
f 3100/3423/1535 3123/3424/1558 3172/3425/1607 3101/3426/1536 
f 3120/3344/1555 3139/3343/1574 3172/3425/1607 3123/3424/1558 
f 3138/3342/1573 3171/3422/1606 3172/3425/1607 3139/3343/1574 
f 3104/3421/1539 3101/3426/1536 3172/3425/1607 3171/3422/1606 
# 1584 polygons

#
# object Star001
#

v  -0.9806 0.0855 -1.6984
v  -3.3428 0.0855 -1.9299
v  -1.9612 0.0855 0.0000
v  -3.3428 0.0855 1.9299
v  -0.9806 0.0855 1.6984
v  0.0000 0.0855 3.8599
v  0.9806 0.0855 1.6984
v  3.3428 0.0855 1.9299
v  1.9612 0.0855 -0.0000
v  3.3428 0.0855 -1.9299
v  0.9806 0.0855 -1.6984
v  -0.0000 0.0855 -3.8599
# 12 vertices

vn 0.0000 -1.0000 -0.0000
vn 0.0000 1.0000 -0.0000
# 2 vertex normals

o Star001
g Star001
usemtl wire_224086086
s 1
f 3173//1608 3174//1609 3175//1608 3176//1609 3177//1608 3178//1609 3179//1608 3180//1609 3181//1608 3182//1609 3183//1608 3184//1609 
# 1 polygons

